#pragma once
#include <cstddef>
#include <cstdint>

// Generated by private/research/newmount/broom_clips.py from CD Animator's
// out/push_off, out/hover_idle and out/rider_lean. The broom's takeoff and
// Kliff's push-off, clips no pack holds, the broom's hover in place of its
// shipped idle, and both sides held still in level flight.
namespace bm::broomchart
{
    inline constexpr uint8_t kTakeoffClip[] = {
        0x50, 0x41, 0x52, 0x20, 0x02, 0x03, 0x00, 0x01, 0x02, 0x03, 0x04, 0x05, 0x06, 0x07, 0x08, 0x09, 0x0F, 0x00, 0x00, 0xC0,
        0x12, 0x00, 0xEB, 0x82, 0xA8, 0xEC, 0x9E, 0x90, 0x3B, 0xEB, 0xB9, 0x97, 0xEC, 0x9E, 0x90, 0xEB, 0xA3, 0xA8, 0x3B, 0x00,
        0x00, 0x00, 0x80, 0x3F, 0x00, 0x00, 0x80, 0x3F, 0x00, 0x00, 0x80, 0x3F, 0xFF, 0xFF, 0xC7, 0x34, 0xFA, 0xFF, 0xFF, 0x34,
        0xBE, 0xB7, 0x64, 0xB4, 0x00, 0x00, 0x80, 0x3F, 0x02, 0xD7, 0x23, 0x30, 0x00, 0x00, 0x00, 0x00, 0x12, 0xD7, 0x23, 0xB3,
        0x00, 0x00, 0x80, 0x3F, 0x00, 0x00, 0x80, 0x3F, 0x00, 0x00, 0x80, 0x3F, 0xFF, 0xFF, 0xC7, 0x34, 0xFA, 0xFF, 0xFF, 0x34,
        0xBE, 0xB7, 0x64, 0xB4, 0x00, 0x00, 0x80, 0x3F, 0x02, 0xD7, 0x23, 0x30, 0x00, 0x00, 0x00, 0x00, 0x12, 0xD7, 0x23, 0xB3,
        0x00, 0x00, 0x00, 0x00, 0x00, 0x00, 0x00, 0x40, 0x05, 0x00, 0x02, 0x00, 0x3E, 0x11, 0x00, 0x00, 0x8B, 0xE1, 0x5D, 0x5C,
        0x00, 0x00, 0x3D, 0x00, 0x00, 0x00, 0x0F, 0x80, 0x00, 0x80, 0x00, 0x00, 0x00, 0x3C, 0x01, 0x00, 0x0F, 0x80, 0x00, 0x80,
        0x00, 0x00, 0x00, 0x3C, 0x02, 0x00, 0x0F, 0x80, 0x00, 0x80, 0x00, 0x00, 0x00, 0x3C, 0x03, 0x00, 0x0F, 0x80, 0x00, 0x80,
        0x00, 0x00, 0x00, 0x3C, 0x04, 0x00, 0x0F, 0x80, 0x00, 0x80, 0x00, 0x00, 0x00, 0x3C, 0x05, 0x00, 0x0F, 0x80, 0x00, 0x80,
        0x00, 0x00, 0x00, 0x3C, 0x06, 0x00, 0x0F, 0x80, 0x00, 0x80, 0x00, 0x00, 0x00, 0x3C, 0x07, 0x00, 0x0F, 0x80, 0x00, 0x80,
        0x00, 0x00, 0x00, 0x3C, 0x08, 0x00, 0x0F, 0x80, 0x00, 0x80, 0x00, 0x00, 0x00, 0x3C, 0x09, 0x00, 0x0F, 0x80, 0x00, 0x80,
        0x00, 0x00, 0x00, 0x3C, 0x0A, 0x00, 0x0F, 0x80, 0x00, 0x80, 0x00, 0x00, 0x00, 0x3C, 0x0B, 0x00, 0x0F, 0x80, 0x00, 0x80,
        0x00, 0x00, 0x00, 0x3C, 0x0C, 0x00, 0x0F, 0x80, 0x00, 0x80, 0x00, 0x00, 0x00, 0x3C, 0x0D, 0x00, 0x0F, 0x80, 0x00, 0x80,
        0x00, 0x00, 0x00, 0x3C, 0x0E, 0x00, 0x0F, 0x80, 0x00, 0x80, 0x00, 0x00, 0x00, 0x3C, 0x0F, 0x00, 0x0F, 0x80, 0x00, 0x80,
        0x00, 0x00, 0x00, 0x3C, 0x10, 0x00, 0x0F, 0x80, 0x00, 0x80, 0x00, 0x00, 0x00, 0x3C, 0x11, 0x00, 0x0F, 0x80, 0x00, 0x80,
        0x00, 0x00, 0x00, 0x3C, 0x12, 0x00, 0x0F, 0x80, 0x00, 0x80, 0x00, 0x00, 0x00, 0x3C, 0x13, 0x00, 0x0F, 0x80, 0x00, 0x80,
        0x00, 0x00, 0x00, 0x3C, 0x14, 0x00, 0x0F, 0x80, 0x00, 0x80, 0x00, 0x00, 0x00, 0x3C, 0x15, 0x00, 0x0F, 0x80, 0x00, 0x80,
        0x00, 0x00, 0x00, 0x3C, 0x16, 0x00, 0x0F, 0x80, 0x00, 0x80, 0x00, 0x00, 0x00, 0x3C, 0x17, 0x00, 0x0F, 0x80, 0x00, 0x80,
        0x00, 0x00, 0x00, 0x3C, 0x18, 0x00, 0x0F, 0x80, 0x00, 0x80, 0x00, 0x00, 0x00, 0x3C, 0x19, 0x00, 0x0F, 0x80, 0x00, 0x80,
        0x00, 0x00, 0x00, 0x3C, 0x1A, 0x00, 0x0F, 0x80, 0x00, 0x80, 0x00, 0x00, 0x00, 0x3C, 0x1B, 0x00, 0x0F, 0x80, 0x00, 0x80,
        0x00, 0x00, 0x00, 0x3C, 0x1C, 0x00, 0x0F, 0x80, 0x00, 0x80, 0x00, 0x00, 0x00, 0x3C, 0x1D, 0x00, 0x0F, 0x80, 0x00, 0x80,
        0x00, 0x00, 0x00, 0x3C, 0x1E, 0x00, 0x0F, 0x80, 0x00, 0x80, 0x00, 0x00, 0x00, 0x3C, 0x1F, 0x00, 0x0F, 0x80, 0x00, 0x80,
        0x00, 0x00, 0x00, 0x3C, 0x20, 0x00, 0x0F, 0x80, 0x00, 0x80, 0x00, 0x00, 0x00, 0x3C, 0x21, 0x00, 0x0F, 0x80, 0x00, 0x80,
        0x00, 0x00, 0x00, 0x3C, 0x22, 0x00, 0x0F, 0x80, 0x00, 0x80, 0x00, 0x00, 0x00, 0x3C, 0x23, 0x00, 0x0F, 0x80, 0x00, 0x80,
        0x00, 0x00, 0x00, 0x3C, 0x24, 0x00, 0x0F, 0x80, 0x00, 0x80, 0x00, 0x00, 0x00, 0x3C, 0x25, 0x00, 0x0F, 0x80, 0x00, 0x80,
        0x00, 0x00, 0x00, 0x3C, 0x26, 0x00, 0x0F, 0x80, 0x00, 0x80, 0x00, 0x00, 0x00, 0x3C, 0x27, 0x00, 0x0F, 0x80, 0x00, 0x80,
        0x00, 0x00, 0x00, 0x3C, 0x28, 0x00, 0x0F, 0x80, 0x00, 0x80, 0x00, 0x00, 0x00, 0x3C, 0x29, 0x00, 0x0F, 0x80, 0x00, 0x80,
        0x00, 0x00, 0x00, 0x3C, 0x2A, 0x00, 0x0F, 0x80, 0x00, 0x80, 0x00, 0x00, 0x00, 0x3C, 0x2B, 0x00, 0x0F, 0x80, 0x00, 0x80,
        0x00, 0x00, 0x00, 0x3C, 0x2C, 0x00, 0x0F, 0x80, 0x00, 0x80, 0x00, 0x00, 0x00, 0x3C, 0x2D, 0x00, 0x0F, 0x80, 0x00, 0x80,
        0x00, 0x00, 0x00, 0x3C, 0x2E, 0x00, 0x0F, 0x80, 0x00, 0x80, 0x00, 0x00, 0x00, 0x3C, 0x2F, 0x00, 0x0F, 0x80, 0x00, 0x80,
        0x00, 0x00, 0x00, 0x3C, 0x30, 0x00, 0x0F, 0x80, 0x00, 0x80, 0x00, 0x00, 0x00, 0x3C, 0x31, 0x00, 0x0F, 0x80, 0x00, 0x80,
        0x00, 0x00, 0x00, 0x3C, 0x32, 0x00, 0x0F, 0x80, 0x00, 0x80, 0x00, 0x00, 0x00, 0x3C, 0x33, 0x00, 0x0F, 0x80, 0x00, 0x80,
        0x00, 0x00, 0x00, 0x3C, 0x34, 0x00, 0x0F, 0x80, 0x00, 0x80, 0x00, 0x00, 0x00, 0x3C, 0x35, 0x00, 0x0F, 0x80, 0x00, 0x80,
        0x00, 0x00, 0x00, 0x3C, 0x36, 0x00, 0x0F, 0x80, 0x00, 0x80, 0x00, 0x00, 0x00, 0x3C, 0x37, 0x00, 0x0F, 0x80, 0x00, 0x80,
        0x00, 0x00, 0x00, 0x3C, 0x38, 0x00, 0x0F, 0x80, 0x00, 0x80, 0x00, 0x00, 0x00, 0x3C, 0x39, 0x00, 0x0F, 0x80, 0x00, 0x80,
        0x00, 0x00, 0x00, 0x3C, 0x3A, 0x00, 0x0F, 0x80, 0x00, 0x80, 0x00, 0x00, 0x00, 0x3C, 0x3B, 0x00, 0x0F, 0x80, 0x00, 0x80,
        0x00, 0x00, 0x00, 0x3C, 0x3C, 0x00, 0x0F, 0x80, 0x00, 0x80, 0x00, 0x00, 0x00, 0x3C, 0x3D, 0x00, 0x00, 0x00, 0x00, 0x04,
        0x02, 0x80, 0x00, 0x80, 0x01, 0x00, 0x00, 0x04, 0x9D, 0xA1, 0x1F, 0x1B, 0x02, 0x00, 0x00, 0x04, 0x9A, 0xAA, 0x30, 0x24,
        0x03, 0x00, 0x00, 0x04, 0x45, 0xB0, 0x6B, 0x29, 0x04, 0x00, 0x00, 0x04, 0x15, 0xB4, 0x2D, 0x2D, 0x05, 0x00, 0x00, 0x04,
        0xCC, 0xB5, 0x5A, 0x2F, 0x06, 0x00, 0x00, 0x04, 0x68, 0xB6, 0x10, 0x30, 0x07, 0x00, 0x00, 0x04, 0x68, 0xB6, 0x10, 0x30,
        0x08, 0x00, 0x00, 0x04, 0x68, 0xB6, 0x10, 0x30, 0x09, 0x00, 0x00, 0x04, 0x68, 0xB6, 0x10, 0x30, 0x0A, 0x00, 0x00, 0x04,
        0xA2, 0xB5, 0x25, 0x2F, 0x0B, 0x00, 0x00, 0x04, 0x52, 0xB3, 0xA5, 0x2C, 0x0C, 0x00, 0x00, 0x04, 0xEB, 0xAC, 0x3D, 0x26,
        0x0D, 0x00, 0x00, 0x04, 0x02, 0x80, 0x00, 0x80, 0x0E, 0x00, 0x00, 0x04, 0x02, 0x80, 0x00, 0x80, 0x0F, 0x00, 0x00, 0x04,
        0x02, 0x80, 0x00, 0x80, 0x10, 0x00, 0x00, 0x04, 0x02, 0x80, 0x00, 0x80, 0x11, 0x00, 0x00, 0x04, 0x02, 0x80, 0x00, 0x80,
        0x12, 0x00, 0x00, 0x04, 0x02, 0x80, 0x00, 0x80, 0x13, 0x00, 0x00, 0x04, 0x02, 0x80, 0x00, 0x80, 0x14, 0x00, 0x00, 0x04,
        0x02, 0x80, 0x00, 0x80, 0x15, 0x00, 0x00, 0x04, 0x02, 0x80, 0x00, 0x80, 0x16, 0x00, 0x00, 0x04, 0x02, 0x80, 0x00, 0x80,
        0x17, 0x00, 0x00, 0x04, 0x02, 0x80, 0x00, 0x80, 0x18, 0x00, 0x00, 0x04, 0x02, 0x80, 0x00, 0x80, 0x19, 0x00, 0x00, 0x04,
        0x02, 0x80, 0x00, 0x80, 0x1A, 0x00, 0x00, 0x04, 0x02, 0x80, 0x00, 0x80, 0x1B, 0x00, 0x00, 0x04, 0x02, 0x80, 0x00, 0x80,
        0x1C, 0x00, 0x00, 0x04, 0x02, 0x80, 0x00, 0x80, 0x1D, 0x00, 0x00, 0x04, 0x02, 0x80, 0x00, 0x80, 0x1E, 0x00, 0x00, 0x04,
        0x02, 0x80, 0x00, 0x80, 0x1F, 0x00, 0x00, 0x04, 0x02, 0x80, 0x00, 0x80, 0x20, 0x00, 0x00, 0x04, 0x02, 0x80, 0x00, 0x80,
        0x21, 0x00, 0x00, 0x04, 0x02, 0x80, 0x00, 0x80, 0x22, 0x00, 0x00, 0x04, 0x02, 0x80, 0x00, 0x80, 0x23, 0x00, 0x00, 0x04,
        0x02, 0x80, 0x00, 0x80, 0x24, 0x00, 0x00, 0x04, 0x02, 0x80, 0x00, 0x80, 0x25, 0x00, 0x00, 0x04, 0x02, 0x80, 0x00, 0x80,
        0x26, 0x00, 0x00, 0x04, 0x02, 0x80, 0x00, 0x80, 0x27, 0x00, 0x00, 0x04, 0x02, 0x80, 0x00, 0x80, 0x28, 0x00, 0x00, 0x04,
        0x02, 0x80, 0x00, 0x80, 0x29, 0x00, 0x00, 0x04, 0x02, 0x80, 0x00, 0x80, 0x2A, 0x00, 0x00, 0x04, 0x02, 0x80, 0x00, 0x80,
        0x2B, 0x00, 0x00, 0x04, 0x02, 0x80, 0x00, 0x80, 0x2C, 0x00, 0x00, 0x04, 0x02, 0x80, 0x00, 0x80, 0x2D, 0x00, 0x00, 0x04,
        0x02, 0x80, 0x00, 0x80, 0x2E, 0x00, 0x00, 0x04, 0x02, 0x80, 0x00, 0x80, 0x2F, 0x00, 0x00, 0x04, 0x02, 0x80, 0x00, 0x80,
        0x30, 0x00, 0x00, 0x04, 0x02, 0x80, 0x00, 0x80, 0x31, 0x00, 0x00, 0x04, 0x02, 0x80, 0x00, 0x80, 0x32, 0x00, 0x00, 0x04,
        0x02, 0x80, 0x00, 0x80, 0x33, 0x00, 0x00, 0x04, 0x02, 0x80, 0x00, 0x80, 0x34, 0x00, 0x00, 0x04, 0x02, 0x80, 0x00, 0x80,
        0x35, 0x00, 0x00, 0x04, 0x02, 0x80, 0x00, 0x80, 0x36, 0x00, 0x00, 0x04, 0x02, 0x80, 0x00, 0x80, 0x37, 0x00, 0x00, 0x04,
        0x02, 0x80, 0x00, 0x80, 0x38, 0x00, 0x00, 0x04, 0x02, 0x80, 0x00, 0x80, 0x39, 0x00, 0x00, 0x04, 0x02, 0x80, 0x00, 0x80,
        0x3A, 0x00, 0x00, 0x04, 0x02, 0x80, 0x00, 0x80, 0x3B, 0x00, 0x00, 0x04, 0x02, 0x80, 0x00, 0x80, 0x3C, 0x00, 0x00, 0x04,
        0x02, 0x80, 0x00, 0x80, 0x38, 0xB9, 0x77, 0x37, 0x00, 0x00, 0x02, 0x00, 0x00, 0x00, 0x0E, 0x80, 0x00, 0x80, 0x00, 0x80,
        0x00, 0x3C, 0x3C, 0x00, 0x0E, 0x80, 0x00, 0x80, 0x00, 0x80, 0x00, 0x3C, 0x02, 0x00, 0x00, 0x00, 0x00, 0x00, 0x1A, 0x80,
        0x00, 0x00, 0x3C, 0x00, 0x00, 0x00, 0x1A, 0x80, 0x00, 0x00, 0x90, 0x23, 0xD1, 0x50, 0x00, 0x00, 0x02, 0x00, 0x00, 0x00,
        0x0F, 0x80, 0x00, 0x80, 0x00, 0x80, 0x00, 0x3C, 0x3C, 0x00, 0x0F, 0x80, 0x00, 0x80, 0x00, 0x80, 0x00, 0x3C, 0x02, 0x00,
        0x00, 0x00, 0x00, 0x00, 0x00, 0x00, 0x00, 0x00, 0x3C, 0x00, 0x00, 0x00, 0x00, 0x00, 0x00, 0x00, 0x67, 0xD4, 0x82, 0xF8,
        0x00, 0x00, 0x02, 0x00, 0x00, 0x00, 0xE5, 0xB0, 0x01, 0x00, 0x00, 0x00, 0xE8, 0x3B, 0x3C, 0x00, 0xE5, 0xB0, 0x01, 0x00,
        0x00, 0x00, 0xE8, 0x3B, 0x02, 0x00, 0x00, 0x00, 0x01, 0x00, 0x02, 0x00, 0x00, 0x80, 0x3C, 0x00, 0x01, 0x00, 0x02, 0x00,
        0x00, 0x80, 0x3C, 0x44, 0x92, 0xC3, 0x00, 0x00, 0x02, 0x00, 0x00, 0x00, 0xE5, 0xB0, 0x01, 0x00, 0x00, 0x00, 0xE8, 0x3B,
        0x3C, 0x00, 0xE5, 0xB0, 0x01, 0x00, 0x00, 0x00, 0xE8, 0x3B, 0x02, 0x00, 0x00, 0x00, 0x01, 0x00, 0x02, 0x00, 0x00, 0x80,
        0x3C, 0x00, 0x01, 0x00, 0x02, 0x00, 0x00, 0x80, 0x15, 0xF1, 0x6F, 0x52, 0x00, 0x00, 0x3D, 0x00, 0x00, 0x00, 0x00, 0x80,
        0x00, 0x80, 0x00, 0x80, 0x00, 0x3C, 0x01, 0x00, 0x00, 0x80, 0x00, 0x80, 0x00, 0x80, 0x00, 0x3C, 0x02, 0x00, 0x00, 0x80,
        0x00, 0x80, 0x00, 0x80, 0x00, 0x3C, 0x03, 0x00, 0x00, 0x80, 0x00, 0x80, 0x00, 0x80, 0x00, 0x3C, 0x04, 0x00, 0x00, 0x80,
        0x00, 0x80, 0x00, 0x80, 0x00, 0x3C, 0x05, 0x00, 0x00, 0x80, 0x00, 0x80, 0x00, 0x80, 0x00, 0x3C, 0x06, 0x00, 0x00, 0x80,
        0x00, 0x80, 0x00, 0x80, 0x00, 0x3C, 0x07, 0x00, 0x00, 0x80, 0x00, 0x80, 0x00, 0x80, 0x00, 0x3C, 0x08, 0x00, 0x00, 0x80,
        0x00, 0x80, 0x00, 0x80, 0x00, 0x3C, 0x09, 0x00, 0x00, 0x80, 0x00, 0x80, 0x00, 0x80, 0x00, 0x3C, 0x0A, 0x00, 0x00, 0x80,
        0x00, 0x80, 0x00, 0x80, 0x00, 0x3C, 0x0B, 0x00, 0x00, 0x80, 0x00, 0x80, 0x00, 0x80, 0x00, 0x3C, 0x0C, 0x00, 0x00, 0x80,
        0x00, 0x80, 0x00, 0x80, 0x00, 0x3C, 0x0D, 0x00, 0x00, 0x80, 0x00, 0x80, 0x00, 0x80, 0x00, 0x3C, 0x0E, 0x00, 0x00, 0x80,
        0x00, 0x80, 0x00, 0x80, 0x00, 0x3C, 0x0F, 0x00, 0x00, 0x80, 0x00, 0x80, 0x00, 0x80, 0x00, 0x3C, 0x10, 0x00, 0x00, 0x80,
        0x00, 0x80, 0x00, 0x80, 0x00, 0x3C, 0x11, 0x00, 0x00, 0x80, 0x00, 0x80, 0x00, 0x80, 0x00, 0x3C, 0x12, 0x00, 0x00, 0x80,
        0x00, 0x80, 0x00, 0x80, 0x00, 0x3C, 0x13, 0x00, 0x00, 0x80, 0x00, 0x80, 0x00, 0x80, 0x00, 0x3C, 0x14, 0x00, 0x00, 0x80,
        0x00, 0x80, 0x00, 0x80, 0x00, 0x3C, 0x15, 0x00, 0x00, 0x80, 0x00, 0x80, 0x00, 0x80, 0x00, 0x3C, 0x16, 0x00, 0x00, 0x80,
        0x00, 0x80, 0x00, 0x80, 0x00, 0x3C, 0x17, 0x00, 0x00, 0x80, 0x00, 0x80, 0x00, 0x80, 0x00, 0x3C, 0x18, 0x00, 0x00, 0x80,
        0x00, 0x80, 0x00, 0x80, 0x00, 0x3C, 0x19, 0x00, 0x00, 0x80, 0x00, 0x80, 0x00, 0x80, 0x00, 0x3C, 0x1A, 0x00, 0x00, 0x80,
        0x00, 0x80, 0x00, 0x80, 0x00, 0x3C, 0x1B, 0x00, 0x00, 0x80, 0x00, 0x80, 0x00, 0x80, 0x00, 0x3C, 0x1C, 0x00, 0x00, 0x80,
        0x00, 0x80, 0x00, 0x80, 0x00, 0x3C, 0x1D, 0x00, 0x00, 0x80, 0x00, 0x80, 0x00, 0x80, 0x00, 0x3C, 0x1E, 0x00, 0x00, 0x80,
        0x00, 0x80, 0x00, 0x80, 0x00, 0x3C, 0x1F, 0x00, 0x00, 0x80, 0x00, 0x80, 0x00, 0x80, 0x00, 0x3C, 0x20, 0x00, 0x00, 0x80,
        0x00, 0x80, 0x00, 0x80, 0x00, 0x3C, 0x21, 0x00, 0x00, 0x80, 0x00, 0x80, 0x00, 0x80, 0x00, 0x3C, 0x22, 0x00, 0x00, 0x80,
        0x00, 0x80, 0x00, 0x80, 0x00, 0x3C, 0x23, 0x00, 0x00, 0x80, 0x00, 0x80, 0x00, 0x80, 0x00, 0x3C, 0x24, 0x00, 0x00, 0x80,
        0x00, 0x80, 0x00, 0x80, 0x00, 0x3C, 0x25, 0x00, 0x00, 0x80, 0x00, 0x80, 0x00, 0x80, 0x00, 0x3C, 0x26, 0x00, 0x00, 0x80,
        0x00, 0x80, 0x00, 0x80, 0x00, 0x3C, 0x27, 0x00, 0x00, 0x80, 0x00, 0x80, 0x00, 0x80, 0x00, 0x3C, 0x28, 0x00, 0x00, 0x80,
        0x00, 0x80, 0x00, 0x80, 0x00, 0x3C, 0x29, 0x00, 0x00, 0x80, 0x00, 0x80, 0x00, 0x80, 0x00, 0x3C, 0x2A, 0x00, 0x00, 0x80,
        0x00, 0x80, 0x00, 0x80, 0x00, 0x3C, 0x2B, 0x00, 0x00, 0x80, 0x00, 0x80, 0x00, 0x80, 0x00, 0x3C, 0x2C, 0x00, 0x00, 0x80,
        0x00, 0x80, 0x00, 0x80, 0x00, 0x3C, 0x2D, 0x00, 0x00, 0x80, 0x00, 0x80, 0x00, 0x80, 0x00, 0x3C, 0x2E, 0x00, 0x00, 0x80,
        0x00, 0x80, 0x00, 0x80, 0x00, 0x3C, 0x2F, 0x00, 0x00, 0x80, 0x00, 0x80, 0x00, 0x80, 0x00, 0x3C, 0x30, 0x00, 0x00, 0x80,
        0x00, 0x80, 0x00, 0x80, 0x00, 0x3C, 0x31, 0x00, 0x00, 0x80, 0x00, 0x80, 0x00, 0x80, 0x00, 0x3C, 0x32, 0x00, 0x00, 0x80,
        0x00, 0x80, 0x00, 0x80, 0x00, 0x3C, 0x33, 0x00, 0x00, 0x80, 0x00, 0x80, 0x00, 0x80, 0x00, 0x3C, 0x34, 0x00, 0x00, 0x80,
        0x00, 0x80, 0x00, 0x80, 0x00, 0x3C, 0x35, 0x00, 0x00, 0x80, 0x00, 0x80, 0x00, 0x80, 0x00, 0x3C, 0x36, 0x00, 0x00, 0x80,
        0x00, 0x80, 0x00, 0x80, 0x00, 0x3C, 0x37, 0x00, 0x00, 0x80, 0x00, 0x80, 0x00, 0x80, 0x00, 0x3C, 0x38, 0x00, 0x00, 0x80,
        0x00, 0x80, 0x00, 0x80, 0x00, 0x3C, 0x39, 0x00, 0x00, 0x80, 0x00, 0x80, 0x00, 0x80, 0x00, 0x3C, 0x3A, 0x00, 0x00, 0x80,
        0x00, 0x80, 0x00, 0x80, 0x00, 0x3C, 0x3B, 0x00, 0x00, 0x80, 0x00, 0x80, 0x00, 0x80, 0x00, 0x3C, 0x3C, 0x00, 0x00, 0x80,
        0x00, 0x80, 0x00, 0x80, 0x00, 0x3C, 0x3D, 0x00, 0x00, 0x00, 0x8E, 0x9F, 0x1C, 0x55, 0x49, 0x2E, 0x3D, 0x41, 0x31, 0xA2,
        0x58, 0x78, 0xA9, 0xAC, 0x01, 0x00, 0x8E, 0x9F, 0x1C, 0x55, 0x49, 0x2E, 0x3D, 0x41, 0x31, 0xA2, 0x58, 0x78, 0xA9, 0xAC,
        0x02, 0x00, 0x8E, 0x9F, 0x1C, 0x55, 0x49, 0x2E, 0x3D, 0x41, 0x31, 0xA2, 0x58, 0x78, 0xA9, 0xAC, 0x03, 0x00, 0x8E, 0x9F,
        0x1C, 0x55, 0x49, 0x2E, 0x3D, 0x41, 0x31, 0xA2, 0x58, 0x78, 0xA9, 0xAC, 0x04, 0x00, 0x8E, 0x9F, 0x1C, 0x55, 0x49, 0x2E,
        0x3D, 0x41, 0x31, 0xA2, 0x58, 0x78, 0xA9, 0xAC, 0x05, 0x00, 0x8E, 0x9F, 0x1C, 0x55, 0x49, 0x2E, 0x3D, 0x41, 0x31, 0xA2,
        0x58, 0x78, 0xA9, 0xAC, 0x06, 0x00, 0x8E, 0x9F, 0x1C, 0x55, 0x49, 0x2E, 0x3D, 0x41, 0x31, 0xA2, 0x58, 0x78, 0xA9, 0xAC,
        0x07, 0x00, 0x8E, 0x9F, 0x1C, 0x55, 0x49, 0x2E, 0x3D, 0x41, 0x31, 0xA2, 0x58, 0x78, 0xA9, 0xAC, 0x08, 0x00, 0x8E, 0x9F,
        0x1C, 0x55, 0x49, 0x2E, 0x3D, 0x41, 0x31, 0xA2, 0x58, 0x78, 0xA9, 0xAC, 0x09, 0x00, 0x8E, 0x9F, 0x1C, 0x55, 0x49, 0x2E,
        0x3D, 0x41, 0x31, 0xA2, 0x58, 0x78, 0xA9, 0xAC, 0x0A, 0x00, 0x8E, 0x9F, 0xAD, 0xA8, 0x52, 0xB2, 0xCA, 0x88, 0xB5, 0x3D,
        0x49, 0x91, 0xC2, 0xBC, 0x0B, 0x00, 0x8E, 0x9F, 0x57, 0x0D, 0xD3, 0xB2, 0xCA, 0x88, 0x35, 0x3E, 0x49, 0x91, 0x42, 0xBD,
        0x0C, 0x00, 0x8E, 0x9F, 0x2D, 0x63, 0x1E, 0xB3, 0x97, 0x26, 0x88, 0x3E, 0xF6, 0xEC, 0x91, 0xBD, 0x0D, 0x00, 0x8E, 0x9F,
        0xAD, 0x3F, 0x53, 0xB3, 0xCA, 0x88, 0xB5, 0x3E, 0x49, 0x91, 0xC2, 0xBD, 0x0E, 0x00, 0x8E, 0x9F, 0x16, 0x0E, 0x84, 0xB3,
        0xFC, 0xEA, 0xE2, 0x3E, 0x9B, 0x35, 0xF3, 0xBD, 0x0F, 0x00, 0x8E, 0x9F, 0x57, 0x7C, 0x9E, 0xB3, 0x97, 0x26, 0x08, 0x3F,
        0xF6, 0xEC, 0x11, 0xBE, 0x10, 0x00, 0x8E, 0x9F, 0x97, 0xEA, 0xB8, 0xB3, 0xB0, 0xD7, 0x1E, 0x3F, 0x20, 0x3F, 0x2A, 0xBE,
        0x11, 0x00, 0x8E, 0x9F, 0xD7, 0x58, 0xD3, 0xB3, 0xCA, 0x88, 0x35, 0x3F, 0x49, 0x91, 0x42, 0xBE, 0x12, 0x00, 0x8E, 0x9F,
        0x17, 0xC7, 0xED, 0xB3, 0xE3, 0x39, 0x4C, 0x3F, 0x71, 0xE3, 0x5A, 0xBE, 0x13, 0x00, 0x8E, 0x9F, 0xAC, 0x1A, 0x04, 0xB4,
        0xFC, 0xEA, 0x62, 0x3F, 0x9B, 0x35, 0x73, 0xBE, 0x14, 0x00, 0x8E, 0x9F, 0xCC, 0x51, 0x11, 0xB4, 0x15, 0x9C, 0x79, 0x3F,
        0xE2, 0xC3, 0x85, 0xBE, 0x15, 0x00, 0x8E, 0x9F, 0xED, 0x88, 0x1E, 0xB4, 0x97, 0x26, 0x88, 0x3F, 0xF6, 0xEC, 0x91, 0xBE,
        0x16, 0x00, 0x8E, 0x9F, 0x0D, 0xC0, 0x2B, 0xB4, 0x24, 0x7F, 0x93, 0x3F, 0x0B, 0x16, 0x9E, 0xBE, 0x17, 0x00, 0x8E, 0x9F,
        0x2D, 0xF7, 0x38, 0xB4, 0xB0, 0xD7, 0x9E, 0x3F, 0x20, 0x3F, 0xAA, 0xBE, 0x18, 0x00, 0x8E, 0x9F, 0x4D, 0x2E, 0x46, 0xB4,
        0x3D, 0x30, 0xAA, 0x3F, 0x34, 0x68, 0xB6, 0xBE, 0x19, 0x00, 0x8E, 0x9F, 0x6D, 0x65, 0x53, 0xB4, 0xCA, 0x88, 0xB5, 0x3F,
        0x49, 0x91, 0xC2, 0xBE, 0x1A, 0x00, 0x8E, 0x9F, 0x8D, 0x9C, 0x60, 0xB4, 0x56, 0xE1, 0xC0, 0x3F, 0x5D, 0xBA, 0xCE, 0xBE,
        0x1B, 0x00, 0x8E, 0x9F, 0xAD, 0xD3, 0x6D, 0xB4, 0xE3, 0x39, 0xCC, 0x3F, 0x71, 0xE3, 0xDA, 0xBE, 0x1C, 0x00, 0x8E, 0x9F,
        0xCD, 0x0A, 0x7B, 0xB4, 0x6F, 0x92, 0xD7, 0x3F, 0x86, 0x0C, 0xE7, 0xBE, 0x1D, 0x00, 0x8E, 0x9F, 0xF6, 0x20, 0x84, 0xB4,
        0xFC, 0xEA, 0xE2, 0x3F, 0x9B, 0x35, 0xF3, 0xBE, 0x1E, 0x00, 0x8E, 0x9F, 0x86, 0xBC, 0x8A, 0xB4, 0x89, 0x43, 0xEE, 0x3F,
        0xAF, 0x5E, 0xFF, 0xBE, 0x1F, 0x00, 0x8E, 0x9F, 0x16, 0x58, 0x91, 0xB4, 0x15, 0x9C, 0xF9, 0x3F, 0xE2, 0xC3, 0x05, 0xBF,
        0x20, 0x00, 0x8E, 0x9F, 0xA6, 0xF3, 0x97, 0xB4, 0x51, 0x7A, 0x02, 0x40, 0x6C, 0xD8, 0x0B, 0xBF, 0x21, 0x00, 0x8E, 0x9F,
        0x37, 0x8F, 0x9E, 0xB4, 0x97, 0x26, 0x08, 0x40, 0xF6, 0xEC, 0x11, 0xBF, 0x22, 0x00, 0x8E, 0x9F, 0xC7, 0x2A, 0xA5, 0xB4,
        0xDE, 0xD2, 0x0D, 0x40, 0x81, 0x01, 0x18, 0xBF, 0x23, 0x00, 0x8E, 0x9F, 0x57, 0xC6, 0xAB, 0xB4, 0x24, 0x7F, 0x13, 0x40,
        0x0B, 0x16, 0x1E, 0xBF, 0x24, 0x00, 0x8E, 0x9F, 0xE7, 0x61, 0xB2, 0xB4, 0x6A, 0x2B, 0x19, 0x40, 0x95, 0x2A, 0x24, 0xBF,
        0x25, 0x00, 0x8E, 0x9F, 0x77, 0xFD, 0xB8, 0xB4, 0xB0, 0xD7, 0x1E, 0x40, 0x20, 0x3F, 0x2A, 0xBF, 0x26, 0x00, 0x8E, 0x9F,
        0x07, 0x99, 0xBF, 0xB4, 0xF6, 0x83, 0x24, 0x40, 0xAA, 0x53, 0x30, 0xBF, 0x27, 0x00, 0x8E, 0x9F, 0x97, 0x34, 0xC6, 0xB4,
        0x3D, 0x30, 0x2A, 0x40, 0x34, 0x68, 0x36, 0xBF, 0x28, 0x00, 0x8E, 0x9F, 0x27, 0xD0, 0xCC, 0xB4, 0x83, 0xDC, 0x2F, 0x40,
        0xBE, 0x7C, 0x3C, 0xBF, 0x29, 0x00, 0x8E, 0x9F, 0xB7, 0x6B, 0xD3, 0xB4, 0xCA, 0x88, 0x35, 0x40, 0x49, 0x91, 0x42, 0xBF,
        0x2A, 0x00, 0x8E, 0x9F, 0x47, 0x07, 0xDA, 0xB4, 0x10, 0x35, 0x3B, 0x40, 0xD3, 0xA5, 0x48, 0xBF, 0x2B, 0x00, 0x8E, 0x9F,
        0xD7, 0xA2, 0xE0, 0xB4, 0x56, 0xE1, 0x40, 0x40, 0x5D, 0xBA, 0x4E, 0xBF, 0x2C, 0x00, 0x8E, 0x9F, 0x67, 0x3E, 0xE7, 0xB4,
        0x9D, 0x8D, 0x46, 0x40, 0xE7, 0xCE, 0x54, 0xBF, 0x2D, 0x00, 0x8E, 0x9F, 0xF7, 0xD9, 0xED, 0xB4, 0xE3, 0x39, 0x4C, 0x40,
        0x71, 0xE3, 0x5A, 0xBF, 0x2E, 0x00, 0x8E, 0x9F, 0x87, 0x75, 0xF4, 0xB4, 0x2A, 0xE6, 0x51, 0x40, 0xFC, 0xF7, 0x60, 0xBF,
        0x2F, 0x00, 0x8E, 0x9F, 0x17, 0x11, 0xFB, 0xB4, 0x6F, 0x92, 0x57, 0x40, 0x86, 0x0C, 0x67, 0xBF, 0x30, 0x00, 0x8E, 0x9F,
        0x54, 0xD6, 0x00, 0xB5, 0xB5, 0x3E, 0x5D, 0x40, 0x10, 0x21, 0x6D, 0xBF, 0x31, 0x00, 0x8E, 0x9F, 0x1C, 0x24, 0x04, 0xB5,
        0xFC, 0xEA, 0x62, 0x40, 0x9B, 0x35, 0x73, 0xBF, 0x32, 0x00, 0x8E, 0x9F, 0xE5, 0x71, 0x07, 0xB5, 0x42, 0x97, 0x68, 0x40,
        0x25, 0x4A, 0x79, 0xBF, 0x33, 0x00, 0x8E, 0x9F, 0xAC, 0xBF, 0x0A, 0xB5, 0x89, 0x43, 0x6E, 0x40, 0xAF, 0x5E, 0x7F, 0xBF,
        0x34, 0x00, 0x8E, 0x9F, 0x75, 0x0D, 0x0E, 0xB5, 0xCF, 0xEF, 0x73, 0x40, 0x9D, 0xB9, 0x82, 0xBF, 0x35, 0x00, 0x8E, 0x9F,
        0x3C, 0x5B, 0x11, 0xB5, 0x15, 0x9C, 0x79, 0x40, 0xE2, 0xC3, 0x85, 0xBF, 0x36, 0x00, 0x8E, 0x9F, 0x05, 0xA9, 0x14, 0xB5,
        0x5C, 0x48, 0x7F, 0x40, 0x27, 0xCE, 0x88, 0xBF, 0x37, 0x00, 0x8E, 0x9F, 0xCC, 0xF6, 0x17, 0xB5, 0x51, 0x7A, 0x82, 0x40,
        0x6C, 0xD8, 0x8B, 0xBF, 0x38, 0x00, 0x8E, 0x9F, 0x95, 0x44, 0x1B, 0xB5, 0x74, 0x50, 0x85, 0x40, 0xB1, 0xE2, 0x8E, 0xBF,
        0x39, 0x00, 0x8E, 0x9F, 0x5D, 0x92, 0x1E, 0xB5, 0x97, 0x26, 0x88, 0x40, 0xF6, 0xEC, 0x91, 0xBF, 0x3A, 0x00, 0x8E, 0x9F,
        0x25, 0xE0, 0x21, 0xB5, 0xBB, 0xFC, 0x8A, 0x40, 0x3C, 0xF7, 0x94, 0xBF, 0x3B, 0x00, 0x8E, 0x9F, 0xED, 0x2D, 0x25, 0xB5,
        0xDE, 0xD2, 0x8D, 0x40, 0x81, 0x01, 0x98, 0xBF, 0x3C, 0x00, 0x8E, 0x9F, 0xB5, 0x7B, 0x28, 0xB5, 0x01, 0xA9, 0x90, 0x40,
        0xC5, 0x0B, 0x9B, 0xBF, 0xB8, 0xE7, 0x9A, 0xE1, 0x00, 0x00, 0x3D, 0x00, 0x00, 0x00, 0xE5, 0x30, 0x03, 0x80, 0x00, 0x80,
        0xE8, 0x3B, 0x01, 0x00, 0xE5, 0x30, 0x03, 0x80, 0x00, 0x80, 0xE8, 0x3B, 0x02, 0x00, 0xE5, 0x30, 0x03, 0x80, 0x00, 0x80,
        0xE8, 0x3B, 0x03, 0x00, 0xE5, 0x30, 0x03, 0x80, 0x00, 0x80, 0xE8, 0x3B, 0x04, 0x00, 0xE5, 0x30, 0x03, 0x80, 0x00, 0x80,
        0xE8, 0x3B, 0x05, 0x00, 0xE5, 0x30, 0x03, 0x80, 0x00, 0x80, 0xE8, 0x3B, 0x06, 0x00, 0xE5, 0x30, 0x03, 0x80, 0x00, 0x80,
        0xE8, 0x3B, 0x07, 0x00, 0xE5, 0x30, 0x03, 0x80, 0x00, 0x80, 0xE8, 0x3B, 0x08, 0x00, 0xE5, 0x30, 0x03, 0x80, 0x00, 0x80,
        0xE8, 0x3B, 0x09, 0x00, 0xE5, 0x30, 0x03, 0x80, 0x00, 0x80, 0xE8, 0x3B, 0x0A, 0x00, 0xE5, 0x30, 0x03, 0x80, 0x00, 0x80,
        0xE8, 0x3B, 0x0B, 0x00, 0xE5, 0x30, 0x03, 0x80, 0x00, 0x80, 0xE8, 0x3B, 0x0C, 0x00, 0xE5, 0x30, 0x03, 0x80, 0x00, 0x80,
        0xE8, 0x3B, 0x0D, 0x00, 0xE5, 0x30, 0x03, 0x80, 0x00, 0x80, 0xE8, 0x3B, 0x0E, 0x00, 0xE5, 0x30, 0x03, 0x80, 0x00, 0x80,
        0xE8, 0x3B, 0x0F, 0x00, 0xE5, 0x30, 0x03, 0x80, 0x00, 0x80, 0xE8, 0x3B, 0x10, 0x00, 0xE5, 0x30, 0x03, 0x80, 0x00, 0x80,
        0xE8, 0x3B, 0x11, 0x00, 0xE5, 0x30, 0x03, 0x80, 0x00, 0x80, 0xE8, 0x3B, 0x12, 0x00, 0xE5, 0x30, 0x03, 0x80, 0x00, 0x80,
        0xE8, 0x3B, 0x13, 0x00, 0xE5, 0x30, 0x03, 0x80, 0x00, 0x80, 0xE8, 0x3B, 0x14, 0x00, 0xE5, 0x30, 0x03, 0x80, 0x00, 0x80,
        0xE8, 0x3B, 0x15, 0x00, 0xE5, 0x30, 0x03, 0x80, 0x00, 0x80, 0xE8, 0x3B, 0x16, 0x00, 0xE5, 0x30, 0x03, 0x80, 0x00, 0x80,
        0xE8, 0x3B, 0x17, 0x00, 0xE5, 0x30, 0x03, 0x80, 0x00, 0x80, 0xE8, 0x3B, 0x18, 0x00, 0xE5, 0x30, 0x03, 0x80, 0x00, 0x80,
        0xE8, 0x3B, 0x19, 0x00, 0xE5, 0x30, 0x03, 0x80, 0x00, 0x80, 0xE8, 0x3B, 0x1A, 0x00, 0xE5, 0x30, 0x03, 0x80, 0x00, 0x80,
        0xE8, 0x3B, 0x1B, 0x00, 0xE5, 0x30, 0x03, 0x80, 0x00, 0x80, 0xE8, 0x3B, 0x1C, 0x00, 0xE5, 0x30, 0x03, 0x80, 0x00, 0x80,
        0xE8, 0x3B, 0x1D, 0x00, 0xE5, 0x30, 0x03, 0x80, 0x00, 0x80, 0xE8, 0x3B, 0x1E, 0x00, 0xE5, 0x30, 0x03, 0x80, 0x00, 0x80,
        0xE8, 0x3B, 0x1F, 0x00, 0xE5, 0x30, 0x03, 0x80, 0x00, 0x80, 0xE8, 0x3B, 0x20, 0x00, 0xE5, 0x30, 0x03, 0x80, 0x00, 0x80,
        0xE8, 0x3B, 0x21, 0x00, 0xE5, 0x30, 0x03, 0x80, 0x00, 0x80, 0xE8, 0x3B, 0x22, 0x00, 0xE5, 0x30, 0x03, 0x80, 0x00, 0x80,
        0xE8, 0x3B, 0x23, 0x00, 0xE5, 0x30, 0x03, 0x80, 0x00, 0x80, 0xE8, 0x3B, 0x24, 0x00, 0xE5, 0x30, 0x03, 0x80, 0x00, 0x80,
        0xE8, 0x3B, 0x25, 0x00, 0xE5, 0x30, 0x03, 0x80, 0x00, 0x80, 0xE8, 0x3B, 0x26, 0x00, 0xE5, 0x30, 0x03, 0x80, 0x00, 0x80,
        0xE8, 0x3B, 0x27, 0x00, 0xE5, 0x30, 0x03, 0x80, 0x00, 0x80, 0xE8, 0x3B, 0x28, 0x00, 0xE5, 0x30, 0x03, 0x80, 0x00, 0x80,
        0xE8, 0x3B, 0x29, 0x00, 0xE5, 0x30, 0x03, 0x80, 0x00, 0x80, 0xE8, 0x3B, 0x2A, 0x00, 0xE5, 0x30, 0x03, 0x80, 0x00, 0x80,
        0xE8, 0x3B, 0x2B, 0x00, 0xE5, 0x30, 0x03, 0x80, 0x00, 0x80, 0xE8, 0x3B, 0x2C, 0x00, 0xE5, 0x30, 0x03, 0x80, 0x00, 0x80,
        0xE8, 0x3B, 0x2D, 0x00, 0xE5, 0x30, 0x03, 0x80, 0x00, 0x80, 0xE8, 0x3B, 0x2E, 0x00, 0xE5, 0x30, 0x03, 0x80, 0x00, 0x80,
        0xE8, 0x3B, 0x2F, 0x00, 0xE5, 0x30, 0x03, 0x80, 0x00, 0x80, 0xE8, 0x3B, 0x30, 0x00, 0xE5, 0x30, 0x03, 0x80, 0x00, 0x80,
        0xE8, 0x3B, 0x31, 0x00, 0xE5, 0x30, 0x03, 0x80, 0x00, 0x80, 0xE8, 0x3B, 0x32, 0x00, 0xE5, 0x30, 0x03, 0x80, 0x00, 0x80,
        0xE8, 0x3B, 0x33, 0x00, 0xE5, 0x30, 0x03, 0x80, 0x00, 0x80, 0xE8, 0x3B, 0x34, 0x00, 0xE5, 0x30, 0x03, 0x80, 0x00, 0x80,
        0xE8, 0x3B, 0x35, 0x00, 0xE5, 0x30, 0x03, 0x80, 0x00, 0x80, 0xE8, 0x3B, 0x36, 0x00, 0xE5, 0x30, 0x03, 0x80, 0x00, 0x80,
        0xE8, 0x3B, 0x37, 0x00, 0xE5, 0x30, 0x03, 0x80, 0x00, 0x80, 0xE8, 0x3B, 0x38, 0x00, 0xE5, 0x30, 0x03, 0x80, 0x00, 0x80,
        0xE8, 0x3B, 0x39, 0x00, 0xE5, 0x30, 0x03, 0x80, 0x00, 0x80, 0xE8, 0x3B, 0x3A, 0x00, 0xE5, 0x30, 0x03, 0x80, 0x00, 0x80,
        0xE8, 0x3B, 0x3B, 0x00, 0xE5, 0x30, 0x03, 0x80, 0x00, 0x80, 0xE8, 0x3B, 0x3C, 0x00, 0xE5, 0x30, 0x03, 0x80, 0x00, 0x80,
        0xE8, 0x3B, 0x3D, 0x00, 0x00, 0x00, 0x25, 0x39, 0x0B, 0xAB, 0x15, 0x33, 0x46, 0xCE, 0xBA, 0x3F, 0x2C, 0x15, 0xAC, 0xB4,
        0x01, 0x00, 0x25, 0x39, 0x0B, 0xAB, 0x15, 0x33, 0x46, 0xCE, 0xBA, 0x3F, 0x2C, 0x15, 0xAC, 0xB4, 0x02, 0x00, 0x25, 0x39,
        0x0B, 0xAB, 0x15, 0x33, 0x46, 0xCE, 0xBA, 0x3F, 0x2C, 0x15, 0xAC, 0xB4, 0x03, 0x00, 0x25, 0x39, 0x0B, 0xAB, 0x15, 0x33,
        0x46, 0xCE, 0xBA, 0x3F, 0x2C, 0x15, 0xAC, 0xB4, 0x04, 0x00, 0x25, 0x39, 0x0B, 0xAB, 0x15, 0x33, 0x46, 0xCE, 0xBA, 0x3F,
        0x2C, 0x15, 0xAC, 0xB4, 0x05, 0x00, 0x25, 0x39, 0x0B, 0xAB, 0x15, 0x33, 0x46, 0xCE, 0xBA, 0x3F, 0x2C, 0x15, 0xAC, 0xB4,
        0x06, 0x00, 0x25, 0x39, 0x0B, 0xAB, 0x15, 0x33, 0x46, 0xCE, 0xBA, 0x3F, 0x2C, 0x15, 0xAC, 0xB4, 0x07, 0x00, 0x25, 0x39,
        0x0B, 0xAB, 0x15, 0x33, 0x46, 0xCE, 0xBA, 0x3F, 0x2C, 0x15, 0xAC, 0xB4, 0x08, 0x00, 0x25, 0x39, 0x0B, 0xAB, 0x15, 0x33,
        0x46, 0xCE, 0xBA, 0x3F, 0x2C, 0x15, 0xAC, 0xB4, 0x09, 0x00, 0x25, 0x39, 0x0B, 0xAB, 0x15, 0x33, 0x46, 0xCE, 0xBA, 0x3F,
        0x2C, 0x15, 0xAC, 0xB4, 0x0A, 0x00, 0x25, 0x39, 0x4B, 0xB6, 0x94, 0x3A, 0x38, 0x4A, 0xC6, 0x3F, 0xFD, 0x19, 0xE9, 0xBC,
        0x0B, 0x00, 0x25, 0x39, 0x16, 0x65, 0x1F, 0x3B, 0x51, 0xBD, 0xD1, 0x3F, 0xB7, 0xE4, 0x68, 0xBD, 0x0C, 0x00, 0x25, 0x39,
        0x4D, 0x5B, 0x85, 0x3B, 0x5B, 0x20, 0xDD, 0x3F, 0x6E, 0x81, 0xAE, 0xBD, 0x0D, 0x00, 0x25, 0x39, 0x73, 0x80, 0xB6, 0x3B,
        0x80, 0x7D, 0xE8, 0x3F, 0xA8, 0xE1, 0xE7, 0xBD, 0x0E, 0x00, 0x25, 0x39, 0x79, 0x78, 0xE0, 0x3B, 0x0E, 0xD6, 0xF3, 0x3F,
        0x7F, 0x4E, 0x10, 0xBE, 0x0F, 0x00, 0x25, 0x39, 0x3F, 0x69, 0xF7, 0x3B, 0xD5, 0x34, 0xFF, 0x3F, 0xE3, 0x1C, 0x2D, 0xBE,
        0x10, 0x00, 0x25, 0x39, 0x55, 0x6E, 0xF6, 0x3B, 0xF4, 0x4A, 0x05, 0x40, 0xF6, 0x65, 0x4A, 0xBE, 0x11, 0x00, 0x25, 0x39,
        0x8F, 0x69, 0xCC, 0x3B, 0xEC, 0xF5, 0x0A, 0x40, 0xC0, 0x07, 0x69, 0xBE, 0x12, 0x00, 0x25, 0x39, 0x43, 0xA6, 0x85, 0x3B,
        0xEE, 0xA7, 0x10, 0x40, 0x6E, 0x46, 0x83, 0xBE, 0x13, 0x00, 0x25, 0x39, 0xB3, 0x73, 0x99, 0x3A, 0x54, 0x6A, 0x16, 0x40,
        0xEC, 0x72, 0x90, 0xBE, 0x14, 0x00, 0x25, 0x39, 0x1A, 0x4B, 0x0A, 0xBB, 0xE2, 0x36, 0x1C, 0x40, 0x8A, 0x33, 0x9D, 0xBE,
        0x15, 0x00, 0x25, 0x39, 0x8F, 0x0E, 0xBA, 0xBB, 0xC6, 0x0C, 0x22, 0x40, 0xE7, 0xB5, 0xA9, 0xBE, 0x16, 0x00, 0x25, 0x39,
        0x36, 0xFF, 0x18, 0xBC, 0x32, 0xE1, 0x27, 0x40, 0xF2, 0x74, 0xB6, 0xBE, 0x17, 0x00, 0x25, 0x39, 0x98, 0xC1, 0x55, 0xBC,
        0x02, 0xB2, 0x2D, 0x40, 0x90, 0x6B, 0xC3, 0xBE, 0x18, 0x00, 0x25, 0x39, 0x55, 0x89, 0x88, 0xBC, 0x5A, 0x77, 0x33, 0x40,
        0xC2, 0x8E, 0xD0, 0xBE, 0x19, 0x00, 0x25, 0x39, 0x1B, 0x72, 0xA4, 0xBC, 0x9C, 0x2E, 0x39, 0x40, 0xFE, 0x16, 0xDE, 0xBE,
        0x1A, 0x00, 0x25, 0x39, 0x87, 0xED, 0xBD, 0xBC, 0x06, 0xD3, 0x3E, 0x40, 0x60, 0x92, 0xEC, 0xBE, 0x1B, 0x00, 0x25, 0x39,
        0x6C, 0xC8, 0xD1, 0xBC, 0xB4, 0x67, 0x44, 0x40, 0x88, 0x3E, 0xFA, 0xBE, 0x1C, 0x00, 0x25, 0x39, 0x56, 0xC2, 0xDE, 0xBC,
        0x26, 0xED, 0x49, 0x40, 0x5C, 0x4A, 0x03, 0xBF, 0x1D, 0x00, 0x25, 0x39, 0x3E, 0xCA, 0xEA, 0xBC, 0x82, 0x64, 0x4F, 0x40,
        0x5C, 0x50, 0x09, 0xBF, 0x1E, 0x00, 0x25, 0x39, 0xF1, 0x20, 0xF6, 0xBC, 0xBA, 0xD0, 0x54, 0x40, 0x4C, 0x37, 0x0F, 0xBF,
        0x1F, 0x00, 0x25, 0x39, 0x4C, 0xBE, 0x01, 0xBD, 0x50, 0x44, 0x5A, 0x40, 0x6D, 0xB2, 0x14, 0xBF, 0x20, 0x00, 0x25, 0x39,
        0x91, 0xB8, 0x08, 0xBD, 0x03, 0xBB, 0x5F, 0x40, 0xB2, 0x3C, 0x1A, 0xBF, 0x21, 0x00, 0x25, 0x39, 0x40, 0x1F, 0x10, 0xBD,
        0x77, 0x36, 0x65, 0x40, 0x0F, 0x1A, 0x20, 0xBF, 0x22, 0x00, 0x25, 0x39, 0x79, 0xF0, 0x17, 0xBD, 0x87, 0xB5, 0x6A, 0x40,
        0x24, 0x46, 0x26, 0xBF, 0x23, 0x00, 0x25, 0x39, 0xAD, 0x40, 0x20, 0xBD, 0xB3, 0x37, 0x70, 0x40, 0x9B, 0xCF, 0x2C, 0xBF,
        0x24, 0x00, 0x25, 0x39, 0xC9, 0x56, 0x28, 0xBD, 0x91, 0xC1, 0x75, 0x40, 0x7B, 0x3D, 0x33, 0xBF, 0x25, 0x00, 0x25, 0x39,
        0xE7, 0x1A, 0x30, 0xBD, 0xA1, 0x53, 0x7B, 0x40, 0xA5, 0x7F, 0x39, 0xBF, 0x26, 0x00, 0x25, 0x39, 0x53, 0x14, 0x37, 0xBD,
        0x40, 0x78, 0x80, 0x40, 0xC5, 0x3C, 0x3F, 0xBF, 0x27, 0x00, 0x25, 0x39, 0x21, 0x92, 0x3D, 0xBD, 0x1E, 0x4B, 0x83, 0x40,
        0x4D, 0xBF, 0x44, 0xBF, 0x28, 0x00, 0x25, 0x39, 0x29, 0x19, 0x44, 0xBD, 0x40, 0x21, 0x86, 0x40, 0xAE, 0x6D, 0x4A, 0xBF,
        0x29, 0x00, 0x25, 0x39, 0xEB, 0x41, 0x4A, 0xBD, 0x82, 0xFA, 0x88, 0x40, 0x4E, 0x5B, 0x50, 0xBF, 0x2A, 0x00, 0x25, 0x39,
        0xBD, 0x15, 0x50, 0xBD, 0x22, 0xD6, 0x8B, 0x40, 0x0F, 0xB9, 0x56, 0xBF, 0x2B, 0x00, 0x25, 0x39, 0x91, 0xF2, 0x53, 0xBD,
        0x2A, 0xB7, 0x8E, 0x40, 0xE2, 0xC1, 0x5C, 0xBF, 0x2C, 0x00, 0x25, 0x39, 0xA5, 0xB0, 0x55, 0xBD, 0x9C, 0x9D, 0x91, 0x40,
        0x83, 0x65, 0x62, 0xBF, 0x2D, 0x00, 0x25, 0x39, 0x0D, 0xF1, 0x55, 0xBD, 0x1A, 0x86, 0x94, 0x40, 0x9B, 0x05, 0x68, 0xBF,
        0x2E, 0x00, 0x25, 0x39, 0x3D, 0xA6, 0x54, 0xBD, 0x92, 0x6F, 0x97, 0x40, 0x75, 0x94, 0x6D, 0xBF, 0x2F, 0x00, 0x25, 0x39,
        0xD7, 0xBA, 0x51, 0xBD, 0x28, 0x57, 0x9A, 0x40, 0x5E, 0xFD, 0x72, 0xBF, 0x30, 0x00, 0x25, 0x39, 0x13, 0x79, 0x4D, 0xBD,
        0xF4, 0x3B, 0x9D, 0x40, 0xD5, 0x55, 0x78, 0xBF, 0x31, 0x00, 0x25, 0x39, 0xE1, 0x0C, 0x48, 0xBD, 0xD4, 0x1C, 0xA0, 0x40,
        0x16, 0xA7, 0x7D, 0xBF, 0x32, 0x00, 0x25, 0x39, 0x91, 0x94, 0x41, 0xBD, 0x06, 0xF9, 0xA2, 0x40, 0x4C, 0x84, 0x81, 0xBF,
        0x33, 0x00, 0x25, 0x39, 0xF1, 0xEF, 0x39, 0xBD, 0x6A, 0xCF, 0xA5, 0x40, 0x80, 0x43, 0x84, 0xBF, 0x34, 0x00, 0x25, 0x39,
        0xAB, 0x8F, 0x30, 0xBD, 0x70, 0x9D, 0xA8, 0x40, 0x2D, 0x5B, 0x87, 0xBF, 0x35, 0x00, 0x25, 0x39, 0xE1, 0x93, 0x26, 0xBD,
        0xC4, 0x68, 0xAB, 0x40, 0xD8, 0x86, 0x8A, 0xBF, 0x36, 0x00, 0x25, 0x39, 0xDD, 0x9D, 0x1C, 0xBD, 0xF2, 0x32, 0xAE, 0x40,
        0x50, 0x70, 0x8D, 0xBF, 0x37, 0x00, 0x25, 0x39, 0x79, 0xAA, 0x12, 0xBD, 0x4A, 0xFD, 0xB0, 0x40, 0x84, 0x1C, 0x90, 0xBF,
        0x38, 0x00, 0x25, 0x39, 0x45, 0xBD, 0x08, 0xBD, 0x44, 0xC9, 0xB3, 0x40, 0xCF, 0x75, 0x92, 0xBF, 0x39, 0x00, 0x25, 0x39,
        0x9C, 0xFC, 0xFD, 0xBC, 0x7E, 0x95, 0xB6, 0x40, 0x41, 0xB3, 0x94, 0xBF, 0x3A, 0x00, 0x25, 0x39, 0x28, 0x0A, 0xEB, 0xBC,
        0xCE, 0x61, 0xB9, 0x40, 0x4A, 0xE1, 0x96, 0xBF, 0x3B, 0x00, 0x25, 0x39, 0xB0, 0x9B, 0xD6, 0xBC, 0xF2, 0x2D, 0xBC, 0x40,
        0xE1, 0x3C, 0x99, 0xBF, 0x3C, 0x00, 0x25, 0x39, 0xD9, 0xB1, 0xC0, 0xBC, 0x94, 0xFA, 0xBE, 0x40, 0x9B, 0xCA, 0x9B, 0xBF,
    };
    inline constexpr uint8_t kTakeoffLod[] = {
        0x50, 0x41, 0x52, 0x20, 0x02, 0x03, 0x00, 0x01, 0x02, 0x03, 0x04, 0x05, 0x06, 0x07, 0x08, 0x09, 0x9F, 0x01, 0x00, 0x00,
        0xAB, 0xF7, 0xE9, 0xFF, 0x00, 0x00, 0x80, 0x3F, 0x00, 0x00, 0x80, 0x3F, 0x00, 0x00, 0x80, 0x3F, 0xFF, 0xFF, 0xC7, 0x34,
        0xFA, 0xFF, 0xFF, 0x34, 0xBE, 0xB7, 0x64, 0xB4, 0x00, 0x00, 0x80, 0x3F, 0x02, 0xD7, 0x23, 0x30, 0x00, 0x00, 0x00, 0x00,
        0x12, 0xD7, 0x23, 0xB3, 0x00, 0x00, 0x80, 0x3F, 0x00, 0x00, 0x80, 0x3F, 0x00, 0x00, 0x80, 0x3F, 0xFF, 0xFF, 0xC7, 0x34,
        0xFA, 0xFF, 0xFF, 0x34, 0xBE, 0xB7, 0x64, 0xB4, 0x00, 0x00, 0x80, 0x3F, 0x02, 0xD7, 0x23, 0x30, 0x00, 0x00, 0x00, 0x00,
        0x12, 0xD7, 0x23, 0xB3, 0x00, 0x00, 0x00, 0x00, 0x00, 0x00, 0x00, 0x40, 0x05, 0x00, 0x00, 0x00, 0x01, 0x00, 0x02, 0x00,
        0x00, 0x00, 0x00, 0x00, 0x92, 0x00, 0x00, 0x00, 0x38, 0xB9, 0x77, 0x37, 0x00, 0x02, 0x00, 0x00, 0x00, 0x00, 0x40, 0x0A,
        0x00, 0x00, 0x00, 0x40, 0x02, 0x00, 0x00, 0x00, 0x00, 0x0A, 0x00, 0x00, 0x00, 0x15, 0xF1, 0x6F, 0x52, 0x00, 0x00, 0x02,
        0x00, 0x00, 0x00, 0x00, 0x80, 0x00, 0x80, 0x00, 0x80, 0x00, 0x3C, 0x3C, 0x00, 0x00, 0x80, 0x00, 0x80, 0x00, 0x80, 0x00,
        0x3C, 0x03, 0x00, 0x00, 0x00, 0x00, 0x00, 0x00, 0x80, 0x00, 0x80, 0x09, 0x00, 0x00, 0x00, 0x00, 0x80, 0x00, 0x80, 0x3C,
        0x00, 0x0B, 0x80, 0x85, 0x44, 0xD8, 0xBC, 0xB8, 0xE7, 0x9A, 0xE1, 0x00, 0x00, 0x02, 0x00, 0x00, 0x00, 0xE5, 0x30, 0x03,
        0x80, 0x00, 0x80, 0xE8, 0x3B, 0x3C, 0x00, 0xE5, 0x30, 0x03, 0x80, 0x00, 0x80, 0xE8, 0x3B, 0x08, 0x00, 0x00, 0x00, 0x01,
        0x00, 0xD6, 0x3D, 0x05, 0x80, 0x09, 0x00, 0x01, 0x00, 0xD6, 0x3D, 0x05, 0x80, 0x11, 0x00, 0x63, 0x1E, 0x58, 0x40, 0x48,
        0xB3, 0x1C, 0x00, 0xF6, 0xA6, 0x4F, 0x42, 0x1A, 0xB8, 0x25, 0x00, 0x81, 0xA9, 0xDB, 0x43, 0xCC, 0xB9, 0x2D, 0x00, 0xB0,
        0xAA, 0xA4, 0x44, 0x40, 0xBB, 0x37, 0x00, 0x95, 0xA8, 0x88, 0x45, 0x81, 0xBC, 0x3C, 0x00, 0x06, 0xA6, 0xF8, 0x45, 0xDE,
        0xBC,
    };
    inline constexpr uint8_t kTakeoffMeta[] = {
        0xFF, 0xFF, 0x04, 0x00, 0x00, 0x00, 0x00, 0x00, 0x00, 0x00, 0x00, 0x00, 0x00, 0x00, 0x0F, 0x00, 0x00, 0x00, 0x01, 0x00,
        0x11, 0x00, 0x00, 0x00, 0x41, 0x6E, 0x69, 0x6D, 0x61, 0x74, 0x69, 0x6F, 0x6E, 0x4D, 0x65, 0x74, 0x61, 0x44, 0x61, 0x74,
        0x61, 0x00, 0x00, 0x00, 0x00, 0x00, 0x00, 0x01, 0x00, 0x00, 0x00, 0x51, 0x00, 0x00, 0x00, 0x00, 0x00, 0x00, 0x00, 0xFF,
        0xFF, 0xFF, 0xFF, 0xFF, 0xFF, 0xFF, 0xFF, 0x4B, 0x00, 0x00, 0x00, 0x06, 0x00, 0x00, 0x00, 0x00, 0x00, 0x00, 0x00, 0x00,
        0x00, 0x05, 0x0F, 0x00, 0x00, 0x00, 0x00, 0x00, 0x00, 0x00, 0x0C, 0x52, 0x04, 0x00, 0x00, 0x3D, 0x00, 0x00, 0x00, 0x3D,
        0x00, 0x00, 0x00, 0x00, 0x00, 0x00, 0x80, 0x00, 0x80, 0x00, 0x80, 0x00, 0x3C, 0x01, 0x00, 0x00, 0x80, 0x00, 0x80, 0x00,
        0x80, 0x00, 0x3C, 0x02, 0x00, 0x00, 0x80, 0x00, 0x80, 0x00, 0x80, 0x00, 0x3C, 0x03, 0x00, 0x00, 0x80, 0x00, 0x80, 0x00,
        0x80, 0x00, 0x3C, 0x04, 0x00, 0x00, 0x80, 0x00, 0x80, 0x00, 0x80, 0x00, 0x3C, 0x05, 0x00, 0x00, 0x80, 0x00, 0x80, 0x00,
        0x80, 0x00, 0x3C, 0x06, 0x00, 0x00, 0x80, 0x00, 0x80, 0x00, 0x80, 0x00, 0x3C, 0x07, 0x00, 0x00, 0x80, 0x00, 0x80, 0x00,
        0x80, 0x00, 0x3C, 0x08, 0x00, 0x00, 0x80, 0x00, 0x80, 0x00, 0x80, 0x00, 0x3C, 0x09, 0x00, 0x00, 0x80, 0x00, 0x80, 0x00,
        0x80, 0x00, 0x3C, 0x0A, 0x00, 0x00, 0x80, 0x00, 0x80, 0x00, 0x80, 0x00, 0x3C, 0x0B, 0x00, 0x00, 0x80, 0x00, 0x80, 0x00,
        0x80, 0x00, 0x3C, 0x0C, 0x00, 0x00, 0x80, 0x00, 0x80, 0x00, 0x80, 0x00, 0x3C, 0x0D, 0x00, 0x00, 0x80, 0x00, 0x80, 0x00,
        0x80, 0x00, 0x3C, 0x0E, 0x00, 0x00, 0x80, 0x00, 0x80, 0x00, 0x80, 0x00, 0x3C, 0x0F, 0x00, 0x00, 0x80, 0x00, 0x80, 0x00,
        0x80, 0x00, 0x3C, 0x10, 0x00, 0x00, 0x80, 0x00, 0x80, 0x00, 0x80, 0x00, 0x3C, 0x11, 0x00, 0x00, 0x80, 0x00, 0x80, 0x00,
        0x80, 0x00, 0x3C, 0x12, 0x00, 0x00, 0x80, 0x00, 0x80, 0x00, 0x80, 0x00, 0x3C, 0x13, 0x00, 0x00, 0x80, 0x00, 0x80, 0x00,
        0x80, 0x00, 0x3C, 0x14, 0x00, 0x00, 0x80, 0x00, 0x80, 0x00, 0x80, 0x00, 0x3C, 0x15, 0x00, 0x00, 0x80, 0x00, 0x80, 0x00,
        0x80, 0x00, 0x3C, 0x16, 0x00, 0x00, 0x80, 0x00, 0x80, 0x00, 0x80, 0x00, 0x3C, 0x17, 0x00, 0x00, 0x80, 0x00, 0x80, 0x00,
        0x80, 0x00, 0x3C, 0x18, 0x00, 0x00, 0x80, 0x00, 0x80, 0x00, 0x80, 0x00, 0x3C, 0x19, 0x00, 0x00, 0x80, 0x00, 0x80, 0x00,
        0x80, 0x00, 0x3C, 0x1A, 0x00, 0x00, 0x80, 0x00, 0x80, 0x00, 0x80, 0x00, 0x3C, 0x1B, 0x00, 0x00, 0x80, 0x00, 0x80, 0x00,
        0x80, 0x00, 0x3C, 0x1C, 0x00, 0x00, 0x80, 0x00, 0x80, 0x00, 0x80, 0x00, 0x3C, 0x1D, 0x00, 0x00, 0x80, 0x00, 0x80, 0x00,
        0x80, 0x00, 0x3C, 0x1E, 0x00, 0x00, 0x80, 0x00, 0x80, 0x00, 0x80, 0x00, 0x3C, 0x1F, 0x00, 0x00, 0x80, 0x00, 0x80, 0x00,
        0x80, 0x00, 0x3C, 0x20, 0x00, 0x00, 0x80, 0x00, 0x80, 0x00, 0x80, 0x00, 0x3C, 0x21, 0x00, 0x00, 0x80, 0x00, 0x80, 0x00,
        0x80, 0x00, 0x3C, 0x22, 0x00, 0x00, 0x80, 0x00, 0x80, 0x00, 0x80, 0x00, 0x3C, 0x23, 0x00, 0x00, 0x80, 0x00, 0x80, 0x00,
        0x80, 0x00, 0x3C, 0x24, 0x00, 0x00, 0x80, 0x00, 0x80, 0x00, 0x80, 0x00, 0x3C, 0x25, 0x00, 0x00, 0x80, 0x00, 0x80, 0x00,
        0x80, 0x00, 0x3C, 0x26, 0x00, 0x00, 0x80, 0x00, 0x80, 0x00, 0x80, 0x00, 0x3C, 0x27, 0x00, 0x00, 0x80, 0x00, 0x80, 0x00,
        0x80, 0x00, 0x3C, 0x28, 0x00, 0x00, 0x80, 0x00, 0x80, 0x00, 0x80, 0x00, 0x3C, 0x29, 0x00, 0x00, 0x80, 0x00, 0x80, 0x00,
        0x80, 0x00, 0x3C, 0x2A, 0x00, 0x00, 0x80, 0x00, 0x80, 0x00, 0x80, 0x00, 0x3C, 0x2B, 0x00, 0x00, 0x80, 0x00, 0x80, 0x00,
        0x80, 0x00, 0x3C, 0x2C, 0x00, 0x00, 0x80, 0x00, 0x80, 0x00, 0x80, 0x00, 0x3C, 0x2D, 0x00, 0x00, 0x80, 0x00, 0x80, 0x00,
        0x80, 0x00, 0x3C, 0x2E, 0x00, 0x00, 0x80, 0x00, 0x80, 0x00, 0x80, 0x00, 0x3C, 0x2F, 0x00, 0x00, 0x80, 0x00, 0x80, 0x00,
        0x80, 0x00, 0x3C, 0x30, 0x00, 0x00, 0x80, 0x00, 0x80, 0x00, 0x80, 0x00, 0x3C, 0x31, 0x00, 0x00, 0x80, 0x00, 0x80, 0x00,
        0x80, 0x00, 0x3C, 0x32, 0x00, 0x00, 0x80, 0x00, 0x80, 0x00, 0x80, 0x00, 0x3C, 0x33, 0x00, 0x00, 0x80, 0x00, 0x80, 0x00,
        0x80, 0x00, 0x3C, 0x34, 0x00, 0x00, 0x80, 0x00, 0x80, 0x00, 0x80, 0x00, 0x3C, 0x35, 0x00, 0x00, 0x80, 0x00, 0x80, 0x00,
        0x80, 0x00, 0x3C, 0x36, 0x00, 0x00, 0x80, 0x00, 0x80, 0x00, 0x80, 0x00, 0x3C, 0x37, 0x00, 0x00, 0x80, 0x00, 0x80, 0x00,
        0x80, 0x00, 0x3C, 0x38, 0x00, 0x00, 0x80, 0x00, 0x80, 0x00, 0x80, 0x00, 0x3C, 0x39, 0x00, 0x00, 0x80, 0x00, 0x80, 0x00,
        0x80, 0x00, 0x3C, 0x3A, 0x00, 0x00, 0x80, 0x00, 0x80, 0x00, 0x80, 0x00, 0x3C, 0x3B, 0x00, 0x00, 0x80, 0x00, 0x80, 0x00,
        0x80, 0x00, 0x3C, 0x3C, 0x00, 0x00, 0x80, 0x00, 0x80, 0x00, 0x80, 0x00, 0x3C, 0x00, 0x00, 0x00, 0x00, 0x00, 0x80, 0x00,
        0x80, 0x01, 0x00, 0x00, 0x00, 0x00, 0x80, 0x00, 0x80, 0x02, 0x00, 0x00, 0x00, 0x00, 0x80, 0x00, 0x80, 0x03, 0x00, 0x00,
        0x00, 0x00, 0x80, 0x00, 0x80, 0x04, 0x00, 0x00, 0x00, 0x00, 0x80, 0x00, 0x80, 0x05, 0x00, 0x00, 0x00, 0x00, 0x80, 0x00,
        0x80, 0x06, 0x00, 0x00, 0x00, 0x00, 0x80, 0x00, 0x80, 0x07, 0x00, 0x00, 0x00, 0x00, 0x80, 0x00, 0x80, 0x08, 0x00, 0x00,
        0x00, 0x00, 0x80, 0x00, 0x80, 0x09, 0x00, 0x00, 0x00, 0x00, 0x80, 0x00, 0x80, 0x0A, 0x00, 0x00, 0x80, 0xAC, 0x2D, 0x15,
        0xA6, 0x0B, 0x00, 0x00, 0x80, 0xAC, 0x31, 0x15, 0xAA, 0x0C, 0x00, 0x01, 0x80, 0x41, 0x34, 0x8F, 0xAC, 0x0D, 0x00, 0x01,
        0x80, 0xAC, 0x35, 0x15, 0xAE, 0x0E, 0x00, 0x01, 0x80, 0x17, 0x37, 0x9A, 0xAF, 0x0F, 0x00, 0x01, 0x80, 0x41, 0x38, 0x8F,
        0xB0, 0x10, 0x00, 0x01, 0x80, 0xF7, 0x38, 0x52, 0xB1, 0x11, 0x00, 0x02, 0x80, 0xAC, 0x39, 0x15, 0xB2, 0x12, 0x00, 0x02,
        0x80, 0x62, 0x3A, 0xD7, 0xB2, 0x13, 0x00, 0x02, 0x80, 0x17, 0x3B, 0x9A, 0xB3, 0x14, 0x00, 0x02, 0x80, 0xCD, 0x3B, 0x2E,
        0xB4, 0x15, 0x00, 0x02, 0x80, 0x41, 0x3C, 0x8F, 0xB4, 0x16, 0x00, 0x03, 0x80, 0x9C, 0x3C, 0xF1, 0xB4, 0x17, 0x00, 0x03,
        0x80, 0xF7, 0x3C, 0x52, 0xB5, 0x18, 0x00, 0x03, 0x80, 0x52, 0x3D, 0xB3, 0xB5, 0x19, 0x00, 0x03, 0x80, 0xAC, 0x3D, 0x15,
        0xB6, 0x1A, 0x00, 0x04, 0x80, 0x07, 0x3E, 0x76, 0xB6, 0x1B, 0x00, 0x04, 0x80, 0x62, 0x3E, 0xD7, 0xB6, 0x1C, 0x00, 0x04,
        0x80, 0xBD, 0x3E, 0x38, 0xB7, 0x1D, 0x00, 0x04, 0x80, 0x17, 0x3F, 0x9A, 0xB7, 0x1E, 0x00, 0x04, 0x80, 0x72, 0x3F, 0xFB,
        0xB7, 0x1F, 0x00, 0x05, 0x80, 0xCD, 0x3F, 0x2E, 0xB8, 0x20, 0x00, 0x05, 0x80, 0x14, 0x40, 0x5F, 0xB8, 0x21, 0x00, 0x05,
        0x80, 0x41, 0x40, 0x8F, 0xB8, 0x22, 0x00, 0x05, 0x80, 0x6F, 0x40, 0xC0, 0xB8, 0x23, 0x00, 0x05, 0x80, 0x9C, 0x40, 0xF1,
        0xB8, 0x24, 0x00, 0x06, 0x80, 0xC9, 0x40, 0x21, 0xB9, 0x25, 0x00, 0x06, 0x80, 0xF7, 0x40, 0x52, 0xB9, 0x26, 0x00, 0x06,
        0x80, 0x24, 0x41, 0x83, 0xB9, 0x27, 0x00, 0x06, 0x80, 0x52, 0x41, 0xB3, 0xB9, 0x28, 0x00, 0x06, 0x80, 0x7F, 0x41, 0xE4,
        0xB9, 0x29, 0x00, 0x07, 0x80, 0xAC, 0x41, 0x15, 0xBA, 0x2A, 0x00, 0x07, 0x80, 0xDA, 0x41, 0x45, 0xBA, 0x2B, 0x00, 0x07,
        0x80, 0x07, 0x42, 0x76, 0xBA, 0x2C, 0x00, 0x07, 0x80, 0x34, 0x42, 0xA6, 0xBA, 0x2D, 0x00, 0x07, 0x80, 0x62, 0x42, 0xD7,
        0xBA, 0x2E, 0x00, 0x08, 0x80, 0x8F, 0x42, 0x08, 0xBB, 0x2F, 0x00, 0x08, 0x80, 0xBD, 0x42, 0x38, 0xBB, 0x30, 0x00, 0x08,
        0x80, 0xEA, 0x42, 0x69, 0xBB, 0x31, 0x00, 0x08, 0x80, 0x17, 0x43, 0x9A, 0xBB, 0x32, 0x00, 0x08, 0x80, 0x45, 0x43, 0xCA,
        0xBB, 0x33, 0x00, 0x09, 0x80, 0x72, 0x43, 0xFB, 0xBB, 0x34, 0x00, 0x09, 0x80, 0x9F, 0x43, 0x16, 0xBC, 0x35, 0x00, 0x09,
        0x80, 0xCD, 0x43, 0x2E, 0xBC, 0x36, 0x00, 0x09, 0x80, 0xFA, 0x43, 0x46, 0xBC, 0x37, 0x00, 0x09, 0x80, 0x14, 0x44, 0x5F,
        0xBC, 0x38, 0x00, 0x0A, 0x80, 0x2B, 0x44, 0x77, 0xBC, 0x39, 0x00, 0x0A, 0x80, 0x41, 0x44, 0x8F, 0xBC, 0x3A, 0x00, 0x0A,
        0x80, 0x58, 0x44, 0xA8, 0xBC, 0x3B, 0x00, 0x0A, 0x80, 0x6F, 0x44, 0xC0, 0xBC, 0x3C, 0x00, 0x0B, 0x80, 0x85, 0x44, 0xD8,
        0xBC, 0x00, 0x00, 0x00, 0x40,
    };
    inline constexpr uint8_t kPushOffClip[] = {
        0x50, 0x41, 0x52, 0x20, 0x02, 0x03, 0x00, 0x01, 0x02, 0x03, 0x04, 0x05, 0x06, 0x07, 0x08, 0x09, 0x0F, 0x00, 0x00, 0xC0,
        0x12, 0x00, 0xEB, 0x82, 0xA8, 0xEC, 0x9E, 0x90, 0x3B, 0xEB, 0xB9, 0x97, 0xEC, 0x9E, 0x90, 0xEB, 0xA3, 0xA8, 0x3B, 0x00,
        0x00, 0x00, 0x80, 0x3F, 0x00, 0x00, 0x80, 0x3F, 0x00, 0x00, 0x80, 0x3F, 0x1F, 0x00, 0x00, 0xB0, 0xF1, 0xE2, 0x35, 0xB4,
        0xE6, 0xEF, 0x7F, 0xB4, 0x00, 0x00, 0x80, 0x3F, 0x17, 0xA9, 0x1F, 0xB3, 0xF4, 0x35, 0xAD, 0x3F, 0x5E, 0x29, 0xC6, 0x3E,
        0x00, 0x00, 0x80, 0x3F, 0x00, 0x00, 0x80, 0x3F, 0x00, 0x00, 0x80, 0x3F, 0x1F, 0x00, 0x00, 0xB0, 0xF1, 0xE2, 0x35, 0xB4,
        0xE6, 0xEF, 0x7F, 0xB4, 0x00, 0x00, 0x80, 0x3F, 0xF0, 0xC3, 0x23, 0xB3, 0xFC, 0xA9, 0xB1, 0x3F, 0x9E, 0x41, 0xCB, 0x3E,
        0x71, 0xE5, 0x78, 0x3F, 0x11, 0x11, 0x91, 0x40, 0x44, 0x00, 0x06, 0x00, 0xBA, 0x46, 0x00, 0x00, 0x6C, 0x14, 0xBB, 0x50,
        0x00, 0x00, 0x3B, 0x00, 0x00, 0x00, 0x86, 0xB0, 0x0E, 0x80, 0x03, 0x80, 0xEB, 0x3B, 0x24, 0x00, 0x86, 0xB0, 0x0E, 0x80,
        0x03, 0x80, 0xEB, 0x3B, 0x25, 0x00, 0x8D, 0xB0, 0x73, 0x0E, 0x95, 0x94, 0xEB, 0x3B, 0x27, 0x00, 0x98, 0xB0, 0x02, 0x0C,
        0x0A, 0x9B, 0xEB, 0x3B, 0x2B, 0x00, 0xB7, 0xB0, 0x0E, 0x8E, 0x64, 0xA0, 0xEA, 0x3B, 0x2F, 0x00, 0xD5, 0xB0, 0x55, 0x94,
        0x2A, 0xA3, 0xE8, 0x3B, 0x32, 0x00, 0xED, 0xB0, 0x84, 0x97, 0xA2, 0xA4, 0xE7, 0x3B, 0x34, 0x00, 0xFB, 0xB0, 0x10, 0x98,
        0x53, 0xA5, 0xE7, 0x3B, 0x36, 0x00, 0x06, 0xB1, 0xF4, 0x97, 0xFA, 0xA5, 0xE6, 0x3B, 0x38, 0x00, 0x11, 0xB1, 0x2E, 0x98,
        0x91, 0xA6, 0xE5, 0x3B, 0x3A, 0x00, 0x19, 0xB1, 0x40, 0x98, 0x19, 0xA7, 0xE5, 0x3B, 0x3B, 0x00, 0x1B, 0xB1, 0x31, 0x98,
        0x50, 0xA7, 0xE5, 0x3B, 0x3C, 0x00, 0x1C, 0xB1, 0x18, 0x98, 0x7B, 0xA7, 0xE5, 0x3B, 0x3D, 0x00, 0x1C, 0xB1, 0xC2, 0x97,
        0x9F, 0xA7, 0xE5, 0x3B, 0x3E, 0x00, 0x1B, 0xB1, 0x31, 0x97, 0xBE, 0xA7, 0xE5, 0x3B, 0x3F, 0x00, 0x19, 0xB1, 0xA6, 0x96,
        0xD6, 0xA7, 0xE5, 0x3B, 0x41, 0x00, 0x13, 0xB1, 0xAA, 0x95, 0xEC, 0xA7, 0xE5, 0x3B, 0x42, 0x00, 0x0E, 0xB1, 0xD4, 0x94,
        0xEA, 0xA7, 0xE5, 0x3B, 0x43, 0x00, 0x07, 0xB1, 0xCD, 0x92, 0xDF, 0xA7, 0xE6, 0x3B, 0x44, 0x00, 0xFF, 0xB0, 0x71, 0x8D,
        0xCE, 0xA7, 0xE6, 0x3B, 0x46, 0x00, 0xEA, 0xB0, 0x46, 0x13, 0x99, 0xA7, 0xE7, 0x3B, 0x49, 0x00, 0xCC, 0xB0, 0x24, 0x19,
        0x2F, 0xA7, 0xE8, 0x3B, 0x4A, 0x00, 0xC0, 0xB0, 0x6F, 0x1A, 0x03, 0xA7, 0xE9, 0x3B, 0x4B, 0x00, 0xB3, 0xB0, 0xC1, 0x1B,
        0xD1, 0xA6, 0xE9, 0x3B, 0x4D, 0x00, 0x92, 0xB0, 0x2A, 0x1D, 0x60, 0xA6, 0xEA, 0x3B, 0x4E, 0x00, 0x81, 0xB0, 0xD7, 0x1D,
        0x23, 0xA6, 0xEB, 0x3B, 0x4F, 0x00, 0x71, 0xB0, 0xB8, 0x1E, 0xE3, 0xA5, 0xEC, 0x3B, 0x52, 0x00, 0x3E, 0xB0, 0x02, 0x21,
        0x17, 0xA5, 0xED, 0x3B, 0x54, 0x00, 0x1A, 0xB0, 0xF8, 0x21, 0x84, 0xA4, 0xEF, 0x3B, 0x56, 0x00, 0xE9, 0xAF, 0xF0, 0x22,
        0xD6, 0xA3, 0xF0, 0x3B, 0x5B, 0x00, 0x3A, 0xAF, 0x72, 0x24, 0xC0, 0xA0, 0xF2, 0x3B, 0x5E, 0x00, 0xDD, 0xAE, 0x11, 0x25,
        0xC5, 0x9D, 0xF4, 0x3B, 0x60, 0x00, 0xA1, 0xAE, 0x67, 0x25, 0x03, 0x9B, 0xF5, 0x3B, 0x61, 0x00, 0x82, 0xAE, 0x8A, 0x25,
        0xE0, 0x98, 0xF5, 0x3B, 0x63, 0x00, 0x4E, 0xAE, 0xD1, 0x25, 0x6B, 0x8E, 0xF6, 0x3B, 0x65, 0x00, 0x27, 0xAE, 0x1C, 0x26,
        0x60, 0x15, 0xF6, 0x3B, 0x66, 0x00, 0x16, 0xAE, 0x40, 0x26, 0x54, 0x18, 0xF6, 0x3B, 0x68, 0x00, 0xF7, 0xAD, 0x63, 0x26,
        0xA1, 0x1B, 0xF6, 0x3B, 0x69, 0x00, 0xEA, 0xAD, 0x66, 0x26, 0x99, 0x1C, 0xF7, 0x3B, 0x6B, 0x00, 0xD9, 0xAD, 0x6D, 0x26,
        0xDC, 0x1D, 0xF7, 0x3B, 0x6C, 0x00, 0xD6, 0xAD, 0x70, 0x26, 0x5A, 0x1E, 0xF7, 0x3B, 0x6D, 0x00, 0xD7, 0xAD, 0x70, 0x26,
        0xCC, 0x1E, 0xF7, 0x3B, 0x6E, 0x00, 0xDD, 0xAD, 0x65, 0x26, 0x27, 0x1F, 0xF7, 0x3B, 0x6F, 0x00, 0xE3, 0xAD, 0x4C, 0x26,
        0x5E, 0x1F, 0xF7, 0x3B, 0x71, 0x00, 0xF5, 0xAD, 0xF9, 0x25, 0x6E, 0x1F, 0xF6, 0x3B, 0x72, 0x00, 0x04, 0xAE, 0xCA, 0x25,
        0x63, 0x1F, 0xF6, 0x3B, 0x73, 0x00, 0x18, 0xAE, 0x97, 0x25, 0x4E, 0x1F, 0xF6, 0x3B, 0x74, 0x00, 0x31, 0xAE, 0x62, 0x25,
        0x30, 0x1F, 0xF6, 0x3B, 0x76, 0x00, 0x6C, 0xAE, 0xE7, 0x24, 0xCE, 0x1E, 0xF5, 0x3B, 0x79, 0x00, 0xCB, 0xAE, 0x2E, 0x24,
        0xD8, 0x1D, 0xF4, 0x3B, 0x7A, 0x00, 0xED, 0xAE, 0xD7, 0x23, 0x73, 0x1D, 0xF4, 0x3B, 0x7E, 0x00, 0x8C, 0xAF, 0x64, 0x21,
        0x03, 0x1C, 0xF2, 0x3B, 0x80, 0x00, 0xDF, 0xAF, 0x3B, 0x20, 0xF1, 0x19, 0xF0, 0x3B, 0x81, 0x00, 0x05, 0xB0, 0x57, 0x1F,
        0xC8, 0x18, 0xF0, 0x3B, 0x83, 0x00, 0x2D, 0xB0, 0x19, 0x1D, 0xA9, 0x15, 0xEE, 0x3B, 0x85, 0x00, 0x55, 0xB0, 0xD4, 0x19,
        0xA9, 0x12, 0xED, 0x3B, 0x86, 0x00, 0x67, 0xB0, 0x91, 0x17, 0x5E, 0x10, 0xED, 0x3B, 0x87, 0x00, 0x78, 0xB0, 0x59, 0x13,
        0x44, 0x0C, 0xEC, 0x3B, 0x88, 0x00, 0x86, 0xB0, 0x0E, 0x80, 0x03, 0x80, 0xEB, 0x3B, 0x34, 0x00, 0x00, 0x00, 0x06, 0x80,
        0xB8, 0x34, 0x51, 0x32, 0x24, 0x00, 0x06, 0x80, 0xB8, 0x34, 0x51, 0x32, 0x25, 0x00, 0x1A, 0x96, 0xAD, 0x34, 0x61, 0x32,
        0x27, 0x00, 0xE0, 0x9C, 0xB4, 0x34, 0x6D, 0x32, 0x2A, 0x00, 0x30, 0xA1, 0xC1, 0x34, 0x89, 0x32, 0x2F, 0x00, 0x04, 0xA5,
        0xDA, 0x34, 0xB2, 0x32, 0x32, 0x00, 0x7D, 0xA6, 0xEB, 0x34, 0xCB, 0x32, 0x35, 0x00, 0xE0, 0xA7, 0xFC, 0x34, 0xDD, 0x32,
        0x38, 0x00, 0x8B, 0xA8, 0x0C, 0x35, 0xEA, 0x32, 0x3A, 0x00, 0xE4, 0xA8, 0x17, 0x35, 0xF0, 0x32, 0x3B, 0x00, 0x07, 0xA9,
        0x1C, 0x35, 0xF0, 0x32, 0x3D, 0x00, 0x38, 0xA9, 0x24, 0x35, 0xEB, 0x32, 0x3F, 0x00, 0x57, 0xA9, 0x2B, 0x35, 0xE3, 0x32,
        0x41, 0x00, 0x60, 0xA9, 0x32, 0x35, 0xD6, 0x32, 0x42, 0x00, 0x5B, 0xA9, 0x34, 0x35, 0xCD, 0x32, 0x43, 0x00, 0x50, 0xA9,
        0x37, 0x35, 0xC2, 0x32, 0x44, 0x00, 0x40, 0xA9, 0x39, 0x35, 0xB5, 0x32, 0x46, 0x00, 0x10, 0xA9, 0x3D, 0x35, 0x94, 0x32,
        0x49, 0x00, 0xB7, 0xA8, 0x46, 0x35, 0x63, 0x32, 0x4A, 0x00, 0x94, 0xA8, 0x4A, 0x35, 0x51, 0x32, 0x4B, 0x00, 0x6C, 0xA8,
        0x4C, 0x35, 0x3C, 0x32, 0x4E, 0x00, 0xD0, 0xA7, 0x54, 0x35, 0xF2, 0x31, 0x52, 0x00, 0x3D, 0xA6, 0x56, 0x35, 0x93, 0x31,
        0x54, 0x00, 0x68, 0xA5, 0x56, 0x35, 0x61, 0x31, 0x56, 0x00, 0x90, 0xA4, 0x52, 0x35, 0x30, 0x31, 0x58, 0x00, 0x70, 0xA3,
        0x49, 0x35, 0x03, 0x31, 0x5A, 0x00, 0xC7, 0xA1, 0x3B, 0x35, 0xDA, 0x30, 0x5C, 0x00, 0x15, 0xA0, 0x29, 0x35, 0xB4, 0x30,
        0x5F, 0x00, 0x5C, 0x9A, 0x0B, 0x35, 0x82, 0x30, 0x62, 0x00, 0xD0, 0x14, 0xEB, 0x34, 0x51, 0x30, 0x64, 0x00, 0xC1, 0x1B,
        0xD9, 0x34, 0x39, 0x30, 0x66, 0x00, 0x36, 0x1E, 0xC8, 0x34, 0x26, 0x30, 0x67, 0x00, 0x5A, 0x1F, 0xC2, 0x34, 0x1C, 0x30,
        0x69, 0x00, 0xC6, 0x20, 0xBC, 0x34, 0x0B, 0x30, 0x6B, 0x00, 0xA3, 0x21, 0xB6, 0x34, 0x01, 0x30, 0x6C, 0x00, 0xFB, 0x21,
        0xB4, 0x34, 0xFF, 0x2F, 0x6D, 0x00, 0x4A, 0x22, 0xB1, 0x34, 0x01, 0x30, 0x6F, 0x00, 0xAB, 0x22, 0xAE, 0x34, 0x0B, 0x30,
        0x71, 0x00, 0xA8, 0x22, 0xAB, 0x34, 0x18, 0x30, 0x72, 0x00, 0x98, 0x22, 0xAB, 0x34, 0x23, 0x30, 0x73, 0x00, 0x82, 0x22,
        0xAC, 0x34, 0x31, 0x30, 0x74, 0x00, 0x65, 0x22, 0xAE, 0x34, 0x42, 0x30, 0x76, 0x00, 0x0C, 0x22, 0xB3, 0x34, 0x6A, 0x30,
        0x78, 0x00, 0x8D, 0x21, 0xB8, 0x34, 0x95, 0x30, 0x7A, 0x00, 0xED, 0x20, 0xBC, 0x34, 0xC3, 0x30, 0x7C, 0x00, 0x48, 0x20,
        0xC1, 0x34, 0xF8, 0x30, 0x7E, 0x00, 0x49, 0x1F, 0xC5, 0x34, 0x31, 0x31, 0x80, 0x00, 0x95, 0x1D, 0xC4, 0x34, 0x6E, 0x31,
        0x83, 0x00, 0xC9, 0x19, 0xBE, 0x34, 0xCB, 0x31, 0x85, 0x00, 0xDA, 0x16, 0xB9, 0x34, 0x07, 0x32, 0x87, 0x00, 0x6D, 0x10,
        0xB4, 0x34, 0x3D, 0x32, 0x88, 0x00, 0x06, 0x80, 0xB2, 0x34, 0x54, 0x32, 0x3A, 0x9A, 0x73, 0x3C, 0x00, 0x00, 0x09, 0x00,
        0x00, 0x00, 0x40, 0x80, 0xE9, 0x80, 0x0E, 0x80, 0x00, 0x3C, 0x24, 0x00, 0x40, 0x80, 0xE9, 0x80, 0x0E, 0x80, 0x00, 0x3C,
        0x28, 0x00, 0xBB, 0x81, 0x20, 0x83, 0xC7, 0x02, 0x00, 0x3C, 0x30, 0x00, 0x50, 0x80, 0x33, 0x03, 0x04, 0x80, 0x00, 0x3C,
        0x37, 0x00, 0xEA, 0x80, 0x45, 0x80, 0x33, 0x82, 0x00, 0x3C, 0x3E, 0x00, 0x1E, 0x80, 0xD9, 0x81, 0x66, 0x80, 0x00, 0x3C,
        0x45, 0x00, 0x29, 0x80, 0x1E, 0x02, 0x3A, 0x83, 0x00, 0x3C, 0x78, 0x00, 0xA6, 0x00, 0xAA, 0x82, 0x42, 0x03, 0x00, 0x3C,
        0x88, 0x00, 0x40, 0x80, 0xF2, 0x02, 0x0F, 0x80, 0x00, 0x3C, 0x03, 0x00, 0x00, 0x00, 0x02, 0x00, 0x00, 0x01, 0x00, 0x80,
        0x24, 0x00, 0x02, 0x00, 0x00, 0x01, 0x00, 0x80, 0x88, 0x00, 0x02, 0x00, 0xC0, 0x02, 0x00, 0x80, 0x38, 0xB9, 0x77, 0x37,
        0x00, 0x00, 0x08, 0x00, 0x00, 0x00, 0x56, 0x00, 0xB8, 0x80, 0x1C, 0x80, 0x00, 0x3C, 0x24, 0x00, 0x56, 0x00, 0xB8, 0x80,
        0x1C, 0x80, 0x00, 0x3C, 0x28, 0x00, 0x55, 0x81, 0x6F, 0x83, 0x56, 0x82, 0x00, 0x3C, 0x30, 0x00, 0x35, 0x81, 0x0B, 0x03,
        0x73, 0x00, 0x00, 0x3C, 0x3D, 0x00, 0x42, 0x01, 0xA0, 0x81, 0x0E, 0x80, 0x00, 0x3C, 0x4E, 0x00, 0x26, 0x81, 0x75, 0x02,
        0x34, 0x00, 0x00, 0x3C, 0x87, 0x00, 0x9C, 0x00, 0x60, 0x81, 0x39, 0x80, 0x00, 0x3C, 0x88, 0x00, 0x21, 0x81, 0xCE, 0x02,
        0x77, 0x00, 0x00, 0x3C, 0x02, 0x00, 0x00, 0x00, 0x82, 0xAB, 0xA7, 0xA3, 0x7C, 0x1A, 0x24, 0x00, 0x82, 0xAB, 0xA7, 0xA3,
        0x7C, 0x1A, 0x04, 0x5A, 0x35, 0xBF, 0x00, 0x00, 0x09, 0x00, 0x00, 0x00, 0x31, 0x80, 0xE5, 0x00, 0x0E, 0x80, 0x00, 0x3C,
        0x24, 0x00, 0x31, 0x80, 0xE5, 0x00, 0x0E, 0x80, 0x00, 0x3C, 0x28, 0x00, 0xA5, 0x02, 0x1C, 0x03, 0x89, 0x81, 0x00, 0x3C,
        0x33, 0x00, 0x60, 0x00, 0x5F, 0x82, 0xD3, 0x03, 0x00, 0x3C, 0x38, 0x00, 0x35, 0x80, 0xF7, 0x05, 0x0B, 0x00, 0x00, 0x3C,
        0x43, 0x00, 0xC1, 0x80, 0x8F, 0x85, 0x1F, 0x80, 0x00, 0x3C, 0x4D, 0x00, 0x2E, 0x00, 0x17, 0x02, 0x0F, 0x00, 0x00, 0x3C,
        0x87, 0x00, 0x32, 0x80, 0x9E, 0x01, 0x0F, 0x80, 0x00, 0x3C, 0x88, 0x00, 0x31, 0x80, 0xF5, 0x82, 0x0E, 0x80, 0x00, 0x3C,
        0x02, 0x00, 0x00, 0x00, 0xDA, 0x1C, 0x0A, 0x80, 0x63, 0x11, 0x24, 0x00, 0xDA, 0x1C, 0x0A, 0x80, 0x63, 0x11, 0x0D, 0x91,
        0xFA, 0xCC, 0x00, 0x00, 0x2A, 0x00, 0x00, 0x00, 0x2E, 0xA7, 0xBD, 0xAF, 0x87, 0x1B, 0xF0, 0x3B, 0x03, 0x00, 0x34, 0xA7,
        0xB3, 0xB0, 0x05, 0x1A, 0xE9, 0x3B, 0x06, 0x00, 0x3C, 0xA7, 0x9F, 0xB2, 0xFC, 0x14, 0xD3, 0x3B, 0x09, 0x00, 0x39, 0xA7,
        0xCD, 0xB1, 0x02, 0x18, 0xDD, 0x3B, 0x0A, 0x00, 0x38, 0xA7, 0x87, 0xB1, 0x83, 0x18, 0xE0, 0x3B, 0x0B, 0x00, 0x36, 0xA7,
        0x1D, 0xB1, 0x44, 0x19, 0xE5, 0x3B, 0x10, 0x00, 0x27, 0xA7, 0x13, 0xAE, 0x84, 0x1C, 0xF6, 0x3B, 0x1A, 0x00, 0x2E, 0xA7,
        0xBD, 0xAF, 0x87, 0x1B, 0xF0, 0x3B, 0x24, 0x00, 0x2E, 0xA7, 0xBD, 0xAF, 0x87, 0x1B, 0xF0, 0x3B, 0x26, 0x00, 0x54, 0xA7,
        0xB6, 0xAF, 0xD8, 0x1A, 0xF0, 0x3B, 0x27, 0x00, 0x67, 0xA7, 0xAF, 0xAF, 0x6A, 0x1A, 0xF0, 0x3B, 0x29, 0x00, 0x87, 0xA7,
        0xA8, 0xAF, 0xF7, 0x19, 0xF0, 0x3B, 0x2C, 0x00, 0x8B, 0xA7, 0xA4, 0xAF, 0xE2, 0x19, 0xF0, 0x3B, 0x32, 0x00, 0x71, 0xA7,
        0xA0, 0xAF, 0xF1, 0x19, 0xF1, 0x3B, 0x34, 0x00, 0x65, 0xA7, 0x9D, 0xAF, 0x22, 0x1A, 0xF1, 0x3B, 0x3C, 0x00, 0x56, 0xA7,
        0x8C, 0xAF, 0x3F, 0x1B, 0xF1, 0x3B, 0x40, 0x00, 0x5F, 0xA7, 0x89, 0xAF, 0x8E, 0x1B, 0xF1, 0x3B, 0x44, 0x00, 0x7C, 0xA7,
        0x8F, 0xAF, 0x24, 0x1C, 0xF1, 0x3B, 0x49, 0x00, 0x91, 0xA7, 0x8E, 0xAF, 0x23, 0x1C, 0xF1, 0x3B, 0x4D, 0x00, 0x8C, 0xA7,
        0x94, 0xAF, 0x75, 0x1C, 0xF1, 0x3B, 0x50, 0x00, 0x71, 0xA7, 0x97, 0xAF, 0xC9, 0x1C, 0xF1, 0x3B, 0x52, 0x00, 0x52, 0xA7,
        0x9B, 0xAF, 0xE2, 0x1C, 0xF1, 0x3B, 0x54, 0x00, 0x1C, 0xA7, 0x9F, 0xAF, 0xE4, 0x1C, 0xF1, 0x3B, 0x57, 0x00, 0xA7, 0xA6,
        0xA3, 0xAF, 0xCE, 0x1C, 0xF1, 0x3B, 0x5E, 0x00, 0x4F, 0xA5, 0xB5, 0xAF, 0xF0, 0x1C, 0xF1, 0x3B, 0x61, 0x00, 0xCF, 0xA4,
        0xBF, 0xAF, 0x27, 0x1D, 0xF1, 0x3B, 0x62, 0x00, 0xAA, 0xA4, 0xC4, 0xAF, 0x55, 0x1D, 0xF1, 0x3B, 0x64, 0x00, 0x6A, 0xA4,
        0xCA, 0xAF, 0x95, 0x1D, 0xF0, 0x3B, 0x67, 0x00, 0x13, 0xA4, 0xD8, 0xAF, 0xB4, 0x1D, 0xF0, 0x3B, 0x69, 0x00, 0xED, 0xA3,
        0xDF, 0xAF, 0xB5, 0x1D, 0xF0, 0x3B, 0x6B, 0x00, 0xF1, 0xA3, 0xE6, 0xAF, 0xA2, 0x1D, 0xF0, 0x3B, 0x6D, 0x00, 0x2E, 0xA4,
        0xED, 0xAF, 0x5F, 0x1D, 0xF0, 0x3B, 0x6F, 0x00, 0x8E, 0xA4, 0xF2, 0xAF, 0xF1, 0x1C, 0xF0, 0x3B, 0x71, 0x00, 0x10, 0xA5,
        0xF3, 0xAF, 0x78, 0x1C, 0xF0, 0x3B, 0x75, 0x00, 0x3E, 0xA6, 0xEA, 0xAF, 0x35, 0x1B, 0xF0, 0x3B, 0x77, 0x00, 0xBC, 0xA6,
        0xE5, 0xAF, 0x86, 0x1A, 0xF0, 0x3B, 0x79, 0x00, 0x20, 0xA7, 0xDE, 0xAF, 0xE3, 0x19, 0xF0, 0x3B, 0x7B, 0x00, 0x5B, 0xA7,
        0xD7, 0xAF, 0x8E, 0x19, 0xF0, 0x3B, 0x7E, 0x00, 0x79, 0xA7, 0xCD, 0xAF, 0x5B, 0x19, 0xF0, 0x3B, 0x81, 0x00, 0x6F, 0xA7,
        0xC6, 0xAF, 0x92, 0x19, 0xF0, 0x3B, 0x83, 0x00, 0x59, 0xA7, 0xC1, 0xAF, 0x0D, 0x1A, 0xF0, 0x3B, 0x88, 0x00, 0x2E, 0xA7,
        0xBD, 0xAF, 0x87, 0x1B, 0xF0, 0x3B, 0x02, 0x00, 0x00, 0x00, 0xC1, 0x01, 0x5A, 0x80, 0x2E, 0x00, 0x24, 0x00, 0xC1, 0x01,
        0x5A, 0x80, 0x2E, 0x00, 0x09, 0x91, 0x7D, 0xD1, 0x00, 0x00, 0x80, 0x00, 0x00, 0x00, 0xE4, 0x2F, 0x2A, 0xB4, 0x86, 0x30,
        0x94, 0x3B, 0x01, 0x00, 0x12, 0x30, 0x5E, 0xB4, 0x8C, 0x30, 0x8B, 0x3B, 0x02, 0x00, 0x4E, 0x30, 0xBE, 0xB4, 0x96, 0x30,
        0x7A, 0x3B, 0x03, 0x00, 0x70, 0x30, 0xF2, 0xB4, 0x9C, 0x30, 0x70, 0x3B, 0x04, 0x00, 0xA2, 0x2F, 0x9A, 0xB3, 0x97, 0x30,
        0xA0, 0x3B, 0x05, 0x00, 0x80, 0x2D, 0xA0, 0xAD, 0x89, 0x30, 0xDC, 0x3B, 0x06, 0x00, 0x52, 0x2C, 0xBC, 0x24, 0x6E, 0x30,
        0xE7, 0x3B, 0x07, 0x00, 0x80, 0x2C, 0x42, 0x1A, 0x72, 0x30, 0xE7, 0x3B, 0x08, 0x00, 0xA8, 0x2C, 0x64, 0xA1, 0x74, 0x30,
        0xE6, 0x3B, 0x09, 0x00, 0xCC, 0x2C, 0xC8, 0xA5, 0x76, 0x30, 0xE6, 0x3B, 0x0A, 0x00, 0xD9, 0x2C, 0xE9, 0xA7, 0x6D, 0x30,
        0xE5, 0x3B, 0x0B, 0x00, 0xEA, 0x2C, 0x90, 0xA9, 0x60, 0x30, 0xE5, 0x3B, 0x0C, 0x00, 0xFD, 0x2C, 0x6C, 0xAB, 0x52, 0x30,
        0xE3, 0x3B, 0x0D, 0x00, 0x0E, 0x2D, 0xA9, 0xAC, 0x47, 0x30, 0xE2, 0x3B, 0x0E, 0x00, 0x1D, 0x2D, 0x94, 0xAD, 0x42, 0x30,
        0xDF, 0x3B, 0x0F, 0x00, 0x35, 0x2D, 0x73, 0xAE, 0x45, 0x30, 0xDC, 0x3B, 0x10, 0x00, 0x5C, 0x2D, 0x4D, 0xAF, 0x51, 0x30,
        0xD8, 0x3B, 0x11, 0x00, 0x9E, 0x2D, 0x1E, 0xB0, 0x5D, 0x30, 0xD4, 0x3B, 0x12, 0x00, 0xEA, 0x2D, 0xA6, 0xB0, 0x67, 0x30,
        0xCE, 0x3B, 0x13, 0x00, 0x3D, 0x2E, 0x3C, 0xB1, 0x70, 0x30, 0xC6, 0x3B, 0x14, 0x00, 0x93, 0x2E, 0xD9, 0xB1, 0x78, 0x30,
        0xBE, 0x3B, 0x15, 0x00, 0xE7, 0x2E, 0x76, 0xB2, 0x7D, 0x30, 0xB5, 0x3B, 0x16, 0x00, 0x36, 0x2F, 0x0A, 0xB3, 0x81, 0x30,
        0xAB, 0x3B, 0x17, 0x00, 0x7C, 0x2F, 0x8D, 0xB3, 0x84, 0x30, 0xA2, 0x3B, 0x18, 0x00, 0xB3, 0x2F, 0xF6, 0xB3, 0x85, 0x30,
        0x9B, 0x3B, 0x19, 0x00, 0xD7, 0x2F, 0x1D, 0xB4, 0x86, 0x30, 0x96, 0x3B, 0x1A, 0x00, 0xE4, 0x2F, 0x2A, 0xB4, 0x86, 0x30,
        0x94, 0x3B, 0x24, 0x00, 0xE4, 0x2F, 0x2A, 0xB4, 0x86, 0x30, 0x94, 0x3B, 0x25, 0x00, 0xF1, 0x2F, 0x26, 0xB4, 0x85, 0x30,
        0x94, 0x3B, 0x26, 0x00, 0xFB, 0x2F, 0x22, 0xB4, 0x86, 0x30, 0x94, 0x3B, 0x27, 0x00, 0x03, 0x30, 0x1F, 0xB4, 0x87, 0x30,
        0x95, 0x3B, 0x28, 0x00, 0x08, 0x30, 0x1C, 0xB4, 0x87, 0x30, 0x95, 0x3B, 0x29, 0x00, 0x0F, 0x30, 0x18, 0xB4, 0x86, 0x30,
        0x95, 0x3B, 0x2A, 0x00, 0x13, 0x30, 0x15, 0xB4, 0x87, 0x30, 0x95, 0x3B, 0x2B, 0x00, 0x1A, 0x30, 0x11, 0xB4, 0x86, 0x30,
        0x96, 0x3B, 0x2C, 0x00, 0x20, 0x30, 0x0E, 0xB4, 0x86, 0x30, 0x96, 0x3B, 0x2D, 0x00, 0x26, 0x30, 0x0A, 0xB4, 0x86, 0x30,
        0x96, 0x3B, 0x2E, 0x00, 0x2C, 0x30, 0x07, 0xB4, 0x86, 0x30, 0x97, 0x3B, 0x2F, 0x00, 0x32, 0x30, 0x03, 0xB4, 0x86, 0x30,
        0x97, 0x3B, 0x30, 0x00, 0x37, 0x30, 0xFE, 0xB3, 0x86, 0x30, 0x97, 0x3B, 0x31, 0x00, 0x3D, 0x30, 0xF7, 0xB3, 0x86, 0x30,
        0x97, 0x3B, 0x32, 0x00, 0x43, 0x30, 0xF0, 0xB3, 0x86, 0x30, 0x98, 0x3B, 0x33, 0x00, 0x48, 0x30, 0xEA, 0xB3, 0x86, 0x30,
        0x98, 0x3B, 0x34, 0x00, 0x4F, 0x30, 0xE2, 0xB3, 0x84, 0x30, 0x98, 0x3B, 0x35, 0x00, 0x53, 0x30, 0xDC, 0xB3, 0x85, 0x30,
        0x99, 0x3B, 0x36, 0x00, 0x57, 0x30, 0xD4, 0xB3, 0x84, 0x30, 0x99, 0x3B, 0x37, 0x00, 0x5C, 0x30, 0xCD, 0xB3, 0x83, 0x30,
        0x99, 0x3B, 0x38, 0x00, 0x60, 0x30, 0xC6, 0xB3, 0x82, 0x30, 0x99, 0x3B, 0x39, 0x00, 0x64, 0x30, 0xC0, 0xB3, 0x82, 0x30,
        0x9A, 0x3B, 0x3A, 0x00, 0x69, 0x30, 0xB8, 0xB3, 0x80, 0x30, 0x9A, 0x3B, 0x3B, 0x00, 0x6C, 0x30, 0xB1, 0xB3, 0x7F, 0x30,
        0x9B, 0x3B, 0x3C, 0x00, 0x6E, 0x30, 0xAA, 0xB3, 0x7E, 0x30, 0x9B, 0x3B, 0x3D, 0x00, 0x6F, 0x30, 0xA3, 0xB3, 0x7C, 0x30,
        0x9B, 0x3B, 0x3E, 0x00, 0x71, 0x30, 0x9C, 0xB3, 0x79, 0x30, 0x9C, 0x3B, 0x3F, 0x00, 0x72, 0x30, 0x95, 0xB3, 0x77, 0x30,
        0x9C, 0x3B, 0x40, 0x00, 0x73, 0x30, 0x8E, 0xB3, 0x74, 0x30, 0x9D, 0x3B, 0x41, 0x00, 0x73, 0x30, 0x87, 0xB3, 0x71, 0x30,
        0x9D, 0x3B, 0x42, 0x00, 0x73, 0x30, 0x82, 0xB3, 0x6E, 0x30, 0x9E, 0x3B, 0x43, 0x00, 0x74, 0x30, 0x7C, 0xB3, 0x6A, 0x30,
        0x9E, 0x3B, 0x44, 0x00, 0x74, 0x30, 0x76, 0xB3, 0x67, 0x30, 0x9F, 0x3B, 0x45, 0x00, 0x71, 0x30, 0x72, 0xB3, 0x64, 0x30,
        0x9F, 0x3B, 0x46, 0x00, 0x71, 0x30, 0x6E, 0xB3, 0x5E, 0x30, 0xA0, 0x3B, 0x47, 0x00, 0x71, 0x30, 0x6A, 0xB3, 0x56, 0x30,
        0xA0, 0x3B, 0x48, 0x00, 0x6F, 0x30, 0x68, 0xB3, 0x4F, 0x30, 0xA1, 0x3B, 0x49, 0x00, 0x6D, 0x30, 0x66, 0xB3, 0x48, 0x30,
        0xA1, 0x3B, 0x4A, 0x00, 0x6B, 0x30, 0x66, 0xB3, 0x42, 0x30, 0xA1, 0x3B, 0x4B, 0x00, 0x68, 0x30, 0x64, 0xB3, 0x3A, 0x30,
        0xA2, 0x3B, 0x4C, 0x00, 0x66, 0x30, 0x65, 0xB3, 0x33, 0x30, 0xA2, 0x3B, 0x4D, 0x00, 0x61, 0x30, 0x68, 0xB3, 0x2C, 0x30,
        0xA2, 0x3B, 0x4E, 0x00, 0x5F, 0x30, 0x6E, 0xB3, 0x24, 0x30, 0xA2, 0x3B, 0x4F, 0x00, 0x5A, 0x30, 0x77, 0xB3, 0x1F, 0x30,
        0xA2, 0x3B, 0x50, 0x00, 0x57, 0x30, 0x82, 0xB3, 0x1A, 0x30, 0xA2, 0x3B, 0x51, 0x00, 0x53, 0x30, 0x8C, 0xB3, 0x14, 0x30,
        0xA2, 0x3B, 0x52, 0x00, 0x4F, 0x30, 0x96, 0xB3, 0x0E, 0x30, 0xA1, 0x3B, 0x53, 0x00, 0x4C, 0x30, 0xA1, 0xB3, 0x09, 0x30,
        0xA1, 0x3B, 0x54, 0x00, 0x48, 0x30, 0xAB, 0xB3, 0x04, 0x30, 0xA1, 0x3B, 0x55, 0x00, 0x44, 0x30, 0xB4, 0xB3, 0xFA, 0x2F,
        0xA0, 0x3B, 0x56, 0x00, 0x3E, 0x30, 0xBB, 0xB3, 0xF1, 0x2F, 0xA0, 0x3B, 0x57, 0x00, 0x38, 0x30, 0xC0, 0xB3, 0xE4, 0x2F,
        0xA0, 0x3B, 0x58, 0x00, 0x31, 0x30, 0xC3, 0xB3, 0xD6, 0x2F, 0xA1, 0x3B, 0x59, 0x00, 0x29, 0x30, 0xC4, 0xB3, 0xC9, 0x2F,
        0xA1, 0x3B, 0x5A, 0x00, 0x20, 0x30, 0xC5, 0xB3, 0xBB, 0x2F, 0xA1, 0x3B, 0x5B, 0x00, 0x1A, 0x30, 0xC5, 0xB3, 0xA8, 0x2F,
        0xA2, 0x3B, 0x5C, 0x00, 0x10, 0x30, 0xC4, 0xB3, 0x9A, 0x2F, 0xA3, 0x3B, 0x5D, 0x00, 0x07, 0x30, 0xC2, 0xB3, 0x8A, 0x2F,
        0xA3, 0x3B, 0x5E, 0x00, 0xFE, 0x2F, 0xC1, 0xB3, 0x7A, 0x2F, 0xA4, 0x3B, 0x5F, 0x00, 0xEC, 0x2F, 0xBF, 0xB3, 0x6B, 0x2F,
        0xA5, 0x3B, 0x60, 0x00, 0xDA, 0x2F, 0xBC, 0xB3, 0x5B, 0x2F, 0xA5, 0x3B, 0x61, 0x00, 0xC8, 0x2F, 0xB9, 0xB3, 0x4B, 0x2F,
        0xA6, 0x3B, 0x62, 0x00, 0xB6, 0x2F, 0xB7, 0xB3, 0x3C, 0x2F, 0xA7, 0x3B, 0x63, 0x00, 0xA6, 0x2F, 0xB6, 0xB3, 0x2E, 0x2F,
        0xA7, 0x3B, 0x64, 0x00, 0x95, 0x2F, 0xAF, 0xB3, 0x1E, 0x2F, 0xA8, 0x3B, 0x65, 0x00, 0x88, 0x2F, 0xA4, 0xB3, 0x0F, 0x2F,
        0xA9, 0x3B, 0x66, 0x00, 0x77, 0x2F, 0xA1, 0xB3, 0x0C, 0x2F, 0xAA, 0x3B, 0x67, 0x00, 0x6A, 0x2F, 0xA4, 0xB3, 0x0F, 0x2F,
        0xAA, 0x3B, 0x68, 0x00, 0x5D, 0x2F, 0xA8, 0xB3, 0x13, 0x2F, 0xAA, 0x3B, 0x69, 0x00, 0x4F, 0x2F, 0xAB, 0xB3, 0x16, 0x2F,
        0xA9, 0x3B, 0x6A, 0x00, 0x41, 0x2F, 0xB0, 0xB3, 0x1A, 0x2F, 0xA9, 0x3B, 0x6B, 0x00, 0x32, 0x2F, 0xB5, 0xB3, 0x21, 0x2F,
        0xA9, 0x3B, 0x6C, 0x00, 0x28, 0x2F, 0xBA, 0xB3, 0x26, 0x2F, 0xA9, 0x3B, 0x6D, 0x00, 0x1C, 0x2F, 0xC1, 0xB3, 0x2E, 0x2F,
        0xA8, 0x3B, 0x6E, 0x00, 0x14, 0x2F, 0xC8, 0xB3, 0x35, 0x2F, 0xA8, 0x3B, 0x6F, 0x00, 0x0B, 0x2F, 0xD0, 0xB3, 0x40, 0x2F,
        0xA7, 0x3B, 0x70, 0x00, 0x02, 0x2F, 0xD9, 0xB3, 0x4C, 0x2F, 0xA7, 0x3B, 0x71, 0x00, 0xFD, 0x2E, 0xE2, 0xB3, 0x5A, 0x2F,
        0xA6, 0x3B, 0x72, 0x00, 0xFA, 0x2E, 0xEE, 0xB3, 0x6B, 0x2F, 0xA5, 0x3B, 0x73, 0x00, 0xFA, 0x2E, 0xFB, 0xB3, 0x7E, 0x2F,
        0xA4, 0x3B, 0x74, 0x00, 0xFC, 0x2E, 0x05, 0xB4, 0x94, 0x2F, 0xA3, 0x3B, 0x75, 0x00, 0xFD, 0x2E, 0x0C, 0xB4, 0xA9, 0x2F,
        0xA1, 0x3B, 0x76, 0x00, 0x00, 0x2F, 0x14, 0xB4, 0xBF, 0x2F, 0xA0, 0x3B, 0x77, 0x00, 0x05, 0x2F, 0x1B, 0xB4, 0xD7, 0x2F,
        0x9F, 0x3B, 0x78, 0x00, 0x0A, 0x2F, 0x22, 0xB4, 0xEF, 0x2F, 0x9D, 0x3B, 0x79, 0x00, 0x10, 0x2F, 0x2A, 0xB4, 0x04, 0x30,
        0x9C, 0x3B, 0x7A, 0x00, 0x1A, 0x2F, 0x33, 0xB4, 0x12, 0x30, 0x9A, 0x3B, 0x7B, 0x00, 0x25, 0x2F, 0x3C, 0xB4, 0x21, 0x30,
        0x98, 0x3B, 0x7C, 0x00, 0x2E, 0x2F, 0x44, 0xB4, 0x31, 0x30, 0x96, 0x3B, 0x7D, 0x00, 0x3E, 0x2F, 0x4A, 0xB4, 0x3E, 0x30,
        0x95, 0x3B, 0x7E, 0x00, 0x4B, 0x2F, 0x4C, 0xB4, 0x48, 0x30, 0x94, 0x3B, 0x7F, 0x00, 0x59, 0x2F, 0x4C, 0xB4, 0x51, 0x30,
        0x93, 0x3B, 0x80, 0x00, 0x68, 0x2F, 0x4A, 0xB4, 0x58, 0x30, 0x93, 0x3B, 0x81, 0x00, 0x77, 0x2F, 0x48, 0xB4, 0x5F, 0x30,
        0x93, 0x3B, 0x82, 0x00, 0x85, 0x2F, 0x44, 0xB4, 0x65, 0x30, 0x93, 0x3B, 0x83, 0x00, 0x93, 0x2F, 0x40, 0xB4, 0x6B, 0x30,
        0x93, 0x3B, 0x84, 0x00, 0xA4, 0x2F, 0x3B, 0xB4, 0x70, 0x30, 0x93, 0x3B, 0x85, 0x00, 0xB5, 0x2F, 0x36, 0xB4, 0x75, 0x30,
        0x93, 0x3B, 0x86, 0x00, 0xC3, 0x2F, 0x32, 0xB4, 0x7C, 0x30, 0x94, 0x3B, 0x87, 0x00, 0xD5, 0x2F, 0x2D, 0xB4, 0x80, 0x30,
        0x94, 0x3B, 0x88, 0x00, 0xE4, 0x2F, 0x2A, 0xB4, 0x86, 0x30, 0x94, 0x3B, 0x00, 0x00, 0x37, 0x13, 0x1D, 0xBC, 0x00, 0x00,
        0x80, 0x00, 0x00, 0x00, 0x24, 0xAB, 0x36, 0xB4, 0xEE, 0xAD, 0xAB, 0x3B, 0x01, 0x00, 0x71, 0xAB, 0x73, 0xB4, 0xF9, 0xAD,
        0xA2, 0x3B, 0x02, 0x00, 0x01, 0xAC, 0xE3, 0xB4, 0x0D, 0xAE, 0x90, 0x3B, 0x03, 0x00, 0x29, 0xAC, 0x1F, 0xB5, 0x17, 0xAE,
        0x86, 0x3B, 0x04, 0x00, 0x6C, 0xAB, 0x58, 0xB4, 0x0C, 0xAE, 0xA6, 0x3B, 0x05, 0x00, 0xC0, 0xA9, 0x97, 0xB1, 0xF8, 0xAD,
        0xD5, 0x3B, 0x06, 0x00, 0xD2, 0xA8, 0x47, 0xAF, 0xE7, 0xAD, 0xE8, 0x3B, 0x07, 0x00, 0xEF, 0xA8, 0xAF, 0xAF, 0xEC, 0xAD,
        0xE7, 0x3B, 0x08, 0x00, 0x09, 0xA9, 0x05, 0xB0, 0xF1, 0xAD, 0xE5, 0x3B, 0x09, 0x00, 0x1F, 0xA9, 0x2D, 0xB0, 0xF5, 0xAD,
        0xE4, 0x3B, 0x0A, 0x00, 0x0A, 0xA9, 0x17, 0xB0, 0xE9, 0xAD, 0xE5, 0x3B, 0x0B, 0x00, 0xDB, 0xA8, 0xB6, 0xAF, 0xD2, 0xAD,
        0xE7, 0x3B, 0x0C, 0x00, 0x9E, 0xA8, 0x15, 0xAF, 0xB5, 0xAD, 0xEA, 0x3B, 0x0D, 0x00, 0x5F, 0xA8, 0x71, 0xAE, 0x98, 0xAD,
        0xED, 0x3B, 0x0E, 0x00, 0x2B, 0xA8, 0xF0, 0xAD, 0x7F, 0xAD, 0xEE, 0x3B, 0x0F, 0x00, 0x0E, 0xA8, 0xC1, 0xAD, 0x70, 0xAD,
        0xEF, 0x3B, 0x10, 0x00, 0x17, 0xA8, 0x10, 0xAE, 0x6F, 0xAD, 0xEE, 0x3B, 0x11, 0x00, 0x46, 0xA8, 0xE1, 0xAE, 0x7A, 0xAD,
        0xEB, 0x3B, 0x12, 0x00, 0x8C, 0xA8, 0x02, 0xB0, 0x8A, 0xAD, 0xE7, 0x3B, 0x13, 0x00, 0xE7, 0xA8, 0xAE, 0xB0, 0x9B, 0xAD,
        0xE0, 0x3B, 0x14, 0x00, 0x52, 0xA9, 0x69, 0xB1, 0xAB, 0xAD, 0xD9, 0x3B, 0x15, 0x00, 0xC1, 0xA9, 0x26, 0xB2, 0xBB, 0xAD,
        0xCF, 0x3B, 0x16, 0x00, 0x2C, 0xAA, 0xD9, 0xB2, 0xCB, 0xAD, 0xC5, 0x3B, 0x17, 0x00, 0x8D, 0xAA, 0x79, 0xB3, 0xD9, 0xAD,
        0xBC, 0x3B, 0x18, 0x00, 0xDC, 0xAA, 0xF8, 0xB3, 0xE4, 0xAD, 0xB3, 0x3B, 0x19, 0x00, 0x11, 0xAB, 0x27, 0xB4, 0xEC, 0xAD,
        0xAE, 0x3B, 0x1A, 0x00, 0x24, 0xAB, 0x36, 0xB4, 0xEE, 0xAD, 0xAB, 0x3B, 0x24, 0x00, 0x24, 0xAB, 0x36, 0xB4, 0xEE, 0xAD,
        0xAB, 0x3B, 0x25, 0x00, 0x13, 0xAB, 0x36, 0xB4, 0xE9, 0xAD, 0xAB, 0x3B, 0x26, 0x00, 0x03, 0xAB, 0x36, 0xB4, 0xE4, 0xAD,
        0xAC, 0x3B, 0x27, 0x00, 0xEB, 0xAA, 0x37, 0xB4, 0xE2, 0xAD, 0xAC, 0x3B, 0x28, 0x00, 0xD1, 0xAA, 0x38, 0xB4, 0xDE, 0xAD,
        0xAC, 0x3B, 0x29, 0x00, 0xBE, 0xAA, 0x38, 0xB4, 0xD9, 0xAD, 0xAC, 0x3B, 0x2A, 0x00, 0xAC, 0xAA, 0x39, 0xB4, 0xD5, 0xAD,
        0xAC, 0x3B, 0x2B, 0x00, 0x97, 0xAA, 0x39, 0xB4, 0xD1, 0xAD, 0xAC, 0x3B, 0x2C, 0x00, 0x86, 0xAA, 0x39, 0xB4, 0xCB, 0xAD,
        0xAC, 0x3B, 0x2D, 0x00, 0x6C, 0xAA, 0x3A, 0xB4, 0xC8, 0xAD, 0xAC, 0x3B, 0x2E, 0x00, 0x57, 0xAA, 0x3A, 0xB4, 0xC4, 0xAD,
        0xAC, 0x3B, 0x2F, 0x00, 0x41, 0xAA, 0x3A, 0xB4, 0xC0, 0xAD, 0xAC, 0x3B, 0x30, 0x00, 0x2F, 0xAA, 0x3B, 0xB4, 0xBC, 0xAD,
        0xAC, 0x3B, 0x31, 0x00, 0x1C, 0xAA, 0x3C, 0xB4, 0xB8, 0xAD, 0xAC, 0x3B, 0x32, 0x00, 0x09, 0xAA, 0x3C, 0xB4, 0xB3, 0xAD,
        0xAC, 0x3B, 0x33, 0x00, 0xF4, 0xA9, 0x3D, 0xB4, 0xB0, 0xAD, 0xAC, 0x3B, 0x34, 0x00, 0xE7, 0xA9, 0x3D, 0xB4, 0xAB, 0xAD,
        0xAC, 0x3B, 0x35, 0x00, 0xD9, 0xA9, 0x3E, 0xB4, 0xA7, 0xAD, 0xAC, 0x3B, 0x36, 0x00, 0xCB, 0xA9, 0x3E, 0xB4, 0xA2, 0xAD,
        0xAC, 0x3B, 0x37, 0x00, 0xBF, 0xA9, 0x3F, 0xB4, 0x9E, 0xAD, 0xAC, 0x3B, 0x38, 0x00, 0xBA, 0xA9, 0x3F, 0xB4, 0x98, 0xAD,
        0xAC, 0x3B, 0x39, 0x00, 0xAA, 0xA9, 0x40, 0xB4, 0x97, 0xAD, 0xAC, 0x3B, 0x3A, 0x00, 0xAB, 0xA9, 0x41, 0xB4, 0x91, 0xAD,
        0xAC, 0x3B, 0x3B, 0x00, 0xAB, 0xA9, 0x42, 0xB4, 0x8B, 0xAD, 0xAC, 0x3B, 0x3C, 0x00, 0xB6, 0xA9, 0x43, 0xB4, 0x84, 0xAD,
        0xAC, 0x3B, 0x3D, 0x00, 0xBD, 0xA9, 0x44, 0xB4, 0x7F, 0xAD, 0xAC, 0x3B, 0x3E, 0x00, 0xC5, 0xA9, 0x45, 0xB4, 0x7B, 0xAD,
        0xAC, 0x3B, 0x3F, 0x00, 0xDA, 0xA9, 0x46, 0xB4, 0x74, 0xAD, 0xAC, 0x3B, 0x40, 0x00, 0xEE, 0xA9, 0x48, 0xB4, 0x6F, 0xAD,
        0xAB, 0x3B, 0x41, 0x00, 0x0C, 0xAA, 0x49, 0xB4, 0x66, 0xAD, 0xAB, 0x3B, 0x42, 0x00, 0x18, 0xAA, 0x4A, 0xB4, 0x65, 0xAD,
        0xAB, 0x3B, 0x43, 0x00, 0x2E, 0xAA, 0x4C, 0xB4, 0x62, 0xAD, 0xAB, 0x3B, 0x44, 0x00, 0x45, 0xAA, 0x4D, 0xB4, 0x61, 0xAD,
        0xAB, 0x3B, 0x45, 0x00, 0x5C, 0xAA, 0x4E, 0xB4, 0x60, 0xAD, 0xAA, 0x3B, 0x46, 0x00, 0x7A, 0xAA, 0x50, 0xB4, 0x63, 0xAD,
        0xAA, 0x3B, 0x47, 0x00, 0x99, 0xAA, 0x52, 0xB4, 0x66, 0xAD, 0xAA, 0x3B, 0x48, 0x00, 0xC3, 0xAA, 0x53, 0xB4, 0x6A, 0xAD,
        0xA9, 0x3B, 0x49, 0x00, 0xE2, 0xAA, 0x55, 0xB4, 0x71, 0xAD, 0xA9, 0x3B, 0x4A, 0x00, 0x07, 0xAB, 0x58, 0xB4, 0x78, 0xAD,
        0xA8, 0x3B, 0x4B, 0x00, 0x2C, 0xAB, 0x59, 0xB4, 0x7F, 0xAD, 0xA8, 0x3B, 0x4C, 0x00, 0x4E, 0xAB, 0x5C, 0xB4, 0x8A, 0xAD,
        0xA7, 0x3B, 0x4D, 0x00, 0x7E, 0xAB, 0x5E, 0xB4, 0x95, 0xAD, 0xA6, 0x3B, 0x4E, 0x00, 0xA9, 0xAB, 0x62, 0xB4, 0xA4, 0xAD,
        0xA6, 0x3B, 0x4F, 0x00, 0xD4, 0xAB, 0x66, 0xB4, 0xB3, 0xAD, 0xA5, 0x3B, 0x50, 0x00, 0xFF, 0xAB, 0x6A, 0xB4, 0xC2, 0xAD,
        0xA4, 0x3B, 0x51, 0x00, 0x15, 0xAC, 0x6F, 0xB4, 0xD2, 0xAD, 0xA3, 0x3B, 0x52, 0x00, 0x2D, 0xAC, 0x73, 0xB4, 0xDF, 0xAD,
        0xA2, 0x3B, 0x53, 0x00, 0x40, 0xAC, 0x78, 0xB4, 0xF1, 0xAD, 0xA1, 0x3B, 0x54, 0x00, 0x55, 0xAC, 0x7C, 0xB4, 0xFF, 0xAD,
        0xA0, 0x3B, 0x55, 0x00, 0x68, 0xAC, 0x80, 0xB4, 0x0D, 0xAE, 0x9F, 0x3B, 0x56, 0x00, 0x7A, 0xAC, 0x83, 0xB4, 0x1A, 0xAE,
        0x9E, 0x3B, 0x57, 0x00, 0x89, 0xAC, 0x84, 0xB4, 0x24, 0xAE, 0x9E, 0x3B, 0x58, 0x00, 0x98, 0xAC, 0x85, 0xB4, 0x2D, 0xAE,
        0x9D, 0x3B, 0x59, 0x00, 0xA5, 0xAC, 0x86, 0xB4, 0x35, 0xAE, 0x9D, 0x3B, 0x5A, 0x00, 0xB1, 0xAC, 0x86, 0xB4, 0x3D, 0xAE,
        0x9D, 0x3B, 0x5B, 0x00, 0xBD, 0xAC, 0x85, 0xB4, 0x44, 0xAE, 0x9C, 0x3B, 0x5C, 0x00, 0xC9, 0xAC, 0x84, 0xB4, 0x4A, 0xAE,
        0x9C, 0x3B, 0x5D, 0x00, 0xD3, 0xAC, 0x83, 0xB4, 0x50, 0xAE, 0x9C, 0x3B, 0x5E, 0x00, 0xDC, 0xAC, 0x82, 0xB4, 0x55, 0xAE,
        0x9C, 0x3B, 0x5F, 0x00, 0xE5, 0xAC, 0x80, 0xB4, 0x5A, 0xAE, 0x9C, 0x3B, 0x60, 0x00, 0xED, 0xAC, 0x7E, 0xB4, 0x61, 0xAE,
        0x9D, 0x3B, 0x61, 0x00, 0xF8, 0xAC, 0x7D, 0xB4, 0x64, 0xAE, 0x9D, 0x3B, 0x62, 0x00, 0x00, 0xAD, 0x7A, 0xB4, 0x68, 0xAE,
        0x9D, 0x3B, 0x63, 0x00, 0x08, 0xAD, 0x78, 0xB4, 0x6D, 0xAE, 0x9D, 0x3B, 0x64, 0x00, 0x0B, 0xAD, 0x73, 0xB4, 0x6F, 0xAE,
        0x9E, 0x3B, 0x65, 0x00, 0x06, 0xAD, 0x6B, 0xB4, 0x6D, 0xAE, 0x9F, 0x3B, 0x66, 0x00, 0x01, 0xAD, 0x64, 0xB4, 0x6A, 0xAE,
        0xA0, 0x3B, 0x67, 0x00, 0xF5, 0xAC, 0x60, 0xB4, 0x6B, 0xAE, 0xA1, 0x3B, 0x68, 0x00, 0xE7, 0xAC, 0x5D, 0xB4, 0x6C, 0xAE,
        0xA1, 0x3B, 0x69, 0x00, 0xDC, 0xAC, 0x59, 0xB4, 0x6C, 0xAE, 0xA2, 0x3B, 0x6A, 0x00, 0xD1, 0xAC, 0x55, 0xB4, 0x6C, 0xAE,
        0xA3, 0x3B, 0x6B, 0x00, 0xC4, 0xAC, 0x52, 0xB4, 0x6C, 0xAE, 0xA3, 0x3B, 0x6C, 0x00, 0xB7, 0xAC, 0x4F, 0xB4, 0x6B, 0xAE,
        0xA4, 0x3B, 0x6D, 0x00, 0xAB, 0xAC, 0x4C, 0xB4, 0x6B, 0xAE, 0xA4, 0x3B, 0x6E, 0x00, 0x9E, 0xAC, 0x49, 0xB4, 0x6B, 0xAE,
        0xA5, 0x3B, 0x6F, 0x00, 0x90, 0xAC, 0x47, 0xB4, 0x6A, 0xAE, 0xA5, 0x3B, 0x70, 0x00, 0x83, 0xAC, 0x45, 0xB4, 0x69, 0xAE,
        0xA6, 0x3B, 0x71, 0x00, 0x76, 0xAC, 0x43, 0xB4, 0x66, 0xAE, 0xA6, 0x3B, 0x72, 0x00, 0x68, 0xAC, 0x43, 0xB4, 0x62, 0xAE,
        0xA6, 0x3B, 0x73, 0x00, 0x5A, 0xAC, 0x42, 0xB4, 0x5F, 0xAE, 0xA7, 0x3B, 0x74, 0x00, 0x4C, 0xAC, 0x42, 0xB4, 0x5B, 0xAE,
        0xA7, 0x3B, 0x75, 0x00, 0x3E, 0xAC, 0x43, 0xB4, 0x56, 0xAE, 0xA7, 0x3B, 0x76, 0x00, 0x30, 0xAC, 0x44, 0xB4, 0x51, 0xAE,
        0xA7, 0x3B, 0x77, 0x00, 0x26, 0xAC, 0x45, 0xB4, 0x4B, 0xAE, 0xA7, 0x3B, 0x78, 0x00, 0x18, 0xAC, 0x47, 0xB4, 0x49, 0xAE,
        0xA7, 0x3B, 0x79, 0x00, 0x0B, 0xAC, 0x4A, 0xB4, 0x48, 0xAE, 0xA7, 0x3B, 0x7A, 0x00, 0x00, 0xAC, 0x4F, 0xB4, 0x47, 0xAE,
        0xA6, 0x3B, 0x7B, 0x00, 0xEC, 0xAB, 0x55, 0xB4, 0x46, 0xAE, 0xA5, 0x3B, 0x7C, 0x00, 0xDB, 0xAB, 0x5A, 0xB4, 0x44, 0xAE,
        0xA5, 0x3B, 0x7D, 0x00, 0xCA, 0xAB, 0x5E, 0xB4, 0x42, 0xAE, 0xA4, 0x3B, 0x7E, 0x00, 0xB9, 0xAB, 0x5F, 0xB4, 0x3D, 0xAE,
        0xA4, 0x3B, 0x7F, 0x00, 0xA9, 0xAB, 0x5D, 0xB4, 0x37, 0xAE, 0xA5, 0x3B, 0x80, 0x00, 0x99, 0xAB, 0x5A, 0xB4, 0x30, 0xAE,
        0xA5, 0x3B, 0x81, 0x00, 0x8A, 0xAB, 0x57, 0xB4, 0x29, 0xAE, 0xA6, 0x3B, 0x82, 0x00, 0x7C, 0xAB, 0x53, 0xB4, 0x22, 0xAE,
        0xA6, 0x3B, 0x83, 0x00, 0x6D, 0xAB, 0x4E, 0xB4, 0x19, 0xAE, 0xA7, 0x3B, 0x84, 0x00, 0x5E, 0xAB, 0x49, 0xB4, 0x10, 0xAE,
        0xA8, 0x3B, 0x85, 0x00, 0x4F, 0xAB, 0x44, 0xB4, 0x07, 0xAE, 0xA9, 0x3B, 0x86, 0x00, 0x46, 0xAB, 0x3F, 0xB4, 0xFD, 0xAD,
        0xAA, 0x3B, 0x87, 0x00, 0x32, 0xAB, 0x3A, 0xB4, 0xF6, 0xAD, 0xAB, 0x3B, 0x88, 0x00, 0x24, 0xAB, 0x36, 0xB4, 0xEE, 0xAD,
        0xAB, 0x3B, 0x00, 0x00, 0xA5, 0xC1, 0x5B, 0x87, 0x00, 0x00, 0x02, 0x00, 0x00, 0x00, 0xCF, 0x9F, 0x18, 0x00, 0x08, 0x80,
        0x00, 0x3C, 0x24, 0x00, 0xCF, 0x9F, 0x18, 0x00, 0x08, 0x80, 0x00, 0x3C, 0x00, 0x00, 0x6F, 0x4D, 0x66, 0x67, 0x00, 0x00,
        0x02, 0x00, 0x00, 0x00, 0x42, 0x00, 0x0F, 0x80, 0x20, 0x00, 0x00, 0x3C, 0x24, 0x00, 0x42, 0x00, 0x0F, 0x80, 0x20, 0x00,
        0x00, 0x3C, 0x00, 0x00, 0x66, 0x9D, 0xAB, 0xD9, 0x00, 0x00, 0x33, 0x00, 0x00, 0x00, 0x54, 0x1F, 0x76, 0xB4, 0x1F, 0xA0,
        0xAF, 0x3B, 0x24, 0x00, 0x54, 0x1F, 0x76, 0xB4, 0x1F, 0xA0, 0xAF, 0x3B, 0x25, 0x00, 0x47, 0x20, 0x77, 0xB4, 0x8D, 0x9F,
        0xAE, 0x3B, 0x27, 0x00, 0xAD, 0x21, 0x7D, 0xB4, 0xE4, 0x9D, 0xAE, 0x3B, 0x28, 0x00, 0x28, 0x22, 0x7D, 0xB4, 0x2F, 0x9D,
        0xAE, 0x3B, 0x29, 0x00, 0x5A, 0x22, 0x79, 0xB4, 0xBD, 0x9C, 0xAE, 0x3B, 0x2A, 0x00, 0xFE, 0x21, 0x71, 0xB4, 0xC0, 0x9C,
        0xAF, 0x3B, 0x2B, 0x00, 0x63, 0x21, 0x68, 0xB4, 0xFE, 0x9C, 0xB1, 0x3B, 0x2C, 0x00, 0xC4, 0x20, 0x5E, 0xB4, 0x4C, 0x9D,
        0xB2, 0x3B, 0x2E, 0x00, 0xD5, 0x1E, 0x48, 0xB4, 0x15, 0x9E, 0xB5, 0x3B, 0x31, 0x00, 0xC1, 0x19, 0x24, 0xB4, 0x42, 0x9F,
        0xBA, 0x3B, 0x34, 0x00, 0xB5, 0x93, 0x05, 0xB4, 0x21, 0xA0, 0xBE, 0x3B, 0x35, 0x00, 0xA1, 0x98, 0xF9, 0xB3, 0x58, 0xA0,
        0xBF, 0x3B, 0x36, 0x00, 0x39, 0x9B, 0xEA, 0xB3, 0x88, 0xA0, 0xC0, 0x3B, 0x37, 0x00, 0xE7, 0x9C, 0xDD, 0xB3, 0xBE, 0xA0,
        0xC1, 0x3B, 0x39, 0x00, 0xF7, 0x9E, 0xC6, 0xB3, 0x15, 0xA1, 0xC2, 0x3B, 0x3B, 0x00, 0x38, 0xA0, 0xB2, 0xB3, 0x48, 0xA1,
        0xC4, 0x3B, 0x3D, 0x00, 0x9F, 0xA0, 0xA1, 0xB3, 0x73, 0xA1, 0xC5, 0x3B, 0x40, 0x00, 0xAE, 0xA0, 0x89, 0xB3, 0x8B, 0xA1,
        0xC6, 0x3B, 0x43, 0x00, 0x3D, 0xA0, 0x7A, 0xB3, 0x55, 0xA1, 0xC7, 0x3B, 0x45, 0x00, 0x34, 0x9F, 0x70, 0xB3, 0x39, 0xA1,
        0xC8, 0x3B, 0x47, 0x00, 0x5D, 0x9D, 0x64, 0xB3, 0x21, 0xA1, 0xC8, 0x3B, 0x49, 0x00, 0x49, 0x9A, 0x5D, 0xB3, 0xD7, 0xA0,
        0xC9, 0x3B, 0x4A, 0x00, 0x2E, 0x98, 0x5B, 0xB3, 0xAC, 0xA0, 0xC9, 0x3B, 0x4C, 0x00, 0xE4, 0x00, 0x5B, 0xB3, 0x4E, 0xA0,
        0xC9, 0x3B, 0x4E, 0x00, 0x01, 0x18, 0x5B, 0xB3, 0x9F, 0x9F, 0xC9, 0x3B, 0x50, 0x00, 0x91, 0x1B, 0x5D, 0xB3, 0xE7, 0x9E,
        0xC9, 0x3B, 0x53, 0x00, 0x22, 0x1E, 0x68, 0xB3, 0x72, 0x9E, 0xC8, 0x3B, 0x56, 0x00, 0xB6, 0x20, 0x76, 0xB3, 0x30, 0x9E,
        0xC7, 0x3B, 0x59, 0x00, 0x92, 0x22, 0x85, 0xB3, 0xE2, 0x9D, 0xC6, 0x3B, 0x5B, 0x00, 0xCF, 0x23, 0x92, 0xB3, 0x7F, 0x9D,
        0xC6, 0x3B, 0x5E, 0x00, 0xB9, 0x24, 0xA7, 0xB3, 0xFB, 0x9C, 0xC4, 0x3B, 0x60, 0x00, 0x33, 0x25, 0xB8, 0xB3, 0xA8, 0x9C,
        0xC3, 0x3B, 0x63, 0x00, 0xB9, 0x25, 0xD0, 0xB3, 0x05, 0x9B, 0xC1, 0x3B, 0x65, 0x00, 0x0C, 0x26, 0xE2, 0xB3, 0xDF, 0x99,
        0xC0, 0x3B, 0x68, 0x00, 0x7C, 0x26, 0xFE, 0xB3, 0x44, 0x99, 0xBE, 0x3B, 0x6A, 0x00, 0x99, 0x26, 0x08, 0xB4, 0x0B, 0x99,
        0xBD, 0x3B, 0x6C, 0x00, 0x77, 0x26, 0x10, 0xB4, 0x87, 0x99, 0xBC, 0x3B, 0x6E, 0x00, 0x0D, 0x26, 0x18, 0xB4, 0x25, 0x9B,
        0xBB, 0x3B, 0x70, 0x00, 0x65, 0x25, 0x1E, 0xB4, 0xB0, 0x9C, 0xBB, 0x3B, 0x71, 0x00, 0xFA, 0x24, 0x21, 0xB4, 0x4B, 0x9D,
        0xBA, 0x3B, 0x74, 0x00, 0x41, 0x23, 0x26, 0xB4, 0x40, 0x9F, 0xBA, 0x3B, 0x76, 0x00, 0x9D, 0x21, 0x2A, 0xB4, 0x2F, 0xA0,
        0xB9, 0x3B, 0x77, 0x00, 0xEC, 0x20, 0x2D, 0xB4, 0x68, 0xA0, 0xB9, 0x3B, 0x78, 0x00, 0x45, 0x20, 0x2F, 0xB4, 0x9B, 0xA0,
        0xB9, 0x3B, 0x7A, 0x00, 0xC7, 0x1E, 0x33, 0xB4, 0xEE, 0xA0, 0xB8, 0x3B, 0x7C, 0x00, 0xEA, 0x1D, 0x39, 0xB4, 0x1C, 0xA1,
        0xB7, 0x3B, 0x7F, 0x00, 0x83, 0x1D, 0x45, 0xB4, 0x3C, 0xA1, 0xB6, 0x3B, 0x82, 0x00, 0x1C, 0x1E, 0x54, 0xB4, 0x08, 0xA1,
        0xB4, 0x3B, 0x86, 0x00, 0x3B, 0x1F, 0x6A, 0xB4, 0x70, 0xA0, 0xB0, 0x3B, 0x88, 0x00, 0x53, 0x1F, 0x76, 0xB4, 0x1F, 0xA0,
        0xAF, 0x3B, 0x02, 0x00, 0x00, 0x00, 0xA7, 0x03, 0x11, 0x00, 0x1D, 0x01, 0x24, 0x00, 0xA7, 0x03, 0x11, 0x00, 0x1D, 0x01,
        0xC1, 0xC4, 0x7A, 0xD6, 0x00, 0x00, 0x04, 0x00, 0x00, 0x00, 0x4F, 0x81, 0x9F, 0x00, 0x16, 0x00, 0x00, 0x3C, 0x24, 0x00,
        0x4F, 0x81, 0x9F, 0x00, 0x16, 0x00, 0x00, 0x3C, 0x81, 0x00, 0x26, 0x00, 0x23, 0x80, 0x0C, 0x00, 0x00, 0x3C, 0x88, 0x00,
        0x72, 0x82, 0x5B, 0x00, 0x0F, 0x00, 0x00, 0x3C, 0x02, 0x00, 0x00, 0x00, 0x08, 0x00, 0x56, 0x80, 0x01, 0x80, 0x24, 0x00,
        0x08, 0x00, 0x56, 0x80, 0x01, 0x80, 0x77, 0x26, 0x80, 0xAB, 0x00, 0x00, 0x80, 0x00, 0x00, 0x00, 0xC0, 0x80, 0x71, 0x3A,
        0x4E, 0x04, 0xBF, 0x38, 0x01, 0x00, 0x75, 0x18, 0x86, 0x3A, 0xDE, 0x16, 0xA2, 0x38, 0x02, 0x00, 0x9D, 0x1E, 0xAB, 0x3A,
        0xEB, 0x1C, 0x6C, 0x38, 0x03, 0x00, 0x8F, 0x20, 0xBD, 0x3A, 0xB7, 0x1E, 0x4F, 0x38, 0x04, 0x00, 0xAE, 0x91, 0x30, 0x3A,
        0x25, 0x8F, 0x12, 0x39, 0x05, 0x00, 0x01, 0xA4, 0xA6, 0x38, 0x33, 0xA0, 0x83, 0x3A, 0x06, 0x00, 0xCC, 0xA5, 0x8F, 0x36,
        0x28, 0xA0, 0x4B, 0x3B, 0x07, 0x00, 0x8E, 0xA5, 0xCC, 0x36, 0x28, 0xA0, 0x3E, 0x3B, 0x08, 0x00, 0x56, 0xA5, 0xFB, 0x36,
        0x23, 0xA0, 0x32, 0x3B, 0x09, 0x00, 0x26, 0xA5, 0x1F, 0x37, 0x1A, 0xA0, 0x29, 0x3B, 0x0A, 0x00, 0x4A, 0xA5, 0x6B, 0x37,
        0x61, 0xA0, 0x16, 0x3B, 0x0B, 0x00, 0x85, 0xA5, 0xEA, 0x37, 0xD9, 0xA0, 0xF3, 0x3A, 0x0C, 0x00, 0xCA, 0xA5, 0x42, 0x38,
        0x67, 0xA1, 0xC5, 0x3A, 0x0D, 0x00, 0xF4, 0xA5, 0x93, 0x38, 0x04, 0xA2, 0x8F, 0x3A, 0x0E, 0x00, 0xE8, 0xA5, 0xE1, 0x38,
        0x9E, 0xA2, 0x56, 0x3A, 0x0F, 0x00, 0xA9, 0xA5, 0x29, 0x39, 0xF5, 0xA2, 0x1C, 0x3A, 0x10, 0x00, 0x27, 0xA5, 0x68, 0x39,
        0xDA, 0xA2, 0xE5, 0x39, 0x11, 0x00, 0x85, 0xA4, 0x9E, 0x39, 0x37, 0xA2, 0xB2, 0x39, 0x12, 0x00, 0xBB, 0xA3, 0xCD, 0x39,
        0x6A, 0xA1, 0x82, 0x39, 0x13, 0x00, 0x62, 0xA2, 0xF5, 0x39, 0x88, 0xA0, 0x56, 0x39, 0x14, 0x00, 0x0A, 0xA1, 0x18, 0x3A,
        0x3A, 0x9F, 0x2F, 0x39, 0x15, 0x00, 0x80, 0x9F, 0x34, 0x3A, 0x66, 0x9D, 0x0D, 0x39, 0x16, 0x00, 0x20, 0x9D, 0x4B, 0x3A,
        0x5E, 0x9B, 0xF1, 0x38, 0x17, 0x00, 0x22, 0x9A, 0x5C, 0x3A, 0x5C, 0x98, 0xDB, 0x38, 0x18, 0x00, 0xC9, 0x95, 0x68, 0x3A,
        0xEB, 0x93, 0xCB, 0x38, 0x19, 0x00, 0x39, 0x8E, 0x6E, 0x3A, 0xBE, 0x8A, 0xC2, 0x38, 0x1A, 0x00, 0xC0, 0x80, 0x71, 0x3A,
        0x4E, 0x04, 0xBF, 0x38, 0x24, 0x00, 0xC0, 0x80, 0x71, 0x3A, 0x4E, 0x04, 0xBF, 0x38, 0x25, 0x00, 0x79, 0x00, 0x72, 0x3A,
        0x4D, 0x01, 0xBD, 0x38, 0x26, 0x00, 0xB2, 0x01, 0x73, 0x3A, 0xB3, 0x81, 0xBC, 0x38, 0x27, 0x00, 0xEB, 0x02, 0x74, 0x3A,
        0xB4, 0x84, 0xBA, 0x38, 0x28, 0x00, 0x57, 0x80, 0x75, 0x3A, 0xA8, 0x81, 0xB9, 0x38, 0x29, 0x00, 0x84, 0x83, 0x76, 0x3A,
        0x01, 0x82, 0xB7, 0x38, 0x2A, 0x00, 0x33, 0x03, 0x78, 0x3A, 0x2E, 0x82, 0xB5, 0x38, 0x2B, 0x00, 0x3C, 0x00, 0x79, 0x3A,
        0x10, 0x04, 0xB4, 0x38, 0x2C, 0x00, 0x47, 0x01, 0x7A, 0x3A, 0xC9, 0x02, 0xB2, 0x38, 0x2D, 0x00, 0x53, 0x02, 0x7B, 0x3A,
        0x83, 0x01, 0xB1, 0x38, 0x2E, 0x00, 0x5F, 0x03, 0x7C, 0x3A, 0x3C, 0x00, 0xAF, 0x38, 0x2F, 0x00, 0xC5, 0x03, 0x7D, 0x3A,
        0x89, 0x02, 0xAE, 0x38, 0x30, 0x00, 0x89, 0x01, 0x7E, 0x3A, 0x8B, 0x02, 0xAC, 0x38, 0x31, 0x00, 0x8D, 0x80, 0x7F, 0x3A,
        0x8E, 0x00, 0xAB, 0x38, 0x32, 0x00, 0x26, 0x00, 0x81, 0x3A, 0x29, 0x80, 0xA9, 0x38, 0x33, 0x00, 0xE6, 0x00, 0x82, 0x3A,
        0xED, 0x81, 0xA7, 0x38, 0x34, 0x00, 0xB6, 0x83, 0x83, 0x3A, 0xC3, 0x81, 0xA6, 0x38, 0x35, 0x00, 0x1E, 0x00, 0x84, 0x3A,
        0x5C, 0x81, 0xA4, 0x38, 0x36, 0x00, 0xE7, 0x82, 0x85, 0x3A, 0x45, 0x03, 0xA3, 0x38, 0x37, 0x00, 0x32, 0x82, 0x86, 0x3A,
        0x4D, 0x02, 0xA1, 0x38, 0x38, 0x00, 0x15, 0x03, 0x88, 0x3A, 0x2F, 0x04, 0x9F, 0x38, 0x39, 0x00, 0x10, 0x04, 0x89, 0x3A,
        0x4B, 0x01, 0x9E, 0x38, 0x3A, 0x00, 0xE5, 0x02, 0x8A, 0x3A, 0x7F, 0x00, 0x9C, 0x38, 0x3B, 0x00, 0xF3, 0x06, 0x8B, 0x3A,
        0x36, 0x02, 0x9B, 0x38, 0x3C, 0x00, 0xB1, 0x80, 0x8C, 0x3A, 0x33, 0x83, 0x9A, 0x38, 0x3D, 0x00, 0xD5, 0x01, 0x8D, 0x3A,
        0x89, 0x00, 0x98, 0x38, 0x3E, 0x00, 0xBD, 0x01, 0x8E, 0x3A, 0xDA, 0x00, 0x97, 0x38, 0x3F, 0x00, 0x36, 0x80, 0x8F, 0x3A,
        0x7F, 0x81, 0x95, 0x38, 0x40, 0x00, 0x2E, 0x80, 0x90, 0x3A, 0x3F, 0x82, 0x94, 0x38, 0x41, 0x00, 0xFD, 0x80, 0x91, 0x3A,
        0x3B, 0x00, 0x92, 0x38, 0x42, 0x00, 0xCC, 0x81, 0x92, 0x3A, 0xB4, 0x02, 0x90, 0x38, 0x43, 0x00, 0x4B, 0x83, 0x93, 0x3A,
        0x50, 0x02, 0x8F, 0x38, 0x44, 0x00, 0x79, 0x80, 0x95, 0x3A, 0x43, 0x02, 0x8C, 0x38, 0x45, 0x00, 0x58, 0x02, 0x97, 0x3A,
        0x36, 0x02, 0x89, 0x38, 0x46, 0x00, 0x2A, 0x05, 0x99, 0x3A, 0x29, 0x02, 0x86, 0x38, 0x47, 0x00, 0xF6, 0x00, 0x9C, 0x3A,
        0x09, 0x82, 0x82, 0x38, 0x48, 0x00, 0xDE, 0x80, 0x9E, 0x3A, 0x87, 0x81, 0x7E, 0x38, 0x49, 0x00, 0x48, 0x83, 0xA1, 0x3A,
        0xDB, 0x00, 0x7A, 0x38, 0x4A, 0x00, 0xB3, 0x00, 0xA4, 0x3A, 0xBE, 0x87, 0x76, 0x38, 0x4B, 0x00, 0xAF, 0x80, 0xA7, 0x3A,
        0xFE, 0x04, 0x72, 0x38, 0x4C, 0x00, 0xD4, 0x80, 0xAA, 0x3A, 0xFD, 0x02, 0x6D, 0x38, 0x4D, 0x00, 0xF9, 0x80, 0xAD, 0x3A,
        0xFC, 0x00, 0x68, 0x38, 0x4E, 0x00, 0x11, 0x03, 0xAF, 0x3A, 0x87, 0x81, 0x65, 0x38, 0x4F, 0x00, 0xAB, 0x04, 0xB1, 0x3A,
        0xD1, 0x80, 0x63, 0x38, 0x50, 0x00, 0xA8, 0x03, 0xB3, 0x3A, 0x69, 0x83, 0x60, 0x38, 0x51, 0x00, 0x05, 0x05, 0xB5, 0x3A,
        0x37, 0x80, 0x5D, 0x38, 0x52, 0x00, 0xA6, 0x00, 0xB7, 0x3A, 0x01, 0x02, 0x5A, 0x38, 0x53, 0x00, 0x84, 0x81, 0xB8, 0x3A,
        0x48, 0x03, 0x58, 0x38, 0x54, 0x00, 0xEB, 0x82, 0xB9, 0x3A, 0xDE, 0x01, 0x56, 0x38, 0x55, 0x00, 0x65, 0x02, 0xB9, 0x3A,
        0x1E, 0x01, 0x56, 0x38, 0x56, 0x00, 0x0E, 0x82, 0xB9, 0x3A, 0x20, 0x83, 0x57, 0x38, 0x57, 0x00, 0x70, 0x01, 0xB7, 0x3A,
        0x0F, 0x84, 0x59, 0x38, 0x58, 0x00, 0x82, 0x82, 0xB4, 0x3A, 0x57, 0x00, 0x5D, 0x38, 0x59, 0x00, 0x5E, 0x04, 0xB1, 0x3A,
        0x7E, 0x00, 0x63, 0x38, 0x5A, 0x00, 0x61, 0x02, 0xAD, 0x3A, 0xA6, 0x82, 0x69, 0x38, 0x5B, 0x00, 0x3D, 0x02, 0xA8, 0x3A,
        0xC0, 0x00, 0x70, 0x38, 0x5C, 0x00, 0x1A, 0x02, 0xA3, 0x3A, 0x26, 0x04, 0x77, 0x38, 0x5D, 0x00, 0xD3, 0x01, 0x9E, 0x3A,
        0xCE, 0x04, 0x7F, 0x38, 0x5E, 0x00, 0x29, 0x82, 0x98, 0x3A, 0xCE, 0x00, 0x87, 0x38, 0x5F, 0x00, 0x72, 0x00, 0x93, 0x3A,
        0x9A, 0x01, 0x8F, 0x38, 0x60, 0x00, 0x73, 0x00, 0x8D, 0x3A, 0xAA, 0x82, 0x98, 0x38, 0x61, 0x00, 0x22, 0x80, 0x87, 0x3A,
        0x6B, 0x00, 0xA0, 0x38, 0x62, 0x00, 0xB9, 0x00, 0x82, 0x3A, 0xA2, 0x04, 0xA8, 0x38, 0x63, 0x00, 0xBB, 0x01, 0x7C, 0x3A,
        0x02, 0x82, 0xAF, 0x38, 0x64, 0x00, 0x9E, 0x01, 0x76, 0x3A, 0x73, 0x00, 0xB8, 0x38, 0x65, 0x00, 0x49, 0x02, 0x6F, 0x3A,
        0x2D, 0x81, 0xC1, 0x38, 0x66, 0x00, 0xA0, 0x00, 0x6A, 0x3A, 0xCA, 0x01, 0xC8, 0x38, 0x67, 0x00, 0xD7, 0x03, 0x66, 0x3A,
        0xB1, 0x81, 0xCD, 0x38, 0x68, 0x00, 0xDA, 0x03, 0x62, 0x3A, 0x10, 0x84, 0xD2, 0x38, 0x69, 0x00, 0x63, 0x01, 0x5E, 0x3A,
        0x4B, 0x83, 0xD8, 0x38, 0x6A, 0x00, 0xD0, 0x01, 0x5B, 0x3A, 0x40, 0x00, 0xDC, 0x38, 0x6B, 0x00, 0xA3, 0x80, 0x57, 0x3A,
        0x83, 0x00, 0xE1, 0x38, 0x6C, 0x00, 0x3B, 0x81, 0x53, 0x3A, 0x29, 0x80, 0xE6, 0x38, 0x6D, 0x00, 0x3A, 0x80, 0x51, 0x3A,
        0xE9, 0x80, 0xE9, 0x38, 0x6E, 0x00, 0xC7, 0x00, 0x4E, 0x3A, 0xA8, 0x81, 0xEC, 0x38, 0x6F, 0x00, 0xBF, 0x86, 0x4C, 0x3A,
        0x72, 0x84, 0xEF, 0x38, 0x70, 0x00, 0x11, 0x81, 0x4B, 0x3A, 0xE3, 0x01, 0xF1, 0x38, 0x71, 0x00, 0x84, 0x81, 0x4A, 0x3A,
        0x80, 0x80, 0xF1, 0x38, 0x72, 0x00, 0xC7, 0x00, 0x4B, 0x3A, 0xF2, 0x80, 0xF1, 0x38, 0x73, 0x00, 0x5C, 0x81, 0x4C, 0x3A,
        0xB1, 0x81, 0xEF, 0x38, 0x74, 0x00, 0x5A, 0x81, 0x4E, 0x3A, 0x1D, 0x86, 0xED, 0x38, 0x75, 0x00, 0x4A, 0x02, 0x50, 0x3A,
        0x7F, 0x81, 0xEA, 0x38, 0x76, 0x00, 0x5F, 0x01, 0x53, 0x3A, 0x66, 0x02, 0xE6, 0x38, 0x77, 0x00, 0x65, 0x80, 0x55, 0x3A,
        0x1E, 0x00, 0xE3, 0x38, 0x78, 0x00, 0x64, 0x01, 0x58, 0x3A, 0x4B, 0x82, 0xE0, 0x38, 0x79, 0x00, 0xA5, 0x02, 0x5A, 0x3A,
        0xED, 0x01, 0xDD, 0x38, 0x7A, 0x00, 0x98, 0x82, 0x5E, 0x3A, 0x55, 0x81, 0xD8, 0x38, 0x7B, 0x00, 0x0B, 0x00, 0x61, 0x3A,
        0x80, 0x02, 0xD3, 0x38, 0x7C, 0x00, 0x98, 0x00, 0x65, 0x3A, 0x90, 0x01, 0xCF, 0x38, 0x7D, 0x00, 0x17, 0x00, 0x68, 0x3A,
        0x0E, 0x00, 0xCB, 0x38, 0x7E, 0x00, 0x7B, 0x80, 0x6A, 0x3A, 0x9B, 0x03, 0xC8, 0x38, 0x7F, 0x00, 0x59, 0x03, 0x6B, 0x3A,
        0xFB, 0x82, 0xC6, 0x38, 0x80, 0x00, 0x59, 0x83, 0x6C, 0x3A, 0xA7, 0x01, 0xC5, 0x38, 0x81, 0x00, 0x12, 0x00, 0x6D, 0x3A,
        0xE0, 0x00, 0xC4, 0x38, 0x82, 0x00, 0x7C, 0x03, 0x6E, 0x3A, 0x1A, 0x00, 0xC3, 0x38, 0x83, 0x00, 0x36, 0x81, 0x6E, 0x3A,
        0x79, 0x04, 0xC2, 0x38, 0x84, 0x00, 0x85, 0x03, 0x6F, 0x3A, 0x9F, 0x00, 0xC2, 0x38, 0x85, 0x00, 0x7A, 0x80, 0x6F, 0x3A,
        0x21, 0x80, 0xC1, 0x38, 0x86, 0x00, 0x42, 0x00, 0x70, 0x3A, 0x67, 0x00, 0xC0, 0x38, 0x87, 0x00, 0x2B, 0x83, 0x70, 0x3A,
        0x60, 0x02, 0xC0, 0x38, 0x88, 0x00, 0x27, 0x80, 0x71, 0x3A, 0x8E, 0x02, 0xBF, 0x38, 0x00, 0x00, 0x02, 0x4D, 0x31, 0x59,
        0x00, 0x00, 0x80, 0x00, 0x00, 0x00, 0xC4, 0x80, 0xB0, 0x39, 0x13, 0x03, 0xA0, 0x39, 0x01, 0x00, 0xA6, 0x93, 0xCC, 0x39,
        0x12, 0x93, 0x83, 0x39, 0x02, 0x00, 0x9E, 0x99, 0xFD, 0x39, 0x64, 0x99, 0x4E, 0x39, 0x03, 0x00, 0xBC, 0x9B, 0x16, 0x3A,
        0x6C, 0x9B, 0x31, 0x39, 0x04, 0x00, 0xB8, 0x95, 0xB1, 0x39, 0x6A, 0x95, 0x9F, 0x39, 0x05, 0x00, 0xC5, 0x18, 0xC1, 0x38,
        0x97, 0x18, 0x6F, 0x3A, 0x06, 0x00, 0x75, 0x1C, 0x0F, 0x38, 0xD1, 0x1A, 0xE5, 0x3A, 0x07, 0x00, 0x1E, 0x1C, 0x0E, 0x38,
        0x55, 0x1A, 0xE6, 0x3A, 0x08, 0x00, 0xA1, 0x1B, 0x0A, 0x38, 0xE3, 0x19, 0xE8, 0x3A, 0x09, 0x00, 0x1D, 0x1B, 0x05, 0x38,
        0x7D, 0x19, 0xEB, 0x3A, 0x0A, 0x00, 0x0D, 0x1C, 0x05, 0x38, 0x39, 0x1A, 0xEB, 0x3A, 0x0B, 0x00, 0x03, 0x1D, 0x07, 0x38,
        0xA3, 0x1B, 0xEA, 0x3A, 0x0C, 0x00, 0x3A, 0x1E, 0x0A, 0x38, 0xB4, 0x1C, 0xE8, 0x3A, 0x0D, 0x00, 0x79, 0x1F, 0x10, 0x38,
        0x9D, 0x1D, 0xE4, 0x3A, 0x0E, 0x00, 0x43, 0x20, 0x1C, 0x38, 0x6D, 0x1E, 0xDD, 0x3A, 0x0F, 0x00, 0x92, 0x20, 0x2F, 0x38,
        0x05, 0x1F, 0xD1, 0x3A, 0x10, 0x00, 0x8D, 0x20, 0x4E, 0x38, 0x41, 0x1F, 0xBE, 0x3A, 0x11, 0x00, 0x3E, 0x20, 0x78, 0x38,
        0x26, 0x1F, 0xA2, 0x3A, 0x12, 0x00, 0x91, 0x1F, 0xA9, 0x38, 0xD0, 0x1E, 0x81, 0x3A, 0x13, 0x00, 0x7C, 0x1E, 0xDC, 0x38,
        0x26, 0x1E, 0x5B, 0x3A, 0x14, 0x00, 0x55, 0x1D, 0x0D, 0x39, 0x29, 0x1D, 0x34, 0x3A, 0x15, 0x00, 0x1C, 0x1C, 0x3B, 0x39,
        0x0D, 0x1C, 0x0E, 0x3A, 0x16, 0x00, 0xCD, 0x19, 0x62, 0x39, 0xCE, 0x19, 0xEB, 0x39, 0x17, 0x00, 0x22, 0x17, 0x83, 0x39,
        0x45, 0x17, 0xCC, 0x39, 0x18, 0x00, 0xD9, 0x12, 0x9B, 0x39, 0x3E, 0x13, 0xB5, 0x39, 0x19, 0x00, 0x1A, 0x0B, 0xAB, 0x39,
        0x78, 0x0C, 0xA6, 0x39, 0x1A, 0x00, 0xC4, 0x80, 0xB0, 0x39, 0x13, 0x03, 0xA0, 0x39, 0x24, 0x00, 0xC4, 0x80, 0xB0, 0x39,
        0x13, 0x03, 0xA0, 0x39, 0x25, 0x00, 0xDC, 0x04, 0xB2, 0x39, 0x1E, 0x00, 0x9E, 0x39, 0x26, 0x00, 0x5B, 0x01, 0xB4, 0x39,
        0x15, 0x00, 0x9C, 0x39, 0x27, 0x00, 0x3E, 0x00, 0xB7, 0x39, 0x1F, 0x80, 0x9A, 0x39, 0x28, 0x00, 0x07, 0x01, 0xB9, 0x39,
        0x62, 0x82, 0x97, 0x39, 0x29, 0x00, 0xF6, 0x00, 0xBB, 0x39, 0xB0, 0x81, 0x95, 0x39, 0x2A, 0x00, 0xE5, 0x00, 0xBD, 0x39,
        0xFF, 0x80, 0x93, 0x39, 0x2B, 0x00, 0xD4, 0x00, 0xBF, 0x39, 0x4D, 0x80, 0x91, 0x39, 0x2C, 0x00, 0xA7, 0x00, 0xC2, 0x39,
        0x16, 0x81, 0x8E, 0x39, 0x2D, 0x00, 0x67, 0x00, 0xC4, 0x39, 0x19, 0x81, 0x8C, 0x39, 0x2E, 0x00, 0x27, 0x00, 0xC6, 0x39,
        0x1B, 0x81, 0x8A, 0x39, 0x2F, 0x00, 0x4C, 0x00, 0xC8, 0x39, 0x35, 0x80, 0x88, 0x39, 0x30, 0x00, 0xDE, 0x00, 0xCA, 0x39,
        0x15, 0x01, 0x85, 0x39, 0x31, 0x00, 0x9B, 0x80, 0xCD, 0x39, 0x44, 0x01, 0x83, 0x39, 0x32, 0x00, 0x3F, 0x01, 0xCF, 0x39,
        0x13, 0x00, 0x81, 0x39, 0x33, 0x00, 0x8D, 0x80, 0xD1, 0x39, 0xCB, 0x80, 0x7E, 0x39, 0x34, 0x00, 0x2B, 0x80, 0xD3, 0x39,
        0x86, 0x80, 0x7C, 0x39, 0x35, 0x00, 0x38, 0x00, 0xD5, 0x39, 0x42, 0x80, 0x7A, 0x39, 0x36, 0x00, 0x9A, 0x00, 0xD7, 0x39,
        0x03, 0x00, 0x78, 0x39, 0x37, 0x00, 0x67, 0x80, 0xD9, 0x39, 0xA5, 0x80, 0x76, 0x39, 0x38, 0x00, 0xF1, 0x80, 0xDB, 0x39,
        0x70, 0x01, 0x74, 0x39, 0x39, 0x00, 0xEC, 0x00, 0xDC, 0x39, 0x04, 0x80, 0x72, 0x39, 0x3A, 0x00, 0xE8, 0x00, 0xDE, 0x39,
        0x15, 0x80, 0x70, 0x39, 0x3B, 0x00, 0xE4, 0x00, 0xE0, 0x39, 0x26, 0x80, 0x6E, 0x39, 0x3C, 0x00, 0x28, 0x00, 0xE1, 0x39,
        0x89, 0x80, 0x6D, 0x39, 0x3D, 0x00, 0x43, 0x03, 0xE2, 0x39, 0x90, 0x01, 0x6B, 0x39, 0x3E, 0x00, 0x05, 0x01, 0xE3, 0x39,
        0x6C, 0x80, 0x6A, 0x39, 0x3F, 0x00, 0x6D, 0x80, 0xE5, 0x39, 0x1C, 0x00, 0x69, 0x39, 0x40, 0x00, 0x5C, 0x80, 0xE6, 0x39,
        0x23, 0x00, 0x67, 0x39, 0x41, 0x00, 0x32, 0x00, 0xE7, 0x39, 0x17, 0x00, 0x66, 0x39, 0x42, 0x00, 0x5B, 0x00, 0xE8, 0x39,
        0x47, 0x01, 0x65, 0x39, 0x43, 0x00, 0xA0, 0x00, 0xEA, 0x39, 0xFF, 0x80, 0x63, 0x39, 0x44, 0x00, 0x2A, 0x00, 0xEB, 0x39,
        0xBF, 0x05, 0x62, 0x39, 0x45, 0x00, 0x9E, 0x00, 0xED, 0x39, 0xC0, 0x05, 0x60, 0x39, 0x46, 0x00, 0x12, 0x01, 0xEF, 0x39,
        0xC2, 0x05, 0x5E, 0x39, 0x47, 0x00, 0x36, 0x00, 0xF1, 0x39, 0x26, 0x83, 0x5B, 0x39, 0x48, 0x00, 0xE9, 0x00, 0xF3, 0x39,
        0xEB, 0x81, 0x59, 0x39, 0x49, 0x00, 0x9C, 0x01, 0xF5, 0x39, 0xB0, 0x80, 0x57, 0x39, 0x4A, 0x00, 0x53, 0x80, 0xF7, 0x39,
        0x0B, 0x00, 0x54, 0x39, 0x4B, 0x00, 0xC5, 0x00, 0xF9, 0x39, 0x53, 0x01, 0x52, 0x39, 0x4C, 0x00, 0x91, 0x01, 0xFC, 0x39,
        0xA2, 0x80, 0x50, 0x39, 0x4D, 0x00, 0xA8, 0x00, 0xFE, 0x39, 0x53, 0x80, 0x4D, 0x39, 0x4E, 0x00, 0x54, 0x00, 0xFF, 0x39,
        0x97, 0x01, 0x4C, 0x39, 0x4F, 0x00, 0x01, 0x00, 0x00, 0x3A, 0x82, 0x03, 0x4B, 0x39, 0x50, 0x00, 0x3F, 0x00, 0x01, 0x3A,
        0xE2, 0x80, 0x4A, 0x39, 0x51, 0x00, 0x68, 0x01, 0x02, 0x3A, 0x51, 0x80, 0x49, 0x39, 0x52, 0x00, 0x6D, 0x01, 0x03, 0x3A,
        0xD4, 0x82, 0x48, 0x39, 0x53, 0x00, 0x03, 0x02, 0x03, 0x3A, 0x53, 0x82, 0x47, 0x39, 0x54, 0x00, 0x99, 0x02, 0x04, 0x3A,
        0xD3, 0x81, 0x47, 0x39, 0x55, 0x00, 0xFF, 0x00, 0x03, 0x3A, 0x74, 0x80, 0x47, 0x39, 0x56, 0x00, 0x9A, 0x80, 0x03, 0x3A,
        0xEC, 0x00, 0x48, 0x39, 0x57, 0x00, 0x42, 0x03, 0x01, 0x3A, 0x80, 0x83, 0x4A, 0x39, 0x58, 0x00, 0x01, 0x01, 0xFE, 0x39,
        0x55, 0x83, 0x4D, 0x39, 0x59, 0x00, 0x41, 0x81, 0xFB, 0x39, 0x2B, 0x83, 0x50, 0x39, 0x5A, 0x00, 0x01, 0x81, 0xF8, 0x39,
        0xCB, 0x82, 0x54, 0x39, 0x5B, 0x00, 0x9A, 0x81, 0xF4, 0x39, 0x29, 0x01, 0x58, 0x39, 0x5C, 0x00, 0x6B, 0x02, 0xF0, 0x39,
        0xC5, 0x01, 0x5D, 0x39, 0x5D, 0x00, 0x31, 0x02, 0xEB, 0x39, 0x23, 0x80, 0x62, 0x39, 0x5E, 0x00, 0x41, 0x81, 0xE7, 0x39,
        0xF0, 0x82, 0x67, 0x39, 0x5F, 0x00, 0x61, 0x00, 0xE2, 0x39, 0x04, 0x81, 0x6C, 0x39, 0x60, 0x00, 0x04, 0x02, 0xDD, 0x39,
        0xE9, 0x00, 0x71, 0x39, 0x61, 0x00, 0xA0, 0x00, 0xD9, 0x39, 0x23, 0x80, 0x76, 0x39, 0x62, 0x00, 0xCA, 0x81, 0xD5, 0x39,
        0x6B, 0x02, 0x7A, 0x39, 0x63, 0x00, 0xA5, 0x02, 0xD0, 0x39, 0x00, 0x00, 0x7F, 0x39, 0x64, 0x00, 0x5A, 0x00, 0xCC, 0x39,
        0xF3, 0x80, 0x83, 0x39, 0x65, 0x00, 0xF1, 0x81, 0xC9, 0x39, 0x6F, 0x80, 0x87, 0x39, 0x66, 0x00, 0x0E, 0x81, 0xC6, 0x39,
        0x75, 0x00, 0x89, 0x39, 0x67, 0x00, 0x30, 0x02, 0xC5, 0x39, 0x57, 0x00, 0x8B, 0x39, 0x68, 0x00, 0xA5, 0x01, 0xC4, 0x39,
        0x65, 0x80, 0x8C, 0x39, 0x69, 0x00, 0x19, 0x01, 0xC3, 0x39, 0x21, 0x81, 0x8D, 0x39, 0x6A, 0x00, 0x8D, 0x00, 0xC2, 0x39,
        0xDE, 0x81, 0x8E, 0x39, 0x6B, 0x00, 0x02, 0x00, 0xC1, 0x39, 0x9A, 0x82, 0x8F, 0x39, 0x6C, 0x00, 0x50, 0x00, 0xC1, 0x39,
        0xC6, 0x82, 0x8F, 0x39, 0x6D, 0x00, 0xCC, 0x01, 0xC0, 0x39, 0xE5, 0x82, 0x8F, 0x39, 0x6E, 0x00, 0x7C, 0x02, 0xC0, 0x39,
        0x96, 0x80, 0x90, 0x39, 0x6F, 0x00, 0x08, 0x01, 0xC0, 0x39, 0xF7, 0x80, 0x90, 0x39, 0x70, 0x00, 0x6B, 0x80, 0xC0, 0x39,
        0x59, 0x81, 0x90, 0x39, 0x71, 0x00, 0x73, 0x80, 0xC1, 0x39, 0x8B, 0x81, 0x8F, 0x39, 0x72, 0x00, 0x7A, 0x80, 0xC2, 0x39,
        0xBE, 0x81, 0x8E, 0x39, 0x73, 0x00, 0x82, 0x80, 0xC3, 0x39, 0xF0, 0x81, 0x8D, 0x39, 0x74, 0x00, 0x3A, 0x80, 0xC4, 0x39,
        0x3C, 0x00, 0x8B, 0x39, 0x75, 0x00, 0xC2, 0x00, 0xC6, 0x39, 0xE0, 0x01, 0x8A, 0x39, 0x76, 0x00, 0xED, 0x80, 0xC8, 0x39,
        0xBA, 0x82, 0x88, 0x39, 0x77, 0x00, 0xE4, 0x00, 0xC9, 0x39, 0x68, 0x00, 0x86, 0x39, 0x78, 0x00, 0x42, 0x03, 0xCA, 0x39,
        0x7E, 0x04, 0x85, 0x39, 0x79, 0x00, 0x14, 0x82, 0xCB, 0x39, 0x19, 0x81, 0x84, 0x39, 0x7A, 0x00, 0x41, 0x82, 0xCC, 0x39,
        0xCF, 0x00, 0x83, 0x39, 0x7B, 0x00, 0xF3, 0x81, 0xCD, 0x39, 0x02, 0x01, 0x82, 0x39, 0x7C, 0x00, 0x97, 0x01, 0xCD, 0x39,
        0x35, 0x81, 0x82, 0x39, 0x7D, 0x00, 0x59, 0x81, 0xCE, 0x39, 0xEE, 0x01, 0x82, 0x39, 0x7E, 0x00, 0x55, 0x00, 0xCD, 0x39,
        0xD3, 0x80, 0x83, 0x39, 0x7F, 0x00, 0xF4, 0x02, 0xCB, 0x39, 0xD8, 0x81, 0x85, 0x39, 0x80, 0x00, 0x08, 0x00, 0xC8, 0x39,
        0x0D, 0x01, 0x87, 0x39, 0x81, 0x00, 0x41, 0x80, 0xC6, 0x39, 0x4E, 0x00, 0x8A, 0x39, 0x82, 0x00, 0x9C, 0x80, 0xC3, 0x39,
        0x61, 0x00, 0x8D, 0x39, 0x83, 0x00, 0xF8, 0x80, 0xC0, 0x39, 0x73, 0x00, 0x90, 0x39, 0x84, 0x00, 0x54, 0x81, 0xBD, 0x39,
        0x86, 0x00, 0x93, 0x39, 0x85, 0x00, 0xAF, 0x81, 0xBA, 0x39, 0x99, 0x00, 0x96, 0x39, 0x86, 0x00, 0x56, 0x00, 0xB6, 0x39,
        0x5E, 0x80, 0x9A, 0x39, 0x87, 0x00, 0x05, 0x80, 0xB3, 0x39, 0x9F, 0x00, 0x9D, 0x39, 0x88, 0x00, 0x60, 0x80, 0xB0, 0x39,
        0x9B, 0x01, 0xA0, 0x39, 0x00, 0x00, 0xC9, 0x0A, 0xE9, 0xD2, 0x00, 0x00, 0x28, 0x00, 0x00, 0x00, 0x0D, 0x1A, 0x23, 0xAB,
        0x71, 0x98, 0xFD, 0x3B, 0x24, 0x00, 0x0D, 0x1A, 0x23, 0xAB, 0x71, 0x98, 0xFD, 0x3B, 0x25, 0x00, 0x21, 0x1A, 0xF7, 0xAA,
        0x63, 0x98, 0xFD, 0x3B, 0x27, 0x00, 0x48, 0x1A, 0x8A, 0xAA, 0x31, 0x98, 0xFD, 0x3B, 0x28, 0x00, 0x56, 0x1A, 0x71, 0xAA,
        0x3B, 0x98, 0xFD, 0x3B, 0x29, 0x00, 0x4D, 0x1A, 0x81, 0xAA, 0x7C, 0x98, 0xFD, 0x3B, 0x2A, 0x00, 0x43, 0x1A, 0xBE, 0xAA,
        0xF5, 0x98, 0xFD, 0x3B, 0x2B, 0x00, 0x38, 0x1A, 0x16, 0xAB, 0x8A, 0x99, 0xFD, 0x3B, 0x2C, 0x00, 0x39, 0x1A, 0x7B, 0xAB,
        0x37, 0x9A, 0xFC, 0x3B, 0x31, 0x00, 0xE8, 0x1A, 0xE6, 0xAC, 0x0A, 0x9D, 0xFA, 0x3B, 0x32, 0x00, 0x26, 0x1B, 0x14, 0xAD,
        0x41, 0x9D, 0xFA, 0x3B, 0x33, 0x00, 0x67, 0x1B, 0x3A, 0xAD, 0x7F, 0x9D, 0xF9, 0x3B, 0x34, 0x00, 0x44, 0x1B, 0x58, 0xAD,
        0xA2, 0x9D, 0xF9, 0x3B, 0x35, 0x00, 0x22, 0x1B, 0x62, 0xAD, 0xC6, 0x9D, 0xF9, 0x3B, 0x36, 0x00, 0xE3, 0x1A, 0x5C, 0xAD,
        0xDB, 0x9D, 0xF9, 0x3B, 0x39, 0x00, 0x34, 0x1A, 0x26, 0xAD, 0xD1, 0x9D, 0xF9, 0x3B, 0x3B, 0x00, 0xEB, 0x19, 0xFD, 0xAC,
        0x9A, 0x9D, 0xFA, 0x3B, 0x3E, 0x00, 0x3B, 0x19, 0xAE, 0xAC, 0x52, 0x9D, 0xFA, 0x3B, 0x41, 0x00, 0x92, 0x18, 0x58, 0xAC,
        0xF0, 0x9C, 0xFB, 0x3B, 0x44, 0x00, 0xE8, 0x16, 0x03, 0xAC, 0x63, 0x9C, 0xFC, 0x3B, 0x48, 0x00, 0x39, 0x16, 0xE3, 0xAA,
        0x35, 0x9C, 0xFD, 0x3B, 0x4D, 0x00, 0xD1, 0x14, 0xBA, 0xA9, 0xED, 0x99, 0xFE, 0x3B, 0x4F, 0x00, 0x87, 0x12, 0x48, 0xA9,
        0x51, 0x98, 0xFE, 0x3B, 0x51, 0x00, 0x64, 0x10, 0xE5, 0xA8, 0x07, 0x97, 0xFE, 0x3B, 0x54, 0x00, 0x06, 0x10, 0x75, 0xA8,
        0xCC, 0x96, 0xFF, 0x3B, 0x56, 0x00, 0xBA, 0x12, 0x38, 0xA8, 0xF0, 0x96, 0xFF, 0x3B, 0x57, 0x00, 0x2B, 0x14, 0x22, 0xA8,
        0x3F, 0x97, 0xFF, 0x3B, 0x59, 0x00, 0xA0, 0x15, 0x4F, 0xA8, 0xC6, 0x97, 0xFF, 0x3B, 0x5D, 0x00, 0x15, 0x18, 0xC9, 0xA8,
        0x4E, 0x98, 0xFF, 0x3B, 0x61, 0x00, 0x00, 0x18, 0x4F, 0xA9, 0xB1, 0x98, 0xFE, 0x3B, 0x64, 0x00, 0x38, 0x16, 0xBD, 0xA9,
        0x90, 0x97, 0xFE, 0x3B, 0x68, 0x00, 0x15, 0x18, 0x57, 0xAA, 0x0B, 0x97, 0xFD, 0x3B, 0x6D, 0x00, 0xFD, 0x18, 0xF9, 0xAA,
        0xA1, 0x97, 0xFD, 0x3B, 0x70, 0x00, 0xB6, 0x19, 0x58, 0xAB, 0x03, 0x99, 0xFD, 0x3B, 0x74, 0x00, 0x65, 0x19, 0x88, 0xAB,
        0xB2, 0x9A, 0xFC, 0x3B, 0x78, 0x00, 0xAB, 0x19, 0xA8, 0xAB, 0x96, 0x9B, 0xFC, 0x3B, 0x7B, 0x00, 0xF3, 0x19, 0x99, 0xAB,
        0x02, 0x9C, 0xFC, 0x3B, 0x80, 0x00, 0xF7, 0x19, 0x69, 0xAB, 0x21, 0x9C, 0xFD, 0x3B, 0x84, 0x00, 0x6F, 0x1A, 0x38, 0xAB,
        0xC8, 0x9A, 0xFD, 0x3B, 0x88, 0x00, 0x0C, 0x1A, 0x21, 0xAB, 0x6F, 0x98, 0xFD, 0x3B, 0x02, 0x00, 0x00, 0x00, 0x48, 0x01,
        0x11, 0x00, 0x13, 0x00, 0x24, 0x00, 0x48, 0x01, 0x11, 0x00, 0x13, 0x00, 0xC2, 0x41, 0xDB, 0xD9, 0x00, 0x00, 0x03, 0x00,
        0x00, 0x00, 0x7A, 0x99, 0x51, 0x80, 0x7B, 0x99, 0x00, 0x3C, 0x24, 0x00, 0x7A, 0x99, 0x51, 0x80, 0x7B, 0x99, 0x00, 0x3C,
        0x88, 0x00, 0x74, 0x99, 0x4B, 0x80, 0x75, 0x99, 0x00, 0x3C, 0x02, 0x00, 0x00, 0x00, 0x58, 0xAE, 0xEF, 0x0D, 0x58, 0x2E,
        0x24, 0x00, 0x58, 0xAE, 0xEF, 0x0D, 0x58, 0x2E, 0x69, 0xC6, 0x80, 0xBC, 0x00, 0x00, 0x09, 0x00, 0x00, 0x00, 0xA9, 0x83,
        0x29, 0x80, 0xC0, 0x83, 0x00, 0x3C, 0x24, 0x00, 0xA9, 0x83, 0x29, 0x80, 0xC0, 0x83, 0x00, 0x3C, 0x28, 0x00, 0x0B, 0x06,
        0x1A, 0x80, 0x68, 0x06, 0x00, 0x3C, 0x2C, 0x00, 0xAF, 0x82, 0x41, 0x80, 0xF4, 0x82, 0x00, 0x3C, 0x45, 0x00, 0x7B, 0x01,
        0x42, 0x80, 0x5A, 0x01, 0x00, 0x3C, 0x58, 0x00, 0xBC, 0x82, 0x26, 0x03, 0x3F, 0x84, 0x00, 0x3C, 0x82, 0x00, 0x39, 0x03,
        0x00, 0x00, 0x13, 0x03, 0x00, 0x3C, 0x87, 0x00, 0xDE, 0x80, 0x70, 0x00, 0xB8, 0x04, 0x00, 0x3C, 0x88, 0x00, 0xAB, 0x86,
        0x6B, 0x80, 0xE6, 0x86, 0x00, 0x3C, 0x00, 0x00, 0x91, 0xA9, 0x96, 0x37, 0x00, 0x00, 0x0C, 0x00, 0x00, 0x00, 0x3B, 0x05,
        0x09, 0x80, 0x0E, 0x00, 0x00, 0x3C, 0x24, 0x00, 0x3B, 0x05, 0x09, 0x80, 0x0E, 0x00, 0x00, 0x3C, 0x28, 0x00, 0x68, 0x88,
        0x4A, 0x00, 0x1C, 0x00, 0x00, 0x3C, 0x2C, 0x00, 0xFA, 0x03, 0x28, 0x80, 0x0B, 0x80, 0x00, 0x3C, 0x45, 0x00, 0x03, 0x82,
        0x0F, 0x80, 0x0D, 0x80, 0x00, 0x3C, 0x48, 0x00, 0x50, 0x08, 0xC1, 0x82, 0x1D, 0x05, 0x00, 0x3C, 0x4B, 0x00, 0xDE, 0x86,
        0x26, 0x01, 0xCA, 0x00, 0x00, 0x3C, 0x55, 0x00, 0x19, 0x02, 0xA4, 0x85, 0x14, 0x83, 0x00, 0x3C, 0x6B, 0x00, 0xB1, 0x02,
        0xAB, 0x05, 0x05, 0x83, 0x00, 0x3C, 0x82, 0x00, 0x76, 0x84, 0x14, 0x80, 0x35, 0x00, 0x00, 0x3C, 0x87, 0x00, 0xBC, 0x82,
        0xF5, 0x03, 0xCA, 0x00, 0x00, 0x3C, 0x88, 0x00, 0xCB, 0x08, 0x1F, 0x80, 0x34, 0x80, 0x00, 0x3C, 0x00, 0x00, 0x1A, 0xA4,
        0xF2, 0xD2, 0x00, 0x00, 0x0C, 0x00, 0x00, 0x00, 0x3B, 0x05, 0x09, 0x80, 0x0E, 0x00, 0x00, 0x3C, 0x24, 0x00, 0x3B, 0x05,
        0x09, 0x80, 0x0E, 0x00, 0x00, 0x3C, 0x28, 0x00, 0x68, 0x88, 0x4A, 0x00, 0x1C, 0x00, 0x00, 0x3C, 0x2C, 0x00, 0xFA, 0x03,
        0x28, 0x80, 0x0B, 0x80, 0x00, 0x3C, 0x45, 0x00, 0x03, 0x82, 0x0F, 0x80, 0x0D, 0x80, 0x00, 0x3C, 0x48, 0x00, 0x50, 0x08,
        0xC1, 0x82, 0x1D, 0x05, 0x00, 0x3C, 0x4B, 0x00, 0xDE, 0x86, 0x26, 0x01, 0xCA, 0x00, 0x00, 0x3C, 0x55, 0x00, 0x19, 0x02,
        0xA4, 0x85, 0x14, 0x83, 0x00, 0x3C, 0x6B, 0x00, 0xB1, 0x02, 0xAB, 0x05, 0x05, 0x83, 0x00, 0x3C, 0x82, 0x00, 0x76, 0x84,
        0x14, 0x80, 0x35, 0x00, 0x00, 0x3C, 0x87, 0x00, 0xBC, 0x82, 0xF5, 0x03, 0xCA, 0x00, 0x00, 0x3C, 0x88, 0x00, 0xCB, 0x08,
        0x1F, 0x80, 0x34, 0x80, 0x00, 0x3C, 0x00, 0x00, 0x7C, 0x78, 0xA5, 0xF4, 0x00, 0x00, 0x4F, 0x00, 0x00, 0x00, 0x25, 0xA9,
        0x03, 0xA7, 0x2D, 0xB0, 0xEC, 0x3B, 0x03, 0x00, 0x14, 0xAC, 0xE0, 0xAD, 0x8A, 0xB0, 0xDE, 0x3B, 0x06, 0x00, 0x5B, 0x28,
        0x8B, 0x31, 0xD9, 0xAD, 0xD7, 0x3B, 0x09, 0x00, 0x10, 0x2C, 0x07, 0x34, 0xC3, 0xAC, 0xB4, 0x3B, 0x0A, 0x00, 0x74, 0x2D,
        0xF3, 0x34, 0xD9, 0xAB, 0x90, 0x3B, 0x0B, 0x00, 0xD3, 0x2E, 0xDA, 0x35, 0x23, 0xAA, 0x63, 0x3B, 0x10, 0x00, 0x10, 0x2C,
        0x07, 0x34, 0xC3, 0xAC, 0xB4, 0x3B, 0x1A, 0x00, 0x25, 0xA9, 0x03, 0xA7, 0x2D, 0xB0, 0xEC, 0x3B, 0x24, 0x00, 0x25, 0xA9,
        0x03, 0xA7, 0x2D, 0xB0, 0xEC, 0x3B, 0x26, 0x00, 0x0D, 0xA9, 0x3D, 0xA7, 0x34, 0xB0, 0xEC, 0x3B, 0x27, 0x00, 0x01, 0xA9,
        0x58, 0xA7, 0x37, 0xB0, 0xEC, 0x3B, 0x28, 0x00, 0xF2, 0xA8, 0x59, 0xA7, 0x39, 0xB0, 0xEC, 0x3B, 0x29, 0x00, 0xE9, 0xA8,
        0x7F, 0xA7, 0x3D, 0xB0, 0xEC, 0x3B, 0x2A, 0x00, 0xD9, 0xA8, 0xAE, 0xA7, 0x3F, 0xB0, 0xEB, 0x3B, 0x2F, 0x00, 0x9F, 0xA8,
        0x05, 0xA8, 0x50, 0xB0, 0xEB, 0x3B, 0x30, 0x00, 0x93, 0xA8, 0x18, 0xA8, 0x53, 0xB0, 0xEB, 0x3B, 0x31, 0x00, 0x86, 0xA8,
        0x1D, 0xA8, 0x56, 0xB0, 0xEB, 0x3B, 0x32, 0x00, 0x79, 0xA8, 0x39, 0xA8, 0x59, 0xB0, 0xEB, 0x3B, 0x34, 0x00, 0x65, 0xA8,
        0x4E, 0xA8, 0x60, 0xB0, 0xEA, 0x3B, 0x35, 0x00, 0x54, 0xA8, 0x63, 0xA8, 0x62, 0xB0, 0xEA, 0x3B, 0x36, 0x00, 0x48, 0xA8,
        0x6B, 0xA8, 0x65, 0xB0, 0xEA, 0x3B, 0x38, 0x00, 0x2F, 0xA8, 0x9C, 0xA8, 0x6B, 0xB0, 0xEA, 0x3B, 0x39, 0x00, 0x24, 0xA8,
        0xA9, 0xA8, 0x6E, 0xB0, 0xEA, 0x3B, 0x3A, 0x00, 0x1B, 0xA8, 0xC3, 0xA8, 0x72, 0xB0, 0xEA, 0x3B, 0x3C, 0x00, 0xFF, 0xA7,
        0xE6, 0xA8, 0x77, 0xB0, 0xE9, 0x3B, 0x3E, 0x00, 0xD1, 0xA7, 0x1A, 0xA9, 0x7D, 0xB0, 0xE9, 0x3B, 0x42, 0x00, 0x83, 0xA7,
        0x9C, 0xA9, 0x88, 0xB0, 0xE8, 0x3B, 0x43, 0x00, 0x75, 0xA7, 0xB3, 0xA9, 0x8A, 0xB0, 0xE8, 0x3B, 0x44, 0x00, 0x65, 0xA7,
        0xE7, 0xA9, 0x8C, 0xB0, 0xE8, 0x3B, 0x45, 0x00, 0x4D, 0xA7, 0x19, 0xAA, 0x8B, 0xB0, 0xE8, 0x3B, 0x46, 0x00, 0x54, 0xA7,
        0x49, 0xAA, 0x8D, 0xB0, 0xE8, 0x3B, 0x47, 0x00, 0x5C, 0xA7, 0x8C, 0xAA, 0x8F, 0xB0, 0xE8, 0x3B, 0x48, 0x00, 0x62, 0xA7,
        0xC4, 0xAA, 0x8F, 0xB0, 0xE7, 0x3B, 0x4B, 0x00, 0x80, 0xA7, 0x94, 0xAB, 0x8E, 0xB0, 0xE7, 0x3B, 0x4C, 0x00, 0x90, 0xA7,
        0xE9, 0xAB, 0x8E, 0xB0, 0xE6, 0x3B, 0x4D, 0x00, 0xAE, 0xA7, 0x23, 0xAC, 0x8C, 0xB0, 0xE6, 0x3B, 0x4E, 0x00, 0xEB, 0xA7,
        0x48, 0xAC, 0x8D, 0xB0, 0xE6, 0x3B, 0x4F, 0x00, 0x0C, 0xA8, 0x6B, 0xAC, 0x8B, 0xB0, 0xE5, 0x3B, 0x52, 0x00, 0x58, 0xA8,
        0xEA, 0xAC, 0x8A, 0xB0, 0xE4, 0x3B, 0x54, 0x00, 0x91, 0xA8, 0x32, 0xAD, 0x89, 0xB0, 0xE3, 0x3B, 0x55, 0x00, 0xB7, 0xA8,
        0x44, 0xAD, 0x89, 0xB0, 0xE3, 0x3B, 0x56, 0x00, 0xD4, 0xA8, 0x57, 0xAD, 0x86, 0xB0, 0xE3, 0x3B, 0x57, 0x00, 0xFB, 0xA8,
        0x5D, 0xAD, 0x83, 0xB0, 0xE3, 0x3B, 0x58, 0x00, 0x25, 0xA9, 0x57, 0xAD, 0x80, 0xB0, 0xE3, 0x3B, 0x5A, 0x00, 0x7D, 0xA9,
        0x32, 0xAD, 0x76, 0xB0, 0xE3, 0x3B, 0x5B, 0x00, 0xB4, 0xA9, 0x16, 0xAD, 0x73, 0xB0, 0xE4, 0x3B, 0x5C, 0x00, 0xE2, 0xA9,
        0xFD, 0xAC, 0x6C, 0xB0, 0xE4, 0x3B, 0x5E, 0x00, 0x46, 0xAA, 0xB9, 0xAC, 0x60, 0xB0, 0xE5, 0x3B, 0x5F, 0x00, 0x78, 0xAA,
        0x9A, 0xAC, 0x59, 0xB0, 0xE5, 0x3B, 0x60, 0x00, 0xA9, 0xAA, 0x6F, 0xAC, 0x52, 0xB0, 0xE5, 0x3B, 0x63, 0x00, 0x35, 0xAB,
        0x06, 0xAC, 0x3E, 0xB0, 0xE7, 0x3B, 0x64, 0x00, 0x65, 0xAB, 0xB2, 0xAB, 0x37, 0xB0, 0xE7, 0x3B, 0x65, 0x00, 0x95, 0xAB,
        0x42, 0xAB, 0x30, 0xB0, 0xE7, 0x3B, 0x66, 0x00, 0xA7, 0xAB, 0xD6, 0xAA, 0x28, 0xB0, 0xE8, 0x3B, 0x68, 0x00, 0xAD, 0xAB,
        0xF9, 0xA9, 0x19, 0xB0, 0xE9, 0x3B, 0x69, 0x00, 0xAE, 0xAB, 0x7D, 0xA9, 0x11, 0xB0, 0xEA, 0x3B, 0x6A, 0x00, 0xAC, 0xAB,
        0x1C, 0xA9, 0x09, 0xB0, 0xEA, 0x3B, 0x6C, 0x00, 0xA3, 0xAB, 0x33, 0xA8, 0xF4, 0xAF, 0xEB, 0x3B, 0x6E, 0x00, 0x92, 0xAB,
        0xE0, 0xA6, 0xDC, 0xAF, 0xEC, 0x3B, 0x6F, 0x00, 0x80, 0xAB, 0x2A, 0xA6, 0xCF, 0xAF, 0xED, 0x3B, 0x70, 0x00, 0x6E, 0xAB,
        0x9D, 0xA5, 0xC7, 0xAF, 0xED, 0x3B, 0x71, 0x00, 0x56, 0xAB, 0x37, 0xA5, 0xC1, 0xAF, 0xED, 0x3B, 0x72, 0x00, 0x38, 0xAB,
        0xE2, 0xA4, 0xBE, 0xAF, 0xED, 0x3B, 0x74, 0x00, 0xEF, 0xAA, 0x94, 0xA4, 0xBF, 0xAF, 0xEE, 0x3B, 0x75, 0x00, 0xC6, 0xAA,
        0x81, 0xA4, 0xC1, 0xAF, 0xEE, 0x3B, 0x76, 0x00, 0x9B, 0xAA, 0x96, 0xA4, 0xC4, 0xAF, 0xEE, 0x3B, 0x77, 0x00, 0x71, 0xAA,
        0x84, 0xA4, 0xC7, 0xAF, 0xEE, 0x3B, 0x78, 0x00, 0x48, 0xAA, 0x88, 0xA4, 0xCB, 0xAF, 0xEE, 0x3B, 0x79, 0x00, 0x1B, 0xAA,
        0x6F, 0xA4, 0xCE, 0xAF, 0xEE, 0x3B, 0x7A, 0x00, 0xE7, 0xA9, 0x94, 0xA4, 0xD2, 0xAF, 0xEE, 0x3B, 0x7C, 0x00, 0x7C, 0xA9,
        0xB8, 0xA4, 0xDB, 0xAF, 0xEE, 0x3B, 0x7E, 0x00, 0x3C, 0xA9, 0x0A, 0xA5, 0xEC, 0xAF, 0xEE, 0x3B, 0x81, 0x00, 0x1D, 0xA9,
        0x76, 0xA5, 0x05, 0xB0, 0xEE, 0x3B, 0x82, 0x00, 0x1C, 0xA9, 0xBD, 0xA5, 0x0B, 0xB0, 0xED, 0x3B, 0x83, 0x00, 0x19, 0xA9,
        0xED, 0xA5, 0x0F, 0xB0, 0xED, 0x3B, 0x85, 0x00, 0x22, 0xA9, 0x5B, 0xA6, 0x1C, 0xB0, 0xED, 0x3B, 0x86, 0x00, 0x20, 0xA9,
        0xAE, 0xA6, 0x21, 0xB0, 0xED, 0x3B, 0x87, 0x00, 0x26, 0xA9, 0xCA, 0xA6, 0x27, 0xB0, 0xEC, 0x3B, 0x88, 0x00, 0x24, 0xA9,
        0x07, 0xA7, 0x2D, 0xB0, 0xEC, 0x3B, 0x00, 0x00, 0xF3, 0x07, 0x9C, 0xDD, 0x00, 0x00, 0x4B, 0x00, 0x00, 0x00, 0xDD, 0x9C,
        0xFF, 0x30, 0x9B, 0x28, 0xE6, 0x3B, 0x03, 0x00, 0x0A, 0x24, 0xC1, 0x2D, 0xEF, 0x28, 0xF6, 0x3B, 0x06, 0x00, 0x5F, 0xAC,
        0xB5, 0x35, 0xE4, 0x26, 0x74, 0x3B, 0x09, 0x00, 0xF3, 0xAD, 0xEC, 0x36, 0xDE, 0x25, 0x2D, 0x3B, 0x0A, 0x00, 0x1A, 0xAF,
        0xCD, 0x37, 0x11, 0x25, 0xEE, 0x3A, 0x0B, 0x00, 0x1D, 0xB0, 0x52, 0x38, 0x3F, 0x24, 0xA7, 0x3A, 0x10, 0x00, 0xF3, 0xAD,
        0xEC, 0x36, 0xDE, 0x25, 0x2D, 0x3B, 0x1A, 0x00, 0xDD, 0x9C, 0xFF, 0x30, 0x9B, 0x28, 0xE6, 0x3B, 0x24, 0x00, 0xDD, 0x9C,
        0xFF, 0x30, 0x9B, 0x28, 0xE6, 0x3B, 0x26, 0x00, 0xC7, 0x9C, 0xF7, 0x30, 0x91, 0x28, 0xE6, 0x3B, 0x28, 0x00, 0x08, 0x9D,
        0xEC, 0x30, 0x7A, 0x28, 0xE6, 0x3B, 0x2B, 0x00, 0x04, 0x9D, 0xE2, 0x30, 0x67, 0x28, 0xE7, 0x3B, 0x2C, 0x00, 0xE5, 0x9C,
        0xD9, 0x30, 0x64, 0x28, 0xE7, 0x3B, 0x2E, 0x00, 0x10, 0x9D, 0xD4, 0x30, 0x50, 0x28, 0xE7, 0x3B, 0x33, 0x00, 0x1F, 0x9D,
        0xBB, 0x30, 0x29, 0x28, 0xE8, 0x3B, 0x37, 0x00, 0xCF, 0x9C, 0xAA, 0x30, 0x19, 0x28, 0xE9, 0x3B, 0x38, 0x00, 0x9B, 0x9C,
        0xA5, 0x30, 0x1A, 0x28, 0xE9, 0x3B, 0x39, 0x00, 0xBD, 0x9C, 0xA2, 0x30, 0x0F, 0x28, 0xE9, 0x3B, 0x3A, 0x00, 0x87, 0x9C,
        0x9C, 0x30, 0x12, 0x28, 0xEA, 0x3B, 0x3B, 0x00, 0x44, 0x9C, 0x94, 0x30, 0x0F, 0x28, 0xEA, 0x3B, 0x3C, 0x00, 0xDD, 0x9B,
        0x91, 0x30, 0x12, 0x28, 0xEA, 0x3B, 0x3E, 0x00, 0x21, 0x9B, 0x84, 0x30, 0x0A, 0x28, 0xEA, 0x3B, 0x3F, 0x00, 0x3F, 0x9A,
        0x7C, 0x30, 0x12, 0x28, 0xEB, 0x3B, 0x40, 0x00, 0x9F, 0x99, 0x77, 0x30, 0x18, 0x28, 0xEB, 0x3B, 0x41, 0x00, 0x99, 0x98,
        0x73, 0x30, 0x2A, 0x28, 0xEB, 0x3B, 0x42, 0x00, 0x7B, 0x98, 0x70, 0x30, 0x2D, 0x28, 0xEB, 0x3B, 0x43, 0x00, 0xE2, 0x97,
        0x6A, 0x30, 0x3E, 0x28, 0xEB, 0x3B, 0x44, 0x00, 0x33, 0x97, 0x6B, 0x30, 0x54, 0x28, 0xEB, 0x3B, 0x45, 0x00, 0x44, 0x96,
        0x69, 0x30, 0x71, 0x28, 0xEB, 0x3B, 0x47, 0x00, 0x37, 0x96, 0x6F, 0x30, 0xCE, 0x28, 0xEB, 0x3B, 0x4A, 0x00, 0xA4, 0x96,
        0x82, 0x30, 0x81, 0x29, 0xEA, 0x3B, 0x4B, 0x00, 0xBF, 0x96, 0x87, 0x30, 0xC0, 0x29, 0xE9, 0x3B, 0x4C, 0x00, 0x77, 0x97,
        0x8F, 0x30, 0x06, 0x2A, 0xE9, 0x3B, 0x4D, 0x00, 0x61, 0x97, 0x98, 0x30, 0x63, 0x2A, 0xE8, 0x3B, 0x4E, 0x00, 0x60, 0x97,
        0xA1, 0x30, 0xB5, 0x2A, 0xE8, 0x3B, 0x51, 0x00, 0xD8, 0x95, 0xA8, 0x30, 0xA3, 0x2B, 0xE6, 0x3B, 0x52, 0x00, 0xCE, 0x94,
        0xAA, 0x30, 0xF8, 0x2B, 0xE6, 0x3B, 0x53, 0x00, 0xA8, 0x94, 0xAD, 0x30, 0x21, 0x2C, 0xE6, 0x3B, 0x54, 0x00, 0x82, 0x93,
        0xAD, 0x30, 0x45, 0x2C, 0xE5, 0x3B, 0x55, 0x00, 0x99, 0x91, 0xAF, 0x30, 0x64, 0x2C, 0xE5, 0x3B, 0x56, 0x00, 0xDE, 0x8E,
        0xAD, 0x30, 0x80, 0x2C, 0xE5, 0x3B, 0x57, 0x00, 0x8C, 0x86, 0xAB, 0x30, 0x95, 0x2C, 0xE5, 0x3B, 0x58, 0x00, 0xD5, 0x0B,
        0xAA, 0x30, 0xA5, 0x2C, 0xE5, 0x3B, 0x59, 0x00, 0xB5, 0x11, 0xA6, 0x30, 0xB1, 0x2C, 0xE5, 0x3B, 0x5B, 0x00, 0xDF, 0x16,
        0x9B, 0x30, 0xC1, 0x2C, 0xE5, 0x3B, 0x5E, 0x00, 0xC3, 0x1A, 0x89, 0x30, 0xC9, 0x2C, 0xE6, 0x3B, 0x5F, 0x00, 0xCD, 0x1B,
        0x84, 0x30, 0xC9, 0x2C, 0xE6, 0x3B, 0x60, 0x00, 0x5F, 0x1C, 0x7E, 0x30, 0xC6, 0x2C, 0xE6, 0x3B, 0x61, 0x00, 0x00, 0x1D,
        0x79, 0x30, 0xC8, 0x2C, 0xE6, 0x3B, 0x62, 0x00, 0x7F, 0x1D, 0x71, 0x30, 0xC9, 0x2C, 0xE6, 0x3B, 0x64, 0x00, 0x3B, 0x1E,
        0x6D, 0x30, 0xC6, 0x2C, 0xE7, 0x3B, 0x65, 0x00, 0x34, 0x1E, 0x6E, 0x30, 0xBB, 0x2C, 0xE7, 0x3B, 0x66, 0x00, 0xDA, 0x1D,
        0x74, 0x30, 0xAE, 0x2C, 0xE7, 0x3B, 0x68, 0x00, 0xFE, 0x1B, 0x8A, 0x30, 0x89, 0x2C, 0xE6, 0x3B, 0x6A, 0x00, 0x93, 0x18,
        0x9E, 0x30, 0x69, 0x2C, 0xE6, 0x3B, 0x6B, 0x00, 0x51, 0x15, 0xAC, 0x30, 0x57, 0x2C, 0xE5, 0x3B, 0x6C, 0x00, 0xDA, 0x0D,
        0xB5, 0x30, 0x45, 0x2C, 0xE5, 0x3B, 0x6E, 0x00, 0x2C, 0x96, 0xCD, 0x30, 0x21, 0x2C, 0xE5, 0x3B, 0x70, 0x00, 0x90, 0x9A,
        0xE0, 0x30, 0xF7, 0x2B, 0xE4, 0x3B, 0x71, 0x00, 0x0F, 0x9C, 0xE5, 0x30, 0xD2, 0x2B, 0xE4, 0x3B, 0x73, 0x00, 0x9D, 0x9D,
        0xF7, 0x30, 0x83, 0x2B, 0xE4, 0x3B, 0x74, 0x00, 0x53, 0x9E, 0xFC, 0x30, 0x5B, 0x2B, 0xE4, 0x3B, 0x75, 0x00, 0x03, 0x9F,
        0x04, 0x31, 0x33, 0x2B, 0xE3, 0x3B, 0x77, 0x00, 0x0B, 0xA0, 0x0C, 0x31, 0xE7, 0x2A, 0xE3, 0x3B, 0x78, 0x00, 0x5C, 0xA0,
        0x12, 0x31, 0xBB, 0x2A, 0xE3, 0x3B, 0x79, 0x00, 0x98, 0xA0, 0x14, 0x31, 0x93, 0x2A, 0xE3, 0x3B, 0x7A, 0x00, 0xD2, 0xA0,
        0x19, 0x31, 0x6B, 0x2A, 0xE3, 0x3B, 0x7C, 0x00, 0x21, 0xA1, 0x1C, 0x31, 0x1C, 0x2A, 0xE3, 0x3B, 0x7D, 0x00, 0x29, 0xA1,
        0x1A, 0x31, 0xF6, 0x29, 0xE3, 0x3B, 0x7E, 0x00, 0x19, 0xA1, 0x1A, 0x31, 0xD3, 0x29, 0xE4, 0x3B, 0x82, 0x00, 0x3F, 0xA0,
        0x13, 0x31, 0x54, 0x29, 0xE4, 0x3B, 0x85, 0x00, 0x96, 0x9E, 0x05, 0x31, 0xF8, 0x28, 0xE5, 0x3B, 0x86, 0x00, 0xE2, 0x9D,
        0x05, 0x31, 0xDE, 0x28, 0xE5, 0x3B, 0x87, 0x00, 0x67, 0x9D, 0x01, 0x31, 0xBA, 0x28, 0xE5, 0x3B, 0x88, 0x00, 0xDB, 0x9C,
        0x00, 0x31, 0x9B, 0x28, 0xE5, 0x3B, 0x00, 0x00, 0xFA, 0xE9, 0x39, 0xD4, 0x00, 0x00, 0x06, 0x00, 0x00, 0x00, 0xD2, 0x20,
        0x9C, 0x2D, 0x9C, 0x9C, 0xF8, 0x3B, 0x24, 0x00, 0xD2, 0x20, 0x9C, 0x2D, 0x9C, 0x9C, 0xF8, 0x3B, 0x38, 0x00, 0xC4, 0x20,
        0x94, 0x2D, 0xBD, 0x9C, 0xF8, 0x3B, 0x4B, 0x00, 0xD4, 0x20, 0x96, 0x2D, 0xC7, 0x9C, 0xF8, 0x3B, 0x68, 0x00, 0xD2, 0x20,
        0x9D, 0x2D, 0x97, 0x9C, 0xF8, 0x3B, 0x88, 0x00, 0xD2, 0x20, 0x9D, 0x2D, 0x9C, 0x9C, 0xF8, 0x3B, 0x02, 0x00, 0x00, 0x00,
        0xEC, 0x80, 0x21, 0x00, 0x12, 0x00, 0x24, 0x00, 0xEC, 0x80, 0x21, 0x00, 0x12, 0x00, 0x24, 0xC1, 0x83, 0x25, 0x00, 0x00,
        0x03, 0x00, 0x00, 0x00, 0x10, 0x80, 0x0C, 0x80, 0x18, 0x00, 0x00, 0x3C, 0x24, 0x00, 0x10, 0x80, 0x0C, 0x80, 0x18, 0x00,
        0x00, 0x3C, 0x88, 0x00, 0xFB, 0x00, 0x0C, 0x80, 0x12, 0x00, 0x00, 0x3C, 0x00, 0x00, 0xF3, 0x58, 0x16, 0x21, 0x00, 0x00,
        0x4B, 0x00, 0x00, 0x00, 0xB3, 0x33, 0x30, 0xB9, 0xA7, 0xAD, 0xBC, 0x39, 0x24, 0x00, 0xB3, 0x33, 0x30, 0xB9, 0xA7, 0xAD,
        0xBC, 0x39, 0x26, 0x00, 0xCD, 0x33, 0x2A, 0xB9, 0xAE, 0xAD, 0xBF, 0x39, 0x28, 0x00, 0xE6, 0x33, 0x26, 0xB9, 0xB2, 0xAD,
        0xC1, 0x39, 0x29, 0x00, 0xEE, 0x33, 0x25, 0xB9, 0xAA, 0xAD, 0xC1, 0x39, 0x2A, 0x00, 0xF3, 0x33, 0x24, 0xB9, 0x98, 0xAD,
        0xC1, 0x39, 0x2B, 0x00, 0xF4, 0x33, 0x25, 0xB9, 0x7F, 0xAD, 0xC1, 0x39, 0x2E, 0x00, 0xFB, 0x33, 0x2A, 0xB9, 0x34, 0xAD,
        0xBD, 0x39, 0x30, 0x00, 0x01, 0x34, 0x2D, 0xB9, 0xFF, 0xAC, 0xBB, 0x39, 0x32, 0x00, 0x03, 0x34, 0x2F, 0xB9, 0xCD, 0xAC,
        0xB9, 0x39, 0x33, 0x00, 0x05, 0x34, 0x2F, 0xB9, 0xB4, 0xAC, 0xB9, 0x39, 0x34, 0x00, 0x06, 0x34, 0x2E, 0xB9, 0x98, 0xAC,
        0xBA, 0x39, 0x35, 0x00, 0x07, 0x34, 0x2C, 0xB9, 0x79, 0xAC, 0xBC, 0x39, 0x36, 0x00, 0x08, 0x34, 0x29, 0xB9, 0x56, 0xAC,
        0xBF, 0x39, 0x38, 0x00, 0x0A, 0x34, 0x21, 0xB9, 0x15, 0xAC, 0xC6, 0x39, 0x39, 0x00, 0x0C, 0x34, 0x1E, 0xB9, 0xEF, 0xAB,
        0xC9, 0x39, 0x3B, 0x00, 0x10, 0x34, 0x16, 0xB9, 0x8A, 0xAB, 0xD0, 0x39, 0x3D, 0x00, 0x15, 0x34, 0x0E, 0xB9, 0x30, 0xAB,
        0xD7, 0x39, 0x3E, 0x00, 0x19, 0x34, 0x0A, 0xB9, 0x0B, 0xAB, 0xDA, 0x39, 0x3F, 0x00, 0x1C, 0x34, 0x05, 0xB9, 0xE7, 0xAA,
        0xDD, 0x39, 0x40, 0x00, 0x1F, 0x34, 0x01, 0xB9, 0xC7, 0xAA, 0xE0, 0x39, 0x41, 0x00, 0x22, 0x34, 0xFD, 0xB8, 0xB1, 0xAA,
        0xE3, 0x39, 0x42, 0x00, 0x25, 0x34, 0xFA, 0xB8, 0x9F, 0xAA, 0xE6, 0x39, 0x43, 0x00, 0x27, 0x34, 0xF6, 0xB8, 0x90, 0xAA,
        0xE9, 0x39, 0x44, 0x00, 0x2B, 0x34, 0xF2, 0xB8, 0x83, 0xAA, 0xEB, 0x39, 0x46, 0x00, 0x34, 0x34, 0xE8, 0xB8, 0x63, 0xAA,
        0xF2, 0x39, 0x47, 0x00, 0x39, 0x34, 0xE3, 0xB8, 0x57, 0xAA, 0xF5, 0x39, 0x49, 0x00, 0x41, 0x34, 0xDB, 0xB8, 0x5D, 0xAA,
        0xFB, 0x39, 0x4B, 0x00, 0x47, 0x34, 0xD4, 0xB8, 0x7E, 0xAA, 0xFF, 0x39, 0x4D, 0x00, 0x4C, 0x34, 0xCD, 0xB8, 0xA8, 0xAA,
        0x03, 0x3A, 0x4E, 0x00, 0x4D, 0x34, 0xCA, 0xB8, 0xC2, 0xAA, 0x05, 0x3A, 0x4F, 0x00, 0x4F, 0x34, 0xC7, 0xB8, 0xD9, 0xAA,
        0x07, 0x3A, 0x51, 0x00, 0x53, 0x34, 0xC3, 0xB8, 0xFF, 0xAA, 0x0A, 0x3A, 0x52, 0x00, 0x55, 0x34, 0xC2, 0xB8, 0x0F, 0xAB,
        0x0A, 0x3A, 0x53, 0x00, 0x59, 0x34, 0xC0, 0xB8, 0x21, 0xAB, 0x0B, 0x3A, 0x55, 0x00, 0x62, 0x34, 0xBE, 0xB8, 0x4E, 0xAB,
        0x0B, 0x3A, 0x56, 0x00, 0x67, 0x34, 0xBD, 0xB8, 0x67, 0xAB, 0x0A, 0x3A, 0x57, 0x00, 0x6D, 0x34, 0xBD, 0xB8, 0x85, 0xAB,
        0x09, 0x3A, 0x58, 0x00, 0x73, 0x34, 0xBE, 0xB8, 0xAF, 0xAB, 0x07, 0x3A, 0x5A, 0x00, 0x7E, 0x34, 0xC2, 0xB8, 0x05, 0xAC,
        0x01, 0x3A, 0x5B, 0x00, 0x83, 0x34, 0xC4, 0xB8, 0x1D, 0xAC, 0xFF, 0x39, 0x5C, 0x00, 0x88, 0x34, 0xC7, 0xB8, 0x35, 0xAC,
        0xFB, 0x39, 0x5D, 0x00, 0x8C, 0x34, 0xC9, 0xB8, 0x4C, 0xAC, 0xF8, 0x39, 0x60, 0x00, 0x96, 0x34, 0xD2, 0xB8, 0x91, 0xAC,
        0xEF, 0x39, 0x61, 0x00, 0x97, 0x34, 0xD5, 0xB8, 0xA9, 0xAC, 0xEC, 0x39, 0x63, 0x00, 0x97, 0x34, 0xDB, 0xB8, 0xDF, 0xAC,
        0xE6, 0x39, 0x64, 0x00, 0x97, 0x34, 0xDF, 0xB8, 0xF8, 0xAC, 0xE3, 0x39, 0x65, 0x00, 0x98, 0x34, 0xE2, 0xB8, 0x12, 0xAD,
        0xDF, 0x39, 0x66, 0x00, 0x98, 0x34, 0xE6, 0xB8, 0x29, 0xAD, 0xDC, 0x39, 0x67, 0x00, 0x99, 0x34, 0xE9, 0xB8, 0x40, 0xAD,
        0xD8, 0x39, 0x68, 0x00, 0x99, 0x34, 0xED, 0xB8, 0x56, 0xAD, 0xD5, 0x39, 0x69, 0x00, 0x97, 0x34, 0xF0, 0xB8, 0x67, 0xAD,
        0xD2, 0x39, 0x6A, 0x00, 0x95, 0x34, 0xF4, 0xB8, 0x77, 0xAD, 0xCF, 0x39, 0x6B, 0x00, 0x91, 0x34, 0xF8, 0xB8, 0x82, 0xAD,
        0xCD, 0x39, 0x6C, 0x00, 0x8C, 0x34, 0xFB, 0xB8, 0x8A, 0xAD, 0xCB, 0x39, 0x6D, 0x00, 0x85, 0x34, 0xFF, 0xB8, 0x8B, 0xAD,
        0xC8, 0x39, 0x6E, 0x00, 0x7E, 0x34, 0x03, 0xB9, 0x88, 0xAD, 0xC6, 0x39, 0x70, 0x00, 0x6B, 0x34, 0x0B, 0xB9, 0x75, 0xAD,
        0xC4, 0x39, 0x71, 0x00, 0x60, 0x34, 0x0E, 0xB9, 0x65, 0xAD, 0xC3, 0x39, 0x74, 0x00, 0x3B, 0x34, 0x15, 0xB9, 0x2A, 0xAD,
        0xC5, 0x39, 0x75, 0x00, 0x2F, 0x34, 0x18, 0xB9, 0x1B, 0xAD, 0xC5, 0x39, 0x77, 0x00, 0x1A, 0x34, 0x1C, 0xB9, 0x02, 0xAD,
        0xC5, 0x39, 0x78, 0x00, 0x10, 0x34, 0x1E, 0xB9, 0xF8, 0xAC, 0xC6, 0x39, 0x7A, 0x00, 0x02, 0x34, 0x20, 0xB9, 0xEC, 0xAC,
        0xC6, 0x39, 0x7B, 0x00, 0xF9, 0x33, 0x21, 0xB9, 0xEC, 0xAC, 0xC7, 0x39, 0x7C, 0x00, 0xF0, 0x33, 0x22, 0xB9, 0xEE, 0xAC,
        0xC7, 0x39, 0x7D, 0x00, 0xE9, 0x33, 0x22, 0xB9, 0xF2, 0xAC, 0xC6, 0x39, 0x7E, 0x00, 0xE2, 0x33, 0x23, 0xB9, 0xF8, 0xAC,
        0xC6, 0x39, 0x7F, 0x00, 0xDD, 0x33, 0x24, 0xB9, 0xFE, 0xAC, 0xC5, 0x39, 0x80, 0x00, 0xD9, 0x33, 0x25, 0xB9, 0x0A, 0xAD,
        0xC5, 0x39, 0x82, 0x00, 0xD1, 0x33, 0x27, 0xB9, 0x2C, 0xAD, 0xC3, 0x39, 0x83, 0x00, 0xCE, 0x33, 0x28, 0xB9, 0x3F, 0xAD,
        0xC2, 0x39, 0x84, 0x00, 0xCA, 0x33, 0x29, 0xB9, 0x54, 0xAD, 0xC1, 0x39, 0x86, 0x00, 0xC0, 0x33, 0x2C, 0xB9, 0x7E, 0xAD,
        0xBF, 0x39, 0x88, 0x00, 0xB3, 0x33, 0x30, 0xB9, 0xA7, 0xAD, 0xBC, 0x39, 0x17, 0x00, 0x00, 0x00, 0x6B, 0xB6, 0x8A, 0x30,
        0x40, 0x35, 0x24, 0x00, 0x6B, 0xB6, 0x8A, 0x30, 0x40, 0x35, 0x28, 0x00, 0x5F, 0xB6, 0x69, 0x30, 0x44, 0x35, 0x2A, 0x00,
        0x5D, 0xB6, 0x5F, 0x30, 0x49, 0x35, 0x32, 0x00, 0x66, 0xB6, 0x4A, 0x30, 0x62, 0x35, 0x35, 0x00, 0x64, 0xB6, 0x47, 0x30,
        0x69, 0x35, 0x3B, 0x00, 0x4D, 0xB6, 0x4F, 0x30, 0x71, 0x35, 0x41, 0x00, 0x33, 0xB6, 0x52, 0x30, 0x71, 0x35, 0x45, 0x00,
        0x23, 0xB6, 0x53, 0x30, 0x6F, 0x35, 0x49, 0x00, 0x11, 0xB6, 0x4E, 0x30, 0x6C, 0x35, 0x50, 0x00, 0xFC, 0xB5, 0x4C, 0x30,
        0x63, 0x35, 0x55, 0x00, 0xF6, 0xB5, 0x43, 0x30, 0x5A, 0x35, 0x57, 0x00, 0xF4, 0xB5, 0x3B, 0x30, 0x55, 0x35, 0x5E, 0x00,
        0x04, 0xB6, 0x16, 0x30, 0x45, 0x35, 0x63, 0x00, 0x15, 0xB6, 0x08, 0x30, 0x3C, 0x35, 0x69, 0x00, 0x2B, 0xB6, 0xFF, 0x2F,
        0x31, 0x35, 0x6D, 0x00, 0x3A, 0xB6, 0x09, 0x30, 0x30, 0x35, 0x70, 0x00, 0x44, 0xB6, 0x1C, 0x30, 0x33, 0x35, 0x76, 0x00,
        0x52, 0xB6, 0x54, 0x30, 0x42, 0x35, 0x7A, 0x00, 0x58, 0xB6, 0x6E, 0x30, 0x49, 0x35, 0x7F, 0x00, 0x5D, 0xB6, 0x7E, 0x30,
        0x49, 0x35, 0x87, 0x00, 0x69, 0xB6, 0x88, 0x30, 0x41, 0x35, 0x88, 0x00, 0x6B, 0xB6, 0x8A, 0x30, 0x40, 0x35, 0xD4, 0x62,
        0x52, 0xF6, 0x00, 0x00, 0x13, 0x00, 0x00, 0x00, 0x1E, 0x80, 0x7D, 0x00, 0x97, 0x80, 0x00, 0x3C, 0x24, 0x00, 0x1E, 0x80,
        0x7D, 0x00, 0x97, 0x80, 0x00, 0x3C, 0x29, 0x00, 0x15, 0x81, 0xEA, 0x91, 0x68, 0x01, 0x00, 0x3C, 0x33, 0x00, 0x7B, 0x02,
        0x8D, 0x9C, 0x3D, 0x85, 0x00, 0x3C, 0x38, 0x00, 0x5A, 0x81, 0x75, 0x9D, 0xAD, 0x00, 0x00, 0x3C, 0x3B, 0x00, 0x2A, 0x84,
        0x2F, 0x9D, 0xFF, 0x03, 0x00, 0x3C, 0x3D, 0x00, 0x1B, 0x00, 0x95, 0x9C, 0x51, 0x82, 0x00, 0x3C, 0x41, 0x00, 0xA9, 0x00,
        0xF0, 0x98, 0x89, 0x82, 0x00, 0x3C, 0x47, 0x00, 0x85, 0x01, 0xE2, 0x94, 0xA0, 0x00, 0x00, 0x3C, 0x4A, 0x00, 0xA2, 0x80,
        0x45, 0x86, 0x28, 0x00, 0x00, 0x3C, 0x53, 0x00, 0xE2, 0x83, 0xE5, 0x05, 0x6D, 0x80, 0x00, 0x3C, 0x63, 0x00, 0xF8, 0x80,
        0x42, 0x8C, 0xD2, 0x00, 0x00, 0x3C, 0x69, 0x00, 0x57, 0x81, 0x79, 0x0C, 0xC9, 0x00, 0x00, 0x3C, 0x6E, 0x00, 0x1B, 0x00,
        0x4E, 0x16, 0x07, 0x00, 0x00, 0x3C, 0x74, 0x00, 0x99, 0x80, 0xD0, 0x18, 0x7E, 0x00, 0x00, 0x3C, 0x78, 0x00, 0x00, 0x01,
        0x1C, 0x1A, 0x90, 0x80, 0x00, 0x3C, 0x80, 0x00, 0xBE, 0x01, 0xDC, 0x17, 0x93, 0x87, 0x00, 0x3C, 0x87, 0x00, 0x44, 0x82,
        0x53, 0x03, 0xAE, 0x80, 0x00, 0x3C, 0x88, 0x00, 0x45, 0x81, 0x5C, 0x80, 0xB3, 0x00, 0x00, 0x3C, 0x02, 0x00, 0x00, 0x00,
        0x12, 0x80, 0x0C, 0x80, 0x62, 0x80, 0x24, 0x00, 0x12, 0x80, 0x0C, 0x80, 0x62, 0x80, 0xC6, 0x58, 0x95, 0xF7, 0x00, 0x00,
        0x11, 0x00, 0x00, 0x00, 0x26, 0x00, 0xF9, 0x05, 0x01, 0x00, 0x00, 0x3C, 0x24, 0x00, 0x26, 0x00, 0xF9, 0x05, 0x01, 0x00,
        0x00, 0x3C, 0x38, 0x00, 0x62, 0x02, 0x62, 0x96, 0x12, 0x00, 0x00, 0x3C, 0x3D, 0x00, 0x6D, 0x80, 0x06, 0x95, 0x0D, 0x00,
        0x00, 0x3C, 0x42, 0x00, 0x13, 0x02, 0x2F, 0x8C, 0x1A, 0x00, 0x00, 0x3C, 0x4E, 0x00, 0xE1, 0x01, 0x26, 0x12, 0x1A, 0x00,
        0x00, 0x3C, 0x64, 0x00, 0x45, 0x80, 0xF2, 0x91, 0x16, 0x80, 0x00, 0x3C, 0x6A, 0x00, 0x4E, 0x80, 0x3E, 0x96, 0x04, 0x80,
        0x00, 0x3C, 0x6E, 0x00, 0xC9, 0x81, 0x92, 0x99, 0x3A, 0x00, 0x00, 0x3C, 0x73, 0x00, 0x79, 0x80, 0xCE, 0x9A, 0x6E, 0x00,
        0x00, 0x3C, 0x77, 0x00, 0x34, 0x82, 0x66, 0x9C, 0x25, 0x00, 0x00, 0x3C, 0x7A, 0x00, 0xE2, 0x81, 0x25, 0x9C, 0x3A, 0x00,
        0x00, 0x3C, 0x7D, 0x00, 0xC3, 0x80, 0x3E, 0x9A, 0x46, 0x00, 0x00, 0x3C, 0x7F, 0x00, 0x99, 0x83, 0x26, 0x9A, 0x36, 0x07,
        0x00, 0x3C, 0x83, 0x00, 0x11, 0x01, 0x33, 0x96, 0x8B, 0x02, 0x00, 0x3C, 0x86, 0x00, 0xE3, 0x80, 0xBF, 0x8B, 0x0C, 0x80,
        0x00, 0x3C, 0x88, 0x00, 0x54, 0x80, 0x8C, 0x81, 0x25, 0x00, 0x00, 0x3C, 0x02, 0x00, 0x00, 0x00, 0x14, 0x80, 0x0C, 0x00,
        0x7B, 0x80, 0x24, 0x00, 0x14, 0x80, 0x0C, 0x00, 0x7B, 0x80, 0x8E, 0x28, 0x3A, 0xA2, 0x00, 0x00, 0x35, 0x00, 0x00, 0x00,
        0x94, 0x21, 0x7C, 0x2D, 0xA2, 0xA0, 0xF8, 0x3B, 0x24, 0x00, 0x94, 0x21, 0x7C, 0x2D, 0xA2, 0xA0, 0xF8, 0x3B, 0x25, 0x00,
        0x23, 0x20, 0x4C, 0x2D, 0x48, 0xA0, 0xF9, 0x3B, 0x27, 0x00, 0x43, 0x16, 0xE0, 0x2C, 0x11, 0x9F, 0xFA, 0x3B, 0x28, 0x00,
        0x91, 0x94, 0xA3, 0x2C, 0x6E, 0x9E, 0xFB, 0x3B, 0x29, 0x00, 0x52, 0x99, 0x61, 0x2C, 0xF5, 0x9D, 0xFB, 0x3B, 0x2A, 0x00,
        0xE7, 0x98, 0x1F, 0x2C, 0xB9, 0x9D, 0xFC, 0x3B, 0x2C, 0x00, 0x4D, 0x0B, 0x52, 0x2B, 0x80, 0x9D, 0xFD, 0x3B, 0x2E, 0x00,
        0x32, 0x1A, 0xA0, 0x2A, 0x1A, 0x9D, 0xFD, 0x3B, 0x2F, 0x00, 0x99, 0x1C, 0x5A, 0x2A, 0xE7, 0x9C, 0xFD, 0x3B, 0x30, 0x00,
        0x2C, 0x1E, 0x2E, 0x2A, 0xC3, 0x9C, 0xFE, 0x3B, 0x32, 0x00, 0xAB, 0x20, 0x1D, 0x2A, 0xB0, 0x9C, 0xFE, 0x3B, 0x35, 0x00,
        0x47, 0x23, 0x1F, 0x2A, 0x0B, 0x9D, 0xFD, 0x3B, 0x37, 0x00, 0xA1, 0x24, 0x17, 0x2A, 0x67, 0x9D, 0xFD, 0x3B, 0x39, 0x00,
        0x7D, 0x25, 0x35, 0x2A, 0xCB, 0x9D, 0xFD, 0x3B, 0x3C, 0x00, 0x6F, 0x26, 0x84, 0x2A, 0x77, 0x9E, 0xFD, 0x3B, 0x3E, 0x00,
        0xE6, 0x26, 0xD0, 0x2A, 0xBE, 0x9E, 0xFC, 0x3B, 0x40, 0x00, 0x3E, 0x27, 0x22, 0x2B, 0x0A, 0x9F, 0xFC, 0x3B, 0x43, 0x00,
        0x81, 0x27, 0xCF, 0x2B, 0xF2, 0x9F, 0xFB, 0x3B, 0x44, 0x00, 0x7F, 0x27, 0x02, 0x2C, 0x0F, 0xA0, 0xFB, 0x3B, 0x46, 0x00,
        0x51, 0x27, 0x21, 0x2C, 0xCB, 0x9F, 0xFB, 0x3B, 0x48, 0x00, 0xF3, 0x26, 0x3B, 0x2C, 0x7F, 0x9F, 0xFB, 0x3B, 0x4C, 0x00,
        0xF5, 0x25, 0x88, 0x2C, 0x27, 0xA0, 0xFA, 0x3B, 0x4E, 0x00, 0x74, 0x25, 0x9E, 0x2C, 0x9F, 0xA0, 0xFA, 0x3B, 0x50, 0x00,
        0xF7, 0x24, 0xA8, 0x2C, 0xFE, 0xA0, 0xFA, 0x3B, 0x52, 0x00, 0x6F, 0x24, 0xB1, 0x2C, 0xDE, 0xA0, 0xFA, 0x3B, 0x54, 0x00,
        0x59, 0x23, 0xA6, 0x2C, 0x76, 0xA0, 0xFA, 0x3B, 0x56, 0x00, 0x3D, 0x21, 0x87, 0x2C, 0xA3, 0x9F, 0xFB, 0x3B, 0x57, 0x00,
        0x0A, 0x20, 0x72, 0x2C, 0xE1, 0x9E, 0xFB, 0x3B, 0x5A, 0x00, 0x85, 0x0F, 0x48, 0x2C, 0xB8, 0x9C, 0xFB, 0x3B, 0x5E, 0x00,
        0xA5, 0xA0, 0xF7, 0x2B, 0x4D, 0x97, 0xFC, 0x3B, 0x61, 0x00, 0xA2, 0xA3, 0x7F, 0x2B, 0xF3, 0x88, 0xFC, 0x3B, 0x64, 0x00,
        0xF9, 0xA4, 0x16, 0x2B, 0x3D, 0x04, 0xFC, 0x3B, 0x66, 0x00, 0xBA, 0xA5, 0xEA, 0x2A, 0xFA, 0x11, 0xFC, 0x3B, 0x68, 0x00,
        0x59, 0xA6, 0xD4, 0x2A, 0xA3, 0x15, 0xFC, 0x3B, 0x6A, 0x00, 0x9D, 0xA6, 0xCB, 0x2A, 0x30, 0x17, 0xFC, 0x3B, 0x6B, 0x00,
        0x8C, 0xA6, 0xC9, 0x2A, 0x7A, 0x17, 0xFC, 0x3B, 0x6C, 0x00, 0x5B, 0xA6, 0xC4, 0x2A, 0xD7, 0x16, 0xFD, 0x3B, 0x6E, 0x00,
        0x7F, 0xA5, 0xB6, 0x2A, 0x8E, 0x15, 0xFD, 0x3B, 0x70, 0x00, 0x2B, 0xA4, 0x93, 0x2A, 0xDC, 0x11, 0xFD, 0x3B, 0x72, 0x00,
        0xCF, 0xA0, 0x41, 0x2A, 0x9D, 0x8F, 0xFD, 0x3B, 0x75, 0x00, 0xAC, 0x14, 0xD4, 0x29, 0x5B, 0x99, 0xFE, 0x3B, 0x77, 0x00,
        0x42, 0x1F, 0xB4, 0x29, 0x37, 0x9C, 0xFE, 0x3B, 0x78, 0x00, 0xE5, 0x20, 0xAC, 0x29, 0xD5, 0x9C, 0xFE, 0x3B, 0x7A, 0x00,
        0xAD, 0x22, 0xA9, 0x29, 0xB1, 0x9D, 0xFE, 0x3B, 0x7B, 0x00, 0x2C, 0x23, 0xC0, 0x29, 0xEC, 0x9D, 0xFE, 0x3B, 0x7C, 0x00,
        0x90, 0x23, 0xEA, 0x29, 0x0C, 0x9E, 0xFE, 0x3B, 0x7E, 0x00, 0xE7, 0x23, 0x71, 0x2A, 0x1F, 0x9E, 0xFD, 0x3B, 0x7F, 0x00,
        0xEF, 0x23, 0xC8, 0x2A, 0x0B, 0x9E, 0xFD, 0x3B, 0x81, 0x00, 0x89, 0x23, 0x9D, 0x2B, 0x3D, 0x9E, 0xFC, 0x3B, 0x84, 0x00,
        0x80, 0x22, 0x82, 0x2C, 0x1B, 0x9F, 0xFB, 0x3B, 0x87, 0x00, 0xBC, 0x21, 0x3F, 0x2D, 0x52, 0xA0, 0xF9, 0x3B, 0x88, 0x00,
        0x94, 0x21, 0x7B, 0x2D, 0xA2, 0xA0, 0xF8, 0x3B, 0x02, 0x00, 0x00, 0x00, 0xB4, 0x85, 0x00, 0x00, 0xC1, 0x8F, 0x24, 0x00,
        0xB4, 0x85, 0x00, 0x00, 0xC1, 0x8F, 0x90, 0x23, 0xD1, 0x50, 0x00, 0x00, 0x03, 0x00, 0x00, 0x00, 0x9C, 0xAA, 0x31, 0x80,
        0x22, 0x00, 0xFD, 0x3B, 0x24, 0x00, 0x9C, 0xAA, 0x31, 0x80, 0x22, 0x00, 0xFD, 0x3B, 0x88, 0x00, 0x9E, 0xAA, 0x32, 0x80,
        0x18, 0x00, 0xFD, 0x3B, 0x02, 0x00, 0x00, 0x00, 0x00, 0x80, 0x7A, 0x80, 0x02, 0x80, 0x24, 0x00, 0x00, 0x80, 0x7A, 0x80,
        0x02, 0x80, 0x14, 0xB3, 0x40, 0xB4, 0x00, 0x00, 0x03, 0x00, 0x00, 0x00, 0xEC, 0x93, 0xD6, 0x2C, 0x5A, 0x1A, 0xFA, 0x3B,
        0x24, 0x00, 0xEC, 0x93, 0xD6, 0x2C, 0x5A, 0x1A, 0xFA, 0x3B, 0x88, 0x00, 0xCA, 0x93, 0xD6, 0x2C, 0x5A, 0x1A, 0xFA, 0x3B,
        0x00, 0x00, 0xCB, 0xCC, 0x3F, 0xDE, 0x00, 0x00, 0x03, 0x00, 0x00, 0x00, 0x16, 0x17, 0xF4, 0x29, 0x71, 0x25, 0xFD, 0x3B,
        0x24, 0x00, 0x16, 0x17, 0xF4, 0x29, 0x71, 0x25, 0xFD, 0x3B, 0x88, 0x00, 0x06, 0x17, 0xF4, 0x29, 0x71, 0x25, 0xFD, 0x3B,
        0x00, 0x00, 0x34, 0xF4, 0x5D, 0x9B, 0x00, 0x00, 0x31, 0x00, 0x00, 0x00, 0xBE, 0xAD, 0xD5, 0x35, 0x65, 0x29, 0x68, 0x3B,
        0x24, 0x00, 0xBE, 0xAD, 0xD5, 0x35, 0x65, 0x29, 0x68, 0x3B, 0x27, 0x00, 0x8C, 0xAD, 0xCE, 0x35, 0x4F, 0x29, 0x6A, 0x3B,
        0x28, 0x00, 0x7F, 0xAD, 0xCE, 0x35, 0x4D, 0x29, 0x6A, 0x3B, 0x29, 0x00, 0x79, 0xAD, 0xD1, 0x35, 0x53, 0x29, 0x6A, 0x3B,
        0x2A, 0x00, 0x7C, 0xAD, 0xD7, 0x35, 0x5D, 0x29, 0x69, 0x3B, 0x2D, 0x00, 0x97, 0xAD, 0xF1, 0x35, 0x94, 0x29, 0x63, 0x3B,
        0x31, 0x00, 0xB4, 0xAD, 0x15, 0x36, 0xE0, 0x29, 0x5B, 0x3B, 0x33, 0x00, 0xC6, 0xAD, 0x24, 0x36, 0xF0, 0x29, 0x58, 0x3B,
        0x34, 0x00, 0xD3, 0xAD, 0x2B, 0x36, 0xE9, 0x29, 0x56, 0x3B, 0x35, 0x00, 0xE3, 0xAD, 0x32, 0x36, 0xD4, 0x29, 0x54, 0x3B,
        0x37, 0x00, 0x09, 0xAE, 0x3F, 0x36, 0x83, 0x29, 0x51, 0x3B, 0x39, 0x00, 0x2A, 0xAE, 0x4A, 0x36, 0x2F, 0x29, 0x4F, 0x3B,
        0x3B, 0x00, 0x43, 0xAE, 0x52, 0x36, 0xD6, 0x28, 0x4D, 0x3B, 0x3D, 0x00, 0x56, 0xAE, 0x56, 0x36, 0x74, 0x28, 0x4C, 0x3B,
        0x3E, 0x00, 0x5A, 0xAE, 0x59, 0x36, 0x46, 0x28, 0x4C, 0x3B, 0x40, 0x00, 0x65, 0xAE, 0x5B, 0x36, 0xC5, 0x27, 0x4B, 0x3B,
        0x44, 0x00, 0x6E, 0xAE, 0x58, 0x36, 0x7F, 0x26, 0x4C, 0x3B, 0x47, 0x00, 0x58, 0xAE, 0x55, 0x36, 0x1F, 0x25, 0x4D, 0x3B,
        0x49, 0x00, 0x45, 0xAE, 0x4F, 0x36, 0x60, 0x24, 0x4F, 0x3B, 0x4C, 0x00, 0x29, 0xAE, 0x41, 0x36, 0x44, 0x23, 0x52, 0x3B,
        0x4E, 0x00, 0x1B, 0xAE, 0x39, 0x36, 0x73, 0x22, 0x55, 0x3B, 0x51, 0x00, 0x05, 0xAE, 0x2A, 0x36, 0x60, 0x21, 0x58, 0x3B,
        0x52, 0x00, 0xF9, 0xAD, 0x26, 0x36, 0x19, 0x21, 0x59, 0x3B, 0x54, 0x00, 0xD9, 0xAD, 0x19, 0x36, 0x7F, 0x20, 0x5C, 0x3B,
        0x55, 0x00, 0xC1, 0xAD, 0x12, 0x36, 0x33, 0x20, 0x5E, 0x3B, 0x57, 0x00, 0x8D, 0xAD, 0x00, 0x36, 0x46, 0x1F, 0x62, 0x3B,
        0x59, 0x00, 0x51, 0xAD, 0xEE, 0x35, 0xEA, 0x1F, 0x66, 0x3B, 0x5E, 0x00, 0xC2, 0xAC, 0xC0, 0x35, 0x65, 0x21, 0x71, 0x3B,
        0x61, 0x00, 0x82, 0xAC, 0xAA, 0x35, 0xA2, 0x22, 0x76, 0x3B, 0x65, 0x00, 0x47, 0xAC, 0x91, 0x35, 0x71, 0x24, 0x7B, 0x3B,
        0x68, 0x00, 0x1A, 0xAC, 0x81, 0x35, 0x3F, 0x25, 0x7E, 0x3B, 0x6A, 0x00, 0x0D, 0xAC, 0x7B, 0x35, 0xC1, 0x25, 0x7F, 0x3B,
        0x6C, 0x00, 0x16, 0xAC, 0x7C, 0x35, 0x4F, 0x26, 0x7F, 0x3B, 0x6D, 0x00, 0x25, 0xAC, 0x7F, 0x35, 0x9E, 0x26, 0x7E, 0x3B,
        0x6F, 0x00, 0x50, 0xAC, 0x8A, 0x35, 0x2C, 0x27, 0x7C, 0x3B, 0x70, 0x00, 0x6C, 0xAC, 0x92, 0x35, 0x77, 0x27, 0x7A, 0x3B,
        0x71, 0x00, 0x90, 0xAC, 0x9C, 0x35, 0xB5, 0x27, 0x77, 0x3B, 0x75, 0x00, 0x2E, 0xAD, 0xC7, 0x35, 0x3D, 0x28, 0x6D, 0x3B,
        0x77, 0x00, 0x70, 0xAD, 0xD9, 0x35, 0x6E, 0x28, 0x69, 0x3B, 0x79, 0x00, 0xA2, 0xAD, 0xE6, 0x35, 0x8B, 0x28, 0x66, 0x3B,
        0x7A, 0x00, 0xB4, 0xAD, 0xEA, 0x35, 0x93, 0x28, 0x65, 0x3B, 0x7B, 0x00, 0xBE, 0xAD, 0xEE, 0x35, 0x9B, 0x28, 0x64, 0x3B,
        0x7D, 0x00, 0xCC, 0xAD, 0xF1, 0x35, 0xA9, 0x28, 0x63, 0x3B, 0x7F, 0x00, 0xD2, 0xAD, 0xF0, 0x35, 0xB4, 0x28, 0x63, 0x3B,
        0x81, 0x00, 0xCD, 0xAD, 0xEC, 0x35, 0xCD, 0x28, 0x64, 0x3B, 0x83, 0x00, 0xC4, 0xAD, 0xE5, 0x35, 0xE9, 0x28, 0x65, 0x3B,
        0x87, 0x00, 0xBD, 0xAD, 0xD7, 0x35, 0x47, 0x29, 0x68, 0x3B, 0x88, 0x00, 0xBE, 0xAD, 0xD5, 0x35, 0x65, 0x29, 0x68, 0x3B,
        0x00, 0x00, 0x45, 0x7B, 0xD9, 0x24, 0x00, 0x00, 0x30, 0x00, 0x00, 0x00, 0x9E, 0xAF, 0x12, 0x37, 0xDB, 0x28, 0x1B, 0x3B,
        0x24, 0x00, 0x9E, 0xAF, 0x12, 0x37, 0xDB, 0x28, 0x1B, 0x3B, 0x27, 0x00, 0x4F, 0xAF, 0x10, 0x37, 0xC4, 0x28, 0x1D, 0x3B,
        0x28, 0x00, 0x3B, 0xAF, 0x11, 0x37, 0xB3, 0x28, 0x1D, 0x3B, 0x29, 0x00, 0x31, 0xAF, 0x12, 0x37, 0x93, 0x28, 0x1D, 0x3B,
        0x2A, 0x00, 0x34, 0xAF, 0x13, 0x37, 0x61, 0x28, 0x1D, 0x3B, 0x2C, 0x00, 0x49, 0xAF, 0x17, 0x37, 0xCA, 0x27, 0x1C, 0x3B,
        0x30, 0x00, 0x5D, 0xAF, 0x22, 0x37, 0xEE, 0x25, 0x19, 0x3B, 0x32, 0x00, 0x64, 0xAF, 0x28, 0x37, 0x1D, 0x25, 0x18, 0x3B,
        0x34, 0x00, 0x69, 0xAF, 0x2D, 0x37, 0x93, 0x24, 0x17, 0x3B, 0x36, 0x00, 0x72, 0xAF, 0x2D, 0x37, 0x5C, 0x24, 0x17, 0x3B,
        0x39, 0x00, 0x74, 0xAF, 0x2D, 0x37, 0x65, 0x24, 0x17, 0x3B, 0x3C, 0x00, 0x60, 0xAF, 0x30, 0x37, 0x94, 0x24, 0x16, 0x3B,
        0x3F, 0x00, 0x3F, 0xAF, 0x3A, 0x37, 0xCF, 0x24, 0x14, 0x3B, 0x43, 0x00, 0x11, 0xAF, 0x45, 0x37, 0x4C, 0x25, 0x12, 0x3B,
        0x45, 0x00, 0xF0, 0xAE, 0x4E, 0x37, 0x9A, 0x25, 0x10, 0x3B, 0x49, 0x00, 0x99, 0xAE, 0x69, 0x37, 0x5A, 0x26, 0x0A, 0x3B,
        0x4D, 0x00, 0x52, 0xAE, 0x81, 0x37, 0x2A, 0x27, 0x05, 0x3B, 0x4F, 0x00, 0x39, 0xAE, 0x8C, 0x37, 0x9F, 0x27, 0x02, 0x3B,
        0x50, 0x00, 0x2B, 0xAE, 0x91, 0x37, 0xCE, 0x27, 0x01, 0x3B, 0x53, 0x00, 0xF6, 0xAD, 0x9C, 0x37, 0xFE, 0x27, 0xFE, 0x3A,
        0x55, 0x00, 0xC0, 0xAD, 0xA7, 0x37, 0x02, 0x28, 0xFC, 0x3A, 0x57, 0x00, 0x7F, 0xAD, 0xB5, 0x37, 0xFB, 0x27, 0xF9, 0x3A,
        0x5A, 0x00, 0x1B, 0xAD, 0xC8, 0x37, 0x65, 0x27, 0xF5, 0x3A, 0x5C, 0x00, 0xDD, 0xAC, 0xD2, 0x37, 0xF3, 0x26, 0xF3, 0x3A,
        0x5E, 0x00, 0xA4, 0xAC, 0xD8, 0x37, 0x71, 0x26, 0xF2, 0x3A, 0x60, 0x00, 0x76, 0xAC, 0xDD, 0x37, 0xDC, 0x25, 0xF1, 0x3A,
        0x62, 0x00, 0x5B, 0xAC, 0xDE, 0x37, 0x5B, 0x25, 0xF1, 0x3A, 0x65, 0x00, 0x3C, 0xAC, 0xDE, 0x37, 0x93, 0x24, 0xF2, 0x3A,
        0x67, 0x00, 0x26, 0xAC, 0xDE, 0x37, 0xF3, 0x23, 0xF2, 0x3A, 0x68, 0x00, 0x1F, 0xAC, 0xDD, 0x37, 0x66, 0x23, 0xF3, 0x3A,
        0x6A, 0x00, 0x21, 0xAC, 0xD7, 0x37, 0x6D, 0x22, 0xF4, 0x3A, 0x6C, 0x00, 0x3F, 0xAC, 0xCA, 0x37, 0x9E, 0x21, 0xF7, 0x3A,
        0x6D, 0x00, 0x5A, 0xAC, 0xC2, 0x37, 0x32, 0x21, 0xFA, 0x3A, 0x6E, 0x00, 0x79, 0xAC, 0xB8, 0x37, 0xD8, 0x20, 0xFC, 0x3A,
        0x70, 0x00, 0xCC, 0xAC, 0xA0, 0x37, 0x5D, 0x20, 0x02, 0x3B, 0x71, 0x00, 0x00, 0xAD, 0x93, 0x37, 0x55, 0x20, 0x05, 0x3B,
        0x72, 0x00, 0x39, 0xAD, 0x84, 0x37, 0x82, 0x20, 0x08, 0x3B, 0x74, 0x00, 0xAE, 0xAD, 0x69, 0x37, 0xFE, 0x20, 0x0E, 0x3B,
        0x76, 0x00, 0x1C, 0xAE, 0x50, 0x37, 0xDD, 0x21, 0x13, 0x3B, 0x78, 0x00, 0x7D, 0xAE, 0x3C, 0x37, 0xE7, 0x22, 0x17, 0x3B,
        0x79, 0x00, 0xA4, 0xAE, 0x34, 0x37, 0x9D, 0x23, 0x18, 0x3B, 0x7A, 0x00, 0xC7, 0xAE, 0x2E, 0x37, 0x24, 0x24, 0x19, 0x3B,
        0x7C, 0x00, 0xFB, 0xAE, 0x25, 0x37, 0xDB, 0x24, 0x1A, 0x3B, 0x7F, 0x00, 0x32, 0xAF, 0x1B, 0x37, 0xFF, 0x25, 0x1C, 0x3B,
        0x86, 0x00, 0x80, 0xAF, 0x15, 0x37, 0x75, 0x28, 0x1B, 0x3B, 0x87, 0x00, 0x8F, 0xAF, 0x13, 0x37, 0xAB, 0x28, 0x1B, 0x3B,
        0x88, 0x00, 0x9E, 0xAF, 0x12, 0x37, 0xDB, 0x28, 0x1B, 0x3B, 0x00, 0x00, 0x73, 0x68, 0x81, 0x53, 0x00, 0x00, 0x28, 0x00,
        0x00, 0x00, 0x66, 0x01, 0x24, 0x34, 0x43, 0x01, 0xBA, 0x3B, 0x24, 0x00, 0x66, 0x01, 0x24, 0x34, 0x43, 0x01, 0xBA, 0x3B,
        0x27, 0x00, 0x96, 0x80, 0x0C, 0x34, 0xF9, 0x80, 0xBD, 0x3B, 0x32, 0x00, 0xCA, 0x84, 0x22, 0x33, 0xBB, 0x04, 0xCC, 0x3B,
        0x33, 0x00, 0xE7, 0x80, 0x07, 0x33, 0x1D, 0x81, 0xCE, 0x3B, 0x34, 0x00, 0x92, 0x01, 0xE7, 0x32, 0x07, 0x01, 0xD0, 0x3B,
        0x35, 0x00, 0xF1, 0x01, 0xC0, 0x32, 0x98, 0x02, 0xD2, 0x3B, 0x38, 0x00, 0x18, 0x03, 0x34, 0x32, 0xE6, 0x81, 0xD9, 0x3B,
        0x3B, 0x00, 0x46, 0x80, 0xB8, 0x31, 0xC2, 0x80, 0xDF, 0x3B, 0x3F, 0x00, 0x06, 0x80, 0x26, 0x31, 0x49, 0x80, 0xE5, 0x3B,
        0x40, 0x00, 0x4A, 0x01, 0x05, 0x31, 0x37, 0x81, 0xE7, 0x3B, 0x44, 0x00, 0x6E, 0x00, 0xA8, 0x30, 0xBA, 0x00, 0xEA, 0x3B,
        0x47, 0x00, 0xD3, 0x00, 0x4B, 0x30, 0x24, 0x00, 0xED, 0x3B, 0x48, 0x00, 0x98, 0x08, 0x34, 0x30, 0x78, 0x82, 0xEE, 0x3B,
        0x49, 0x00, 0x39, 0x00, 0x24, 0x30, 0xC4, 0x80, 0xEF, 0x3B, 0x4E, 0x00, 0x09, 0x81, 0x05, 0x30, 0x0D, 0x81, 0xF0, 0x3B,
        0x50, 0x00, 0x75, 0x81, 0x04, 0x30, 0x30, 0x88, 0xF0, 0x3B, 0x52, 0x00, 0x34, 0x81, 0x10, 0x30, 0x9E, 0x81, 0xEF, 0x3B,
        0x54, 0x00, 0x11, 0x00, 0x2D, 0x30, 0x33, 0x80, 0xEE, 0x3B, 0x55, 0x00, 0x24, 0x80, 0x40, 0x30, 0x52, 0x80, 0xEE, 0x3B,
        0x57, 0x00, 0x89, 0x80, 0x72, 0x30, 0x28, 0x80, 0xEC, 0x3B, 0x59, 0x00, 0xB4, 0x00, 0xC6, 0x30, 0x2A, 0x00, 0xE9, 0x3B,
        0x5F, 0x00, 0x04, 0x07, 0xE1, 0x31, 0x53, 0x04, 0xDD, 0x3B, 0x62, 0x00, 0xD0, 0x81, 0x68, 0x32, 0xCB, 0x80, 0xD7, 0x3B,
        0x67, 0x00, 0x3F, 0x06, 0x43, 0x33, 0x2F, 0x03, 0xCB, 0x3B, 0x68, 0x00, 0x37, 0x01, 0x6C, 0x33, 0xC8, 0x00, 0xC8, 0x3B,
        0x6A, 0x00, 0xAB, 0x00, 0xAF, 0x33, 0x97, 0x01, 0xC4, 0x3B, 0x6C, 0x00, 0x97, 0x80, 0xDF, 0x33, 0x94, 0x80, 0xC1, 0x3B,
        0x6D, 0x00, 0x67, 0x00, 0xF0, 0x33, 0x75, 0x01, 0xC0, 0x3B, 0x6F, 0x00, 0x03, 0x82, 0x02, 0x34, 0xC1, 0x80, 0xBF, 0x3B,
        0x70, 0x00, 0x1E, 0x81, 0x01, 0x34, 0x1C, 0x81, 0xBF, 0x3B, 0x71, 0x00, 0xCE, 0x00, 0xF8, 0x33, 0x25, 0x00, 0xC0, 0x3B,
        0x75, 0x00, 0x73, 0x02, 0xB1, 0x33, 0x9D, 0x00, 0xC4, 0x3B, 0x79, 0x00, 0x59, 0x81, 0x82, 0x33, 0x80, 0x80, 0xC7, 0x3B,
        0x7B, 0x00, 0xC1, 0x80, 0x77, 0x33, 0x23, 0x81, 0xC7, 0x3B, 0x7D, 0x00, 0x62, 0x01, 0x7C, 0x33, 0xDA, 0x00, 0xC7, 0x3B,
        0x7F, 0x00, 0x75, 0x00, 0x8E, 0x33, 0x09, 0x80, 0xC6, 0x3B, 0x81, 0x00, 0x3A, 0x01, 0xAC, 0x33, 0xBF, 0x00, 0xC4, 0x3B,
        0x84, 0x00, 0xEE, 0x09, 0xEA, 0x33, 0x41, 0x02, 0xC0, 0x3B, 0x88, 0x00, 0x79, 0x80, 0x24, 0x34, 0x5B, 0x00, 0xBA, 0x3B,
        0x02, 0x00, 0x00, 0x00, 0x4C, 0x00, 0x22, 0x80, 0x0A, 0x00, 0x24, 0x00, 0x4C, 0x00, 0x22, 0x80, 0x0A, 0x00, 0xCB, 0x19,
        0xC4, 0x44, 0x00, 0x00, 0x2D, 0x00, 0x00, 0x00, 0x18, 0x01, 0xA8, 0x33, 0x2C, 0x80, 0xC4, 0x3B, 0x24, 0x00, 0x18, 0x01,
        0xA8, 0x33, 0x2C, 0x80, 0xC4, 0x3B, 0x27, 0x00, 0x63, 0x00, 0x97, 0x33, 0x3E, 0x80, 0xC6, 0x3B, 0x2B, 0x00, 0x19, 0x83,
        0x70, 0x33, 0xCE, 0x81, 0xC8, 0x3B, 0x2D, 0x00, 0xD1, 0x03, 0x67, 0x33, 0xD7, 0x88, 0xC8, 0x3B, 0x31, 0x00, 0x7A, 0x07,
        0x59, 0x33, 0xFD, 0x88, 0xC9, 0x3B, 0x33, 0x00, 0x4C, 0x06, 0x42, 0x33, 0x80, 0x84, 0xCB, 0x3B, 0x35, 0x00, 0x72, 0x08,
        0x18, 0x33, 0xF3, 0x85, 0xCD, 0x3B, 0x36, 0x00, 0xD8, 0x80, 0xFA, 0x32, 0xA4, 0x00, 0xCF, 0x3B, 0x3A, 0x00, 0x55, 0x00,
        0x6C, 0x32, 0xFD, 0x85, 0xD6, 0x3B, 0x3C, 0x00, 0x3D, 0x00, 0x1F, 0x32, 0xB6, 0x00, 0xDA, 0x3B, 0x40, 0x00, 0xFD, 0x00,
        0x67, 0x31, 0x35, 0x81, 0xE3, 0x3B, 0x43, 0x00, 0x0D, 0x80, 0xEF, 0x30, 0x01, 0x00, 0xE8, 0x3B, 0x44, 0x00, 0xF1, 0x80,
        0xBF, 0x30, 0x0A, 0x88, 0xE9, 0x3B, 0x45, 0x00, 0x03, 0x00, 0x86, 0x30, 0xAE, 0x00, 0xEB, 0x3B, 0x48, 0x00, 0xFB, 0x04,
        0x86, 0x2F, 0x2A, 0x05, 0xF2, 0x3B, 0x49, 0x00, 0x34, 0x00, 0x16, 0x2F, 0x4B, 0x80, 0xF3, 0x3B, 0x4E, 0x00, 0x66, 0x00,
        0x36, 0x2D, 0xFE, 0x03, 0xF9, 0x3B, 0x4F, 0x00, 0x9F, 0x00, 0xDA, 0x2C, 0x76, 0x01, 0xFA, 0x3B, 0x50, 0x00, 0x4F, 0x80,
        0x8C, 0x2C, 0x65, 0x00, 0xFB, 0x3B, 0x51, 0x00, 0x3E, 0x8A, 0x51, 0x2C, 0x9D, 0x81, 0xFB, 0x3B, 0x54, 0x00, 0x7C, 0x88,
        0x84, 0x2B, 0x41, 0x88, 0xFC, 0x3B, 0x57, 0x00, 0x3B, 0x00, 0x3C, 0x2A, 0x66, 0x01, 0xFE, 0x3B, 0x59, 0x00, 0x85, 0x83,
        0x2E, 0x2A, 0xB1, 0x03, 0xFE, 0x3B, 0x5A, 0x00, 0xE2, 0x80, 0x3E, 0x2A, 0x28, 0x81, 0xFE, 0x3B, 0x5C, 0x00, 0x6B, 0x00,
        0x8F, 0x2A, 0x4B, 0x80, 0xFD, 0x3B, 0x5E, 0x00, 0xEB, 0x00, 0x22, 0x2B, 0x1C, 0x02, 0xFD, 0x3B, 0x60, 0x00, 0x33, 0x80,
        0xD6, 0x2B, 0x81, 0x81, 0xFC, 0x3B, 0x62, 0x00, 0x13, 0x80, 0x5E, 0x2C, 0x79, 0x81, 0xFB, 0x3B, 0x66, 0x00, 0x1E, 0x00,
        0x6B, 0x2D, 0xC5, 0x81, 0xF9, 0x3B, 0x68, 0x00, 0x1A, 0x81, 0x00, 0x2E, 0xD1, 0x80, 0xF7, 0x3B, 0x6A, 0x00, 0x0E, 0x00,
        0xA4, 0x2E, 0x0B, 0x81, 0xF5, 0x3B, 0x6C, 0x00, 0x4F, 0x01, 0x70, 0x2F, 0x53, 0x01, 0xF2, 0x3B, 0x6E, 0x00, 0x97, 0x00,
        0x33, 0x30, 0x96, 0x80, 0xEE, 0x3B, 0x70, 0x00, 0x72, 0x00, 0xB5, 0x30, 0x0F, 0x00, 0xEA, 0x3B, 0x72, 0x00, 0x11, 0x00,
        0x2A, 0x31, 0x65, 0x00, 0xE5, 0x3B, 0x75, 0x00, 0x05, 0x02, 0xC8, 0x31, 0x5F, 0x84, 0xDE, 0x3B, 0x76, 0x00, 0x4F, 0x00,
        0xFA, 0x31, 0xCC, 0x00, 0xDC, 0x3B, 0x78, 0x00, 0x1C, 0x81, 0x4F, 0x32, 0xC9, 0x80, 0xD8, 0x3B, 0x79, 0x00, 0x80, 0x00,
        0x6E, 0x32, 0xC9, 0x80, 0xD6, 0x3B, 0x7B, 0x00, 0x9F, 0x80, 0x9C, 0x32, 0x3A, 0x84, 0xD4, 0x3B, 0x7F, 0x00, 0xB6, 0x80,
        0xF4, 0x32, 0x62, 0x80, 0xCF, 0x3B, 0x84, 0x00, 0x1F, 0x80, 0x4C, 0x33, 0x0E, 0x08, 0xCA, 0x3B, 0x87, 0x00, 0x79, 0x01,
        0x91, 0x33, 0x9A, 0x00, 0xC6, 0x3B, 0x88, 0x00, 0x1B, 0x81, 0xA9, 0x33, 0x43, 0x00, 0xC4, 0x3B, 0x02, 0x00, 0x00, 0x00,
        0x4C, 0x00, 0x21, 0x00, 0x0B, 0x00, 0x24, 0x00, 0x4C, 0x00, 0x21, 0x00, 0x0B, 0x00, 0xF5, 0x6C, 0x40, 0x51, 0x00, 0x00,
        0x1C, 0x00, 0x00, 0x00, 0x68, 0x33, 0x9B, 0x35, 0x8F, 0x9F, 0x43, 0x3B, 0x24, 0x00, 0x68, 0x33, 0x9B, 0x35, 0x8F, 0x9F,
        0x43, 0x3B, 0x28, 0x00, 0x97, 0x33, 0x8B, 0x35, 0x7A, 0xA2, 0x42, 0x3B, 0x2D, 0x00, 0xDB, 0x33, 0x73, 0x35, 0x26, 0xA5,
        0x42, 0x3B, 0x33, 0x00, 0x17, 0x34, 0x54, 0x35, 0x97, 0xA7, 0x42, 0x3B, 0x35, 0x00, 0x26, 0x34, 0x46, 0x35, 0x52, 0xA8,
        0x42, 0x3B, 0x38, 0x00, 0x3F, 0x34, 0x2A, 0x35, 0x4D, 0xA9, 0x43, 0x3B, 0x3D, 0x00, 0x60, 0x34, 0x05, 0x35, 0xA9, 0xAA,
        0x43, 0x3B, 0x40, 0x00, 0x70, 0x34, 0xF1, 0x34, 0x64, 0xAB, 0x43, 0x3B, 0x44, 0x00, 0x7F, 0x34, 0xE1, 0x34, 0xFE, 0xAB,
        0x43, 0x3B, 0x47, 0x00, 0x88, 0x34, 0xD0, 0x34, 0x4D, 0xAC, 0x44, 0x3B, 0x48, 0x00, 0x8A, 0x34, 0xCB, 0x34, 0x61, 0xAC,
        0x44, 0x3B, 0x4A, 0x00, 0x8C, 0x34, 0xC8, 0x34, 0x6E, 0xAC, 0x44, 0x3B, 0x4E, 0x00, 0x8B, 0x34, 0xC7, 0x34, 0x73, 0xAC,
        0x45, 0x3B, 0x52, 0x00, 0x86, 0x34, 0xCA, 0x34, 0x5F, 0xAC, 0x45, 0x3B, 0x55, 0x00, 0x80, 0x34, 0xD1, 0x34, 0x42, 0xAC,
        0x45, 0x3B, 0x57, 0x00, 0x7B, 0x34, 0xD8, 0x34, 0x24, 0xAC, 0x45, 0x3B, 0x5A, 0x00, 0x6F, 0x34, 0xED, 0x34, 0x98, 0xAB,
        0x44, 0x3B, 0x61, 0x00, 0x4D, 0x34, 0x23, 0x35, 0xDC, 0xA9, 0x42, 0x3B, 0x67, 0x00, 0x2A, 0x34, 0x55, 0x35, 0x36, 0xA8,
        0x3F, 0x3B, 0x6A, 0x00, 0x19, 0x34, 0x69, 0x35, 0x1B, 0xA7, 0x3E, 0x3B, 0x6D, 0x00, 0x0C, 0x34, 0x76, 0x35, 0x2C, 0xA6,
        0x3D, 0x3B, 0x70, 0x00, 0x01, 0x34, 0x7B, 0x35, 0xBC, 0xA5, 0x3E, 0x3B, 0x76, 0x00, 0xEC, 0x33, 0x6F, 0x35, 0xE0, 0xA5,
        0x42, 0x3B, 0x7B, 0x00, 0xD5, 0x33, 0x6B, 0x35, 0xCC, 0xA5, 0x44, 0x3B, 0x7E, 0x00, 0xC2, 0x33, 0x6E, 0x35, 0x5F, 0xA5,
        0x45, 0x3B, 0x81, 0x00, 0xAB, 0x33, 0x77, 0x35, 0xAB, 0xA4, 0x45, 0x3B, 0x88, 0x00, 0x68, 0x33, 0x9A, 0x35, 0xAF, 0x9F,
        0x43, 0x3B, 0x00, 0x00, 0x7B, 0x30, 0x4E, 0xFD, 0x00, 0x00, 0x05, 0x00, 0x00, 0x00, 0xE4, 0x27, 0x03, 0x85, 0x78, 0x00,
        0xFF, 0x3B, 0x24, 0x00, 0xE4, 0x27, 0x03, 0x85, 0x78, 0x00, 0xFF, 0x3B, 0x45, 0x00, 0xEE, 0x27, 0xE8, 0x08, 0xCD, 0x05,
        0xFF, 0x3B, 0x85, 0x00, 0xDF, 0x27, 0x0C, 0x87, 0x30, 0x82, 0xFF, 0x3B, 0x88, 0x00, 0xE3, 0x27, 0x1D, 0x04, 0x90, 0x80,
        0xFF, 0x3B, 0x02, 0x00, 0x00, 0x00, 0x6C, 0x9F, 0xFF, 0xA1, 0x42, 0x8E, 0x24, 0x00, 0x6C, 0x9F, 0xFF, 0xA1, 0x42, 0x8E,
        0x4F, 0x1C, 0xB8, 0x2F, 0x00, 0x00, 0x26, 0x00, 0x00, 0x00, 0x80, 0xAF, 0x82, 0x31, 0xFC, 0xAB, 0xCF, 0x3B, 0x24, 0x00,
        0x80, 0xAF, 0x82, 0x31, 0xFC, 0xAB, 0xCF, 0x3B, 0x26, 0x00, 0xAB, 0xAF, 0x36, 0x31, 0x15, 0xAC, 0xD1, 0x3B, 0x29, 0x00,
        0xEF, 0xAF, 0xB4, 0x30, 0x31, 0xAC, 0xD5, 0x3B, 0x2A, 0x00, 0x03, 0xB0, 0x8F, 0x30, 0x39, 0xAC, 0xD6, 0x3B, 0x2B, 0x00,
        0x0D, 0xB0, 0x70, 0x30, 0x44, 0xAC, 0xD7, 0x3B, 0x2C, 0x00, 0x16, 0xB0, 0x5B, 0x30, 0x57, 0xAC, 0xD7, 0x3B, 0x2D, 0x00,
        0x1D, 0xB0, 0x54, 0x30, 0x6C, 0xAC, 0xD7, 0x3B, 0x30, 0x00, 0x32, 0xB0, 0x5A, 0x30, 0xBF, 0xAC, 0xD5, 0x3B, 0x33, 0x00,
        0x46, 0xB0, 0x6D, 0x30, 0x0A, 0xAD, 0xD3, 0x3B, 0x36, 0x00, 0x59, 0xB0, 0x82, 0x30, 0x32, 0xAD, 0xD2, 0x3B, 0x3A, 0x00,
        0x72, 0xB0, 0x9C, 0x30, 0x38, 0xAD, 0xD0, 0x3B, 0x3D, 0x00, 0x84, 0xB0, 0xAD, 0x30, 0x21, 0xAD, 0xCF, 0x3B, 0x41, 0x00,
        0x98, 0xB0, 0xB1, 0x30, 0xDC, 0xAC, 0xCE, 0x3B, 0x43, 0x00, 0xA2, 0xB0, 0xAD, 0x30, 0xAC, 0xAC, 0xCF, 0x3B, 0x44, 0x00,
        0xA7, 0xB0, 0xA7, 0x30, 0x8B, 0xAC, 0xCF, 0x3B, 0x47, 0x00, 0xB2, 0xB0, 0x89, 0x30, 0xE2, 0xAB, 0xD1, 0x3B, 0x49, 0x00,
        0xB9, 0xB0, 0x72, 0x30, 0xFC, 0xAA, 0xD2, 0x3B, 0x4C, 0x00, 0xC0, 0xB0, 0x51, 0x30, 0xBF, 0xA9, 0xD4, 0x3B, 0x50, 0x00,
        0xC9, 0xB0, 0x1F, 0x30, 0xEB, 0xA7, 0xD7, 0x3B, 0x56, 0x00, 0xD2, 0xB0, 0xDA, 0x2F, 0x53, 0xA4, 0xD9, 0x3B, 0x57, 0x00,
        0xD2, 0xB0, 0xC6, 0x2F, 0x66, 0xA3, 0xD9, 0x3B, 0x5A, 0x00, 0xD6, 0xB0, 0xA8, 0x2F, 0x3D, 0xA2, 0xD9, 0x3B, 0x5D, 0x00,
        0xDA, 0xB0, 0x83, 0x2F, 0x21, 0xA2, 0xDA, 0x3B, 0x60, 0x00, 0xE0, 0xB0, 0x45, 0x2F, 0x3B, 0xA2, 0xDB, 0x3B, 0x66, 0x00,
        0xEC, 0xB0, 0x97, 0x2E, 0xF8, 0xA2, 0xDC, 0x3B, 0x69, 0x00, 0xEE, 0xB0, 0x52, 0x2E, 0x04, 0xA4, 0xDD, 0x3B, 0x6B, 0x00,
        0xEE, 0xB0, 0x37, 0x2E, 0x9E, 0xA4, 0xDD, 0x3B, 0x6C, 0x00, 0xEF, 0xB0, 0x35, 0x2E, 0xFE, 0xA4, 0xDD, 0x3B, 0x6E, 0x00,
        0xED, 0xB0, 0x45, 0x2E, 0x30, 0xA6, 0xDD, 0x3B, 0x70, 0x00, 0xE7, 0xB0, 0x6D, 0x2E, 0x88, 0xA7, 0xDC, 0x3B, 0x73, 0x00,
        0xD5, 0xB0, 0xCB, 0x2E, 0xB1, 0xA8, 0xDB, 0x3B, 0x76, 0x00, 0xBC, 0xB0, 0x50, 0x2F, 0x96, 0xA9, 0xDA, 0x3B, 0x79, 0x00,
        0x9A, 0xB0, 0xE7, 0x2F, 0x4A, 0xAA, 0xD8, 0x3B, 0x7D, 0x00, 0x63, 0xB0, 0x5F, 0x30, 0xDC, 0xAA, 0xD6, 0x3B, 0x82, 0x00,
        0x17, 0xB0, 0xEE, 0x30, 0x74, 0xAB, 0xD3, 0x3B, 0x87, 0x00, 0x9B, 0xAF, 0x6C, 0x31, 0xE6, 0xAB, 0xD0, 0x3B, 0x88, 0x00,
        0x80, 0xAF, 0x82, 0x31, 0xF9, 0xAB, 0xCF, 0x3B, 0x00, 0x00, 0x24, 0xF7, 0x51, 0xC4, 0x00, 0x00, 0x03, 0x00, 0x00, 0x00,
        0xFD, 0x3B, 0x33, 0x28, 0xB4, 0x28, 0x7C, 0xA3, 0x24, 0x00, 0xFD, 0x3B, 0x33, 0x28, 0xB4, 0x28, 0x7C, 0xA3, 0x88, 0x00,
        0xFD, 0x3B, 0x33, 0x28, 0xB2, 0x28, 0x6B, 0xA3, 0x02, 0x00, 0x00, 0x00, 0x5B, 0x2B, 0xBA, 0x23, 0x3E, 0x9A, 0x24, 0x00,
        0x5B, 0x2B, 0xBA, 0x23, 0x3E, 0x9A, 0x34, 0x44, 0xCF, 0xFF, 0x00, 0x00, 0x04, 0x00, 0x00, 0x00, 0x2C, 0xAA, 0x2C, 0xB7,
        0x9D, 0x2A, 0x21, 0x3B, 0x24, 0x00, 0x2C, 0xAA, 0x2C, 0xB7, 0x9D, 0x2A, 0x21, 0x3B, 0x80, 0x00, 0x30, 0xAA, 0x2D, 0xB7,
        0x97, 0x2A, 0x21, 0x3B, 0x88, 0x00, 0x2E, 0xAA, 0x2C, 0xB7, 0x9A, 0x2A, 0x21, 0x3B, 0x00, 0x00, 0x5D, 0x4D, 0x7A, 0xCD,
        0x00, 0x00, 0x03, 0x00, 0x00, 0x00, 0xF0, 0xAC, 0x30, 0xB7, 0x2B, 0x2B, 0x1B, 0x3B, 0x24, 0x00, 0xF0, 0xAC, 0x30, 0xB7,
        0x2B, 0x2B, 0x1B, 0x3B, 0x88, 0x00, 0xF1, 0xAC, 0x30, 0xB7, 0x29, 0x2B, 0x1B, 0x3B, 0x00, 0x00, 0x2B, 0xC2, 0x80, 0xD7,
        0x00, 0x00, 0x08, 0x00, 0x00, 0x00, 0x3A, 0x2C, 0x15, 0xB8, 0x16, 0x18, 0xDC, 0x3A, 0x24, 0x00, 0x3A, 0x2C, 0x15, 0xB8,
        0x16, 0x18, 0xDC, 0x3A, 0x25, 0x00, 0x38, 0x2C, 0x16, 0xB8, 0x43, 0x18, 0xDC, 0x3A, 0x5E, 0x00, 0x3A, 0x2C, 0x16, 0xB8,
        0x84, 0x17, 0xDC, 0x3A, 0x6C, 0x00, 0x38, 0x2C, 0x15, 0xB8, 0x98, 0x18, 0xDC, 0x3A, 0x70, 0x00, 0x3B, 0x2C, 0x16, 0xB8,
        0x10, 0x18, 0xDC, 0x3A, 0x87, 0x00, 0x38, 0x2C, 0x16, 0xB8, 0x73, 0x17, 0xDC, 0x3A, 0x88, 0x00, 0x39, 0x2C, 0x15, 0xB8,
        0xFB, 0x17, 0xDC, 0x3A, 0x02, 0x00, 0x00, 0x00, 0xC4, 0x80, 0x00, 0x00, 0x21, 0x00, 0x24, 0x00, 0xC4, 0x80, 0x00, 0x00,
        0x21, 0x00, 0x77, 0x56, 0x43, 0xFF, 0x00, 0x00, 0x03, 0x00, 0x00, 0x00, 0x65, 0x2E, 0xCC, 0xB6, 0x9D, 0x28, 0x31, 0x3B,
        0x24, 0x00, 0x65, 0x2E, 0xCC, 0xB6, 0x9D, 0x28, 0x31, 0x3B, 0x88, 0x00, 0x65, 0x2E, 0xCC, 0xB6, 0x9C, 0x28, 0x31, 0x3B,
        0x02, 0x00, 0x00, 0x00, 0xAE, 0x80, 0x0B, 0x80, 0x15, 0x00, 0x24, 0x00, 0xAE, 0x80, 0x0B, 0x80, 0x15, 0x00, 0xA5, 0xFF,
        0x33, 0xF1, 0x00, 0x00, 0x03, 0x00, 0x00, 0x00, 0x06, 0x29, 0xCD, 0x2A, 0x18, 0xA1, 0xFB, 0x3B, 0x24, 0x00, 0x06, 0x29,
        0xCD, 0x2A, 0x18, 0xA1, 0xFB, 0x3B, 0x88, 0x00, 0x02, 0x29, 0xCE, 0x2A, 0x0E, 0xA1, 0xFB, 0x3B, 0x00, 0x00, 0x60, 0x60,
        0xA3, 0xB1, 0x00, 0x00, 0x0D, 0x00, 0x00, 0x00, 0x29, 0xA7, 0x08, 0xAA, 0x8D, 0x3B, 0x39, 0xB5, 0x24, 0x00, 0x29, 0xA7,
        0x08, 0xAA, 0x8D, 0x3B, 0x39, 0xB5, 0x4C, 0x00, 0x29, 0xA7, 0x08, 0xAA, 0x8D, 0x3B, 0x39, 0xB5, 0x4D, 0x00, 0x29, 0xA7,
        0x0C, 0xAA, 0x8C, 0x3B, 0x39, 0xB5, 0x51, 0x00, 0x33, 0xA7, 0x02, 0xAA, 0x8D, 0x3B, 0x39, 0xB5, 0x52, 0x00, 0x30, 0xA7,
        0x07, 0xAA, 0x8C, 0x3B, 0x39, 0xB5, 0x61, 0x00, 0x2B, 0xA7, 0x08, 0xAA, 0x8D, 0x3B, 0x38, 0xB5, 0x64, 0x00, 0x2D, 0xA7,
        0x04, 0xAA, 0x8C, 0x3B, 0x3A, 0xB5, 0x67, 0x00, 0x1F, 0xA7, 0x06, 0xAA, 0x8D, 0x3B, 0x39, 0xB5, 0x69, 0x00, 0x28, 0xA7,
        0x07, 0xAA, 0x8D, 0x3B, 0x39, 0xB5, 0x6A, 0x00, 0x34, 0xA7, 0x00, 0xAA, 0x8C, 0x3B, 0x3A, 0xB5, 0x6C, 0x00, 0x27, 0xA7,
        0x06, 0xAA, 0x8D, 0x3B, 0x39, 0xB5, 0x88, 0x00, 0x29, 0xA7, 0x08, 0xAA, 0x8D, 0x3B, 0x39, 0xB5, 0x02, 0x00, 0x00, 0x00,
        0x5B, 0x2B, 0xBA, 0x23, 0x40, 0x1A, 0x24, 0x00, 0x5B, 0x2B, 0xBA, 0x23, 0x40, 0x1A, 0x66, 0xB0, 0x98, 0x55, 0x00, 0x00,
        0x02, 0x00, 0x00, 0x00, 0xD8, 0x22, 0x6C, 0xB5, 0x8D, 0xAB, 0x83, 0x3B, 0x24, 0x00, 0xD8, 0x22, 0x6C, 0xB5, 0x8D, 0xAB,
        0x83, 0x3B, 0x00, 0x00, 0x7E, 0x07, 0xF9, 0x49, 0x00, 0x00, 0x02, 0x00, 0x00, 0x00, 0x76, 0x2C, 0xD0, 0xB5, 0x3C, 0x22,
        0x6F, 0x3B, 0x24, 0x00, 0x76, 0x2C, 0xD0, 0xB5, 0x3C, 0x22, 0x6F, 0x3B, 0x00, 0x00, 0x73, 0x35, 0x09, 0x5B, 0x00, 0x00,
        0x02, 0x00, 0x00, 0x00, 0x53, 0xAE, 0xF6, 0xB6, 0x57, 0x29, 0x27, 0x3B, 0x24, 0x00, 0x53, 0xAE, 0xF6, 0xB6, 0x57, 0x29,
        0x27, 0x3B, 0x02, 0x00, 0x00, 0x00, 0xC6, 0x80, 0x03, 0x80, 0x22, 0x00, 0x24, 0x00, 0xC6, 0x80, 0x03, 0x80, 0x22, 0x00,
        0xD1, 0xAA, 0x4F, 0x2C, 0x00, 0x00, 0x03, 0x00, 0x00, 0x00, 0x32, 0xB0, 0xBD, 0xB5, 0x74, 0x2E, 0x5A, 0x3B, 0x24, 0x00,
        0x32, 0xB0, 0xBD, 0xB5, 0x74, 0x2E, 0x5A, 0x3B, 0x88, 0x00, 0x32, 0xB0, 0xBD, 0xB5, 0x74, 0x2E, 0x59, 0x3B, 0x02, 0x00,
        0x00, 0x00, 0xAF, 0x80, 0x08, 0x00, 0x15, 0x00, 0x24, 0x00, 0xAF, 0x80, 0x08, 0x00, 0x15, 0x00, 0x94, 0x77, 0x0F, 0xE8,
        0x00, 0x00, 0x03, 0x00, 0x00, 0x00, 0x03, 0x23, 0x61, 0x2D, 0xC4, 0x27, 0xF8, 0x3B, 0x24, 0x00, 0x03, 0x23, 0x61, 0x2D,
        0xC4, 0x27, 0xF8, 0x3B, 0x88, 0x00, 0x01, 0x23, 0x61, 0x2D, 0xC5, 0x27, 0xF8, 0x3B, 0x00, 0x00, 0x89, 0x7C, 0x4D, 0x2C,
        0x00, 0x00, 0x03, 0x00, 0x00, 0x00, 0x6E, 0x1D, 0x40, 0xB0, 0x85, 0xA0, 0xEE, 0x3B, 0x24, 0x00, 0x6E, 0x1D, 0x40, 0xB0,
        0x85, 0xA0, 0xEE, 0x3B, 0x88, 0x00, 0x7B, 0x1D, 0x3F, 0xB0, 0x85, 0xA0, 0xEE, 0x3B, 0x00, 0x00, 0xBC, 0xD7, 0x9B, 0x85,
        0x00, 0x00, 0x03, 0x00, 0x00, 0x00, 0x70, 0x81, 0xF5, 0xB5, 0x6B, 0x00, 0x6D, 0x3B, 0x24, 0x00, 0x70, 0x81, 0xF5, 0xB5,
        0x6B, 0x00, 0x6D, 0x3B, 0x88, 0x00, 0x8A, 0x80, 0xF5, 0xB5, 0x64, 0x00, 0x6D, 0x3B, 0x00, 0x00, 0xD1, 0x24, 0x43, 0x3D,
        0x00, 0x00, 0x03, 0x00, 0x00, 0x00, 0xEA, 0x00, 0xF7, 0xB7, 0xCD, 0x00, 0xF0, 0x3A, 0x24, 0x00, 0xEA, 0x00, 0xF7, 0xB7,
        0xCD, 0x00, 0xF0, 0x3A, 0x88, 0x00, 0xE4, 0x00, 0xF7, 0xB7, 0xAB, 0x81, 0xF0, 0x3A, 0x00, 0x00, 0xE4, 0xBB, 0xF3, 0xE5,
        0x00, 0x00, 0x03, 0x00, 0x00, 0x00, 0x44, 0x80, 0xC1, 0xB8, 0x46, 0x00, 0x6F, 0x3A, 0x24, 0x00, 0x44, 0x80, 0xC1, 0xB8,
        0x46, 0x00, 0x6F, 0x3A, 0x88, 0x00, 0xDF, 0x80, 0xC1, 0xB8, 0x01, 0x00, 0x6F, 0x3A, 0x00, 0x00, 0x86, 0x6C, 0x11, 0x66,
        0x00, 0x00, 0x03, 0x00, 0x00, 0x00, 0x4A, 0x80, 0xEF, 0xB2, 0x52, 0x00, 0xCF, 0x3B, 0x24, 0x00, 0x4A, 0x80, 0xEF, 0xB2,
        0x52, 0x00, 0xCF, 0x3B, 0x88, 0x00, 0xF1, 0x00, 0xEF, 0xB2, 0x4D, 0x80, 0xCF, 0x3B, 0x00, 0x00, 0xCC, 0x12, 0xD0, 0x40,
        0x00, 0x00, 0x03, 0x00, 0x00, 0x00, 0xCE, 0xA0, 0xD4, 0xAF, 0xE6, 0xA6, 0xF0, 0x3B, 0x24, 0x00, 0xCE, 0xA0, 0xD4, 0xAF,
        0xE6, 0xA6, 0xF0, 0x3B, 0x88, 0x00, 0xD0, 0xA0, 0xD4, 0xAF, 0xE6, 0xA6, 0xF0, 0x3B, 0x00, 0x00, 0xBB, 0x42, 0x77, 0x79,
        0x00, 0x00, 0x03, 0x00, 0x00, 0x00, 0x66, 0x27, 0x6F, 0xB5, 0x5F, 0xA7, 0x84, 0x3B, 0x24, 0x00, 0x66, 0x27, 0x6F, 0xB5,
        0x5F, 0xA7, 0x84, 0x3B, 0x88, 0x00, 0x65, 0x27, 0x6F, 0xB5, 0x5F, 0xA7, 0x84, 0x3B, 0x00, 0x00, 0x7D, 0x97, 0xFF, 0x62,
        0x00, 0x00, 0x02, 0x00, 0x00, 0x00, 0x30, 0x12, 0x95, 0xB6, 0x50, 0x24, 0x4A, 0x3B, 0x24, 0x00, 0x30, 0x12, 0x95, 0xB6,
        0x50, 0x24, 0x4A, 0x3B, 0x00, 0x00, 0x5C, 0xBD, 0x12, 0xC5, 0x00, 0x00, 0x02, 0x00, 0x00, 0x00, 0xFA, 0x25, 0x18, 0xB7,
        0xCA, 0x29, 0x29, 0x3B, 0x24, 0x00, 0xFA, 0x25, 0x18, 0xB7, 0xCA, 0x29, 0x29, 0x3B, 0x00, 0x00, 0xF6, 0x92, 0xB5, 0xD9,
        0x00, 0x00, 0x03, 0x00, 0x00, 0x00, 0xDB, 0xA1, 0xF3, 0xAC, 0x10, 0x22, 0xFA, 0x3B, 0x24, 0x00, 0xDB, 0xA1, 0xF3, 0xAC,
        0x10, 0x22, 0xFA, 0x3B, 0x88, 0x00, 0xDC, 0xA1, 0xF4, 0xAC, 0x0E, 0x22, 0xFA, 0x3B, 0x00, 0x00, 0xE7, 0xE6, 0x83, 0xBC,
        0x00, 0x00, 0x03, 0x00, 0x00, 0x00, 0x10, 0x00, 0xB9, 0xB4, 0x15, 0x00, 0xA5, 0x3B, 0x24, 0x00, 0x10, 0x00, 0xB9, 0xB4,
        0x15, 0x00, 0xA5, 0x3B, 0x88, 0x00, 0x68, 0x80, 0xB9, 0xB4, 0x64, 0x00, 0xA5, 0x3B, 0x00, 0x00, 0x7F, 0x12, 0xA9, 0x74,
        0x00, 0x00, 0x03, 0x00, 0x00, 0x00, 0x15, 0x00, 0xBC, 0xB4, 0x4D, 0x80, 0xA4, 0x3B, 0x24, 0x00, 0x15, 0x00, 0xBC, 0xB4,
        0x4D, 0x80, 0xA4, 0x3B, 0x88, 0x00, 0x24, 0x00, 0xBB, 0xB4, 0x80, 0x80, 0xA4, 0x3B, 0x00, 0x00, 0xDB, 0xAB, 0x54, 0xCC,
        0x00, 0x00, 0x03, 0x00, 0x00, 0x00, 0x05, 0x80, 0x69, 0xB2, 0x07, 0x80, 0xD6, 0x3B, 0x24, 0x00, 0x05, 0x80, 0x69, 0xB2,
        0x07, 0x80, 0xD6, 0x3B, 0x88, 0x00, 0x4A, 0x00, 0x69, 0xB2, 0xAC, 0x80, 0xD6, 0x3B, 0x00, 0x00, 0xBC, 0x59, 0x67, 0xEF,
        0x00, 0x00, 0x03, 0x00, 0x00, 0x00, 0x02, 0x00, 0xD1, 0xB3, 0x02, 0x00, 0xC2, 0x3B, 0x24, 0x00, 0x02, 0x00, 0xD1, 0xB3,
        0x02, 0x00, 0xC2, 0x3B, 0x88, 0x00, 0xBC, 0x00, 0xD1, 0xB3, 0x67, 0x80, 0xC2, 0x3B, 0x00, 0x00, 0x25, 0x2A, 0xD9, 0x7B,
        0x00, 0x00, 0x03, 0x00, 0x00, 0x00, 0x01, 0x80, 0x74, 0xB3, 0x04, 0x00, 0xC8, 0x3B, 0x24, 0x00, 0x01, 0x80, 0x74, 0xB3,
        0x04, 0x00, 0xC8, 0x3B, 0x88, 0x00, 0x03, 0x00, 0x75, 0xB3, 0x0B, 0x00, 0xC8, 0x3B, 0x00, 0x00, 0x4F, 0x31, 0xD5, 0x6A,
        0x00, 0x00, 0x03, 0x00, 0x00, 0x00, 0x59, 0x23, 0x35, 0xB2, 0x75, 0xA7, 0xD8, 0x3B, 0x24, 0x00, 0x59, 0x23, 0x35, 0xB2,
        0x75, 0xA7, 0xD8, 0x3B, 0x88, 0x00, 0x5B, 0x23, 0x35, 0xB2, 0x75, 0xA7, 0xD8, 0x3B, 0x00, 0x00, 0x3B, 0xFD, 0x3F, 0xAA,
        0x00, 0x00, 0x03, 0x00, 0x00, 0x00, 0x5A, 0xA9, 0x2D, 0xAE, 0xA3, 0x28, 0xF3, 0x3B, 0x24, 0x00, 0x5A, 0xA9, 0x2D, 0xAE,
        0xA3, 0x28, 0xF3, 0x3B, 0x88, 0x00, 0x59, 0xA9, 0x2F, 0xAE, 0xA2, 0x28, 0xF3, 0x3B, 0x00, 0x00, 0x54, 0x94, 0x79, 0x0C,
        0x00, 0x00, 0x03, 0x00, 0x00, 0x00, 0xC7, 0x2A, 0x9F, 0xAF, 0xCB, 0xA3, 0xEE, 0x3B, 0x24, 0x00, 0xC7, 0x2A, 0x9F, 0xAF,
        0xCB, 0xA3, 0xEE, 0x3B, 0x88, 0x00, 0xC7, 0x2A, 0xA0, 0xAF, 0xCA, 0xA3, 0xEE, 0x3B, 0x00, 0x00, 0x0D, 0x9F, 0x1A, 0x93,
        0x00, 0x00, 0x03, 0x00, 0x00, 0x00, 0x84, 0xA5, 0x6D, 0xB3, 0x10, 0x1D, 0xC8, 0x3B, 0x24, 0x00, 0x84, 0xA5, 0x6D, 0xB3,
        0x10, 0x1D, 0xC8, 0x3B, 0x88, 0x00, 0x84, 0xA5, 0x6D, 0xB3, 0x11, 0x1D, 0xC8, 0x3B, 0x00, 0x00, 0xD5, 0xE3, 0xDC, 0x21,
        0x00, 0x00, 0x03, 0x00, 0x00, 0x00, 0xAE, 0xA0, 0xBE, 0xB1, 0xE9, 0x24, 0xDE, 0x3B, 0x24, 0x00, 0xAE, 0xA0, 0xBE, 0xB1,
        0xE9, 0x24, 0xDE, 0x3B, 0x88, 0x00, 0xAE, 0xA0, 0xBE, 0xB1, 0xE8, 0x24, 0xDE, 0x3B, 0x00, 0x00, 0x15, 0xF1, 0x6F, 0x52,
        0x00, 0x00, 0x00, 0x00, 0x30, 0x00, 0x00, 0x00, 0xAE, 0xA0, 0xA7, 0x67, 0x80, 0x29, 0x55, 0xA8, 0x06, 0x17, 0x8C, 0x7E,
        0x4E, 0x30, 0x24, 0x00, 0xAE, 0xA0, 0xA7, 0x67, 0x80, 0x29, 0x55, 0xA8, 0x06, 0x17, 0x8C, 0x7E, 0x4E, 0x30, 0x26, 0x00,
        0xAE, 0xA0, 0xD5, 0xB1, 0x56, 0xB1, 0x00, 0x5C, 0xD6, 0x3B, 0x99, 0x7E, 0x4E, 0x30, 0x29, 0x00, 0xAE, 0xA0, 0x11, 0xD4,
        0x10, 0xB2, 0x40, 0xF5, 0x90, 0x3C, 0xB0, 0x7E, 0x4E, 0x30, 0x31, 0x00, 0xAE, 0xA0, 0xEE, 0x9B, 0xCD, 0xB2, 0x20, 0xA8,
        0x4D, 0x3D, 0xF3, 0x7E, 0x4E, 0x30, 0x34, 0x00, 0xAE, 0xA0, 0x7C, 0x56, 0xFC, 0xB2, 0x80, 0x4C, 0x7C, 0x3D, 0x0B, 0x7F,
        0x4E, 0x30, 0x36, 0x00, 0xAE, 0xA0, 0xAC, 0x33, 0x0C, 0xB3, 0x90, 0x2F, 0x8C, 0x3D, 0x19, 0x7F, 0x4E, 0x30, 0x38, 0x00,
        0xAE, 0xA0, 0x09, 0xBA, 0x1E, 0xB3, 0x90, 0x8B, 0x98, 0x3D, 0x2B, 0x7F, 0x4E, 0x30, 0x3A, 0x00, 0xAE, 0xA0, 0x73, 0xCF,
        0x22, 0xB3, 0x10, 0xD9, 0xA2, 0x3D, 0x2F, 0x7F, 0x4E, 0x30, 0x3B, 0x00, 0xAE, 0xA0, 0xB7, 0x4D, 0x2D, 0xB3, 0xE0, 0x19,
        0xA7, 0x3D, 0x3A, 0x7F, 0x4E, 0x30, 0x3C, 0x00, 0xAE, 0xA0, 0x3B, 0xDA, 0x30, 0xB3, 0xD0, 0xAC, 0xAA, 0x3D, 0x3E, 0x7F,
        0x4E, 0x30, 0x3D, 0x00, 0xAE, 0xA0, 0x9E, 0x83, 0x2D, 0xB3, 0xB0, 0x87, 0xAD, 0x3D, 0x3A, 0x7F, 0x4E, 0x30, 0x3E, 0x00,
        0xAE, 0xA0, 0x30, 0x07, 0x3C, 0xB3, 0x30, 0x96, 0xAF, 0x3D, 0x49, 0x7F, 0x4E, 0x30, 0x3F, 0x00, 0xAE, 0xA0, 0x41, 0x01,
        0x37, 0xB3, 0x00, 0xCE, 0xB0, 0x3D, 0x44, 0x7F, 0x4E, 0x30, 0x40, 0x00, 0xAE, 0xA0, 0x21, 0x5C, 0x37, 0xB3, 0x10, 0x2F,
        0xB1, 0x3D, 0x44, 0x7F, 0x4E, 0x30, 0x41, 0x00, 0xAE, 0xA0, 0x01, 0xF6, 0x36, 0xB3, 0xF0, 0xC8, 0xB0, 0x3D, 0x44, 0x7F,
        0x4E, 0x30, 0x42, 0x00, 0xAE, 0xA0, 0xF0, 0x8C, 0x2F, 0xB3, 0x20, 0x91, 0xAF, 0x3D, 0x3C, 0x7F, 0x4E, 0x30, 0x43, 0x00,
        0xAE, 0xA0, 0x8E, 0xCE, 0x33, 0xB3, 0x50, 0xA1, 0xAD, 0x3D, 0x41, 0x7F, 0x4E, 0x30, 0x45, 0x00, 0xAE, 0xA0, 0x88, 0xE6,
        0x27, 0xB3, 0x80, 0xF0, 0xA7, 0x3D, 0x35, 0x7F, 0x4E, 0x30, 0x47, 0x00, 0xAE, 0xA0, 0x50, 0x31, 0x26, 0xB3, 0x40, 0x03,
        0xA0, 0x3D, 0x33, 0x7F, 0x4E, 0x30, 0x49, 0x00, 0xAE, 0xA0, 0x66, 0x1A, 0x16, 0xB3, 0xE0, 0x16, 0x96, 0x3D, 0x23, 0x7F,
        0x4E, 0x30, 0x4B, 0x00, 0xAE, 0xA0, 0x9A, 0x6A, 0x0A, 0xB3, 0xD0, 0x72, 0x8A, 0x3D, 0x17, 0x7F, 0x4E, 0x30, 0x4D, 0x00,
        0xAE, 0xA0, 0xBD, 0x84, 0x03, 0xB3, 0x40, 0xA9, 0x7A, 0x3D, 0x10, 0x7F, 0x4E, 0x30, 0x50, 0x00, 0xAE, 0xA0, 0x0F, 0xB2,
        0xCE, 0xB2, 0xE0, 0xB1, 0x4E, 0x3D, 0xF4, 0x7E, 0x4E, 0x30, 0x53, 0x00, 0xAE, 0xA0, 0xFF, 0x2B, 0xAB, 0xB2, 0x60, 0xC6,
        0x1E, 0x3D, 0xE2, 0x7E, 0x4E, 0x30, 0x5A, 0x00, 0xAE, 0xA0, 0xA1, 0x3A, 0xD2, 0xB1, 0x00, 0x88, 0x20, 0x3C, 0xA6, 0x7E,
        0x4E, 0x30, 0x61, 0x00, 0xAE, 0xA0, 0x27, 0x63, 0x26, 0x32, 0xC0, 0x85, 0xA6, 0xBC, 0x62, 0x7E, 0x4E, 0x30, 0x64, 0x00,
        0xAE, 0xA0, 0x09, 0xC0, 0x6F, 0x32, 0xE0, 0x56, 0x04, 0xBD, 0x50, 0x7E, 0x4E, 0x30, 0x66, 0x00, 0xAE, 0xA0, 0x22, 0x94,
        0x95, 0x32, 0xA0, 0x0C, 0x22, 0xBD, 0x41, 0x7E, 0x4E, 0x30, 0x68, 0x00, 0xAE, 0xA0, 0x5C, 0x50, 0xBC, 0x32, 0xE0, 0x67,
        0x3C, 0xBD, 0x2D, 0x7E, 0x4E, 0x30, 0x6A, 0x00, 0xAE, 0xA0, 0xF3, 0x67, 0xC6, 0x32, 0x60, 0xE3, 0x52, 0xBD, 0x28, 0x7E,
        0x4E, 0x30, 0x6C, 0x00, 0xAE, 0xA0, 0xC5, 0x4A, 0xD8, 0x32, 0x40, 0xC7, 0x64, 0xBD, 0x1F, 0x7E, 0x4E, 0x30, 0x6D, 0x00,
        0xAE, 0xA0, 0x8C, 0x1E, 0xDF, 0x32, 0x60, 0x9B, 0x6B, 0xBD, 0x1C, 0x7E, 0x4E, 0x30, 0x6E, 0x00, 0xAE, 0xA0, 0xF1, 0xB3,
        0xF0, 0x32, 0x20, 0xC2, 0x70, 0xBD, 0x13, 0x7E, 0x4E, 0x30, 0x6F, 0x00, 0xAE, 0xA0, 0xD4, 0xB3, 0xE7, 0x32, 0x40, 0x31,
        0x74, 0xBD, 0x18, 0x7E, 0x4E, 0x30, 0x70, 0x00, 0xAE, 0xA0, 0xB6, 0x7F, 0xE9, 0x32, 0x40, 0xFD, 0x75, 0xBD, 0x17, 0x7E,
        0x4E, 0x30, 0x71, 0x00, 0xAE, 0xA0, 0x36, 0x2B, 0xDD, 0x32, 0x60, 0x30, 0x76, 0xBD, 0x1D, 0x7E, 0x4E, 0x30, 0x72, 0x00,
        0xAE, 0xA0, 0x35, 0xBC, 0xF4, 0x32, 0xA0, 0xCA, 0x74, 0xBD, 0x11, 0x7E, 0x4E, 0x30, 0x73, 0x00, 0xAE, 0xA0, 0x32, 0xD2,
        0xF1, 0x32, 0x60, 0xE0, 0x71, 0xBD, 0x13, 0x7E, 0x4E, 0x30, 0x74, 0x00, 0xAE, 0xA0, 0xCD, 0xFE, 0xE0, 0x32, 0xC0, 0x7B,
        0x6D, 0xBD, 0x1B, 0x7E, 0x4E, 0x30, 0x75, 0x00, 0xAE, 0xA0, 0xE8, 0x13, 0xDB, 0x32, 0x00, 0x9D, 0x67, 0xBD, 0x1E, 0x7E,
        0x4E, 0x30, 0x76, 0x00, 0xAE, 0xA0, 0x80, 0x55, 0xE0, 0x32, 0xA0, 0x62, 0x60, 0xBD, 0x1B, 0x7E, 0x4E, 0x30, 0x78, 0x00,
        0xAE, 0xA0, 0xCE, 0x51, 0xCE, 0x32, 0x60, 0x6A, 0x4E, 0xBD, 0x24, 0x7E, 0x4E, 0x30, 0x7A, 0x00, 0xAE, 0xA0, 0x19, 0x9C,
        0xB8, 0x32, 0xE0, 0xA6, 0x38, 0xBD, 0x2F, 0x7E, 0x4E, 0x30, 0x7D, 0x00, 0xAE, 0xA0, 0x53, 0x00, 0x93, 0x32, 0xE0, 0x08,
        0x13, 0xBD, 0x42, 0x7E, 0x4E, 0x30, 0x85, 0x00, 0xAE, 0xA0, 0x28, 0xA6, 0x43, 0x31, 0x80, 0x97, 0x13, 0xBC, 0x80, 0x7E,
        0x4E, 0x30, 0x87, 0x00, 0xAE, 0xA0, 0xBD, 0xC0, 0xB9, 0x30, 0x00, 0x92, 0x3A, 0xBB, 0x86, 0x7E, 0x4E, 0x30, 0x88, 0x00,
        0xAE, 0xA0, 0x9F, 0x01, 0xC4, 0x2C, 0x77, 0x1B, 0x44, 0x1A, 0x8C, 0x7E, 0x4E, 0x30, 0xB8, 0xE7, 0x9A, 0xE1, 0x00, 0x00,
        0x43, 0x00, 0x00, 0x00, 0x02, 0x80, 0x13, 0x00, 0x86, 0x30, 0xEB, 0x3B, 0x24, 0x00, 0x02, 0x80, 0x13, 0x00, 0x86, 0x30,
        0xEB, 0x3B, 0x25, 0x00, 0x95, 0x94, 0x72, 0x8E, 0x8D, 0x30, 0xEB, 0x3B, 0x27, 0x00, 0x0A, 0x9B, 0x01, 0x8C, 0x98, 0x30,
        0xEB, 0x3B, 0x2A, 0x00, 0x69, 0x9F, 0x05, 0x0B, 0xAF, 0x30, 0xEA, 0x3B, 0x2E, 0x00, 0x74, 0xA2, 0xDA, 0x12, 0xCE, 0x30,
        0xE9, 0x3B, 0x30, 0x00, 0xE1, 0xA3, 0x3E, 0x15, 0xDD, 0x30, 0xE8, 0x3B, 0x32, 0x00, 0xA2, 0xA4, 0x84, 0x17, 0xED, 0x30,
        0xE7, 0x3B, 0x34, 0x00, 0x53, 0xA5, 0x10, 0x18, 0xFB, 0x30, 0xE7, 0x3B, 0x36, 0x00, 0xFA, 0xA5, 0xF4, 0x17, 0x06, 0x31,
        0xE6, 0x3B, 0x38, 0x00, 0x91, 0xA6, 0x2E, 0x18, 0x11, 0x31, 0xE5, 0x3B, 0x3A, 0x00, 0x19, 0xA7, 0x40, 0x18, 0x19, 0x31,
        0xE5, 0x3B, 0x3B, 0x00, 0x50, 0xA7, 0x31, 0x18, 0x1B, 0x31, 0xE5, 0x3B, 0x3C, 0x00, 0x7B, 0xA7, 0x18, 0x18, 0x1C, 0x31,
        0xE5, 0x3B, 0x3D, 0x00, 0x9F, 0xA7, 0xC2, 0x17, 0x1C, 0x31, 0xE5, 0x3B, 0x3E, 0x00, 0xBE, 0xA7, 0x31, 0x17, 0x1B, 0x31,
        0xE5, 0x3B, 0x3F, 0x00, 0xD6, 0xA7, 0xA6, 0x16, 0x19, 0x31, 0xE5, 0x3B, 0x41, 0x00, 0xEC, 0xA7, 0xAA, 0x15, 0x13, 0x31,
        0xE5, 0x3B, 0x42, 0x00, 0xEA, 0xA7, 0xD4, 0x14, 0x0E, 0x31, 0xE5, 0x3B, 0x43, 0x00, 0xDF, 0xA7, 0xCE, 0x12, 0x07, 0x31,
        0xE6, 0x3B, 0x44, 0x00, 0xCE, 0xA7, 0x72, 0x0D, 0xFF, 0x30, 0xE6, 0x3B, 0x46, 0x00, 0x99, 0xA7, 0x46, 0x93, 0xEA, 0x30,
        0xE7, 0x3B, 0x49, 0x00, 0x2F, 0xA7, 0x24, 0x99, 0xCC, 0x30, 0xE8, 0x3B, 0x4A, 0x00, 0x03, 0xA7, 0x6F, 0x9A, 0xC0, 0x30,
        0xE9, 0x3B, 0x4B, 0x00, 0xD1, 0xA6, 0xC1, 0x9B, 0xB3, 0x30, 0xE9, 0x3B, 0x4D, 0x00, 0x60, 0xA6, 0x2A, 0x9D, 0x92, 0x30,
        0xEA, 0x3B, 0x4E, 0x00, 0x23, 0xA6, 0xD7, 0x9D, 0x81, 0x30, 0xEB, 0x3B, 0x4F, 0x00, 0xE3, 0xA5, 0xB8, 0x9E, 0x71, 0x30,
        0xEC, 0x3B, 0x52, 0x00, 0x17, 0xA5, 0x02, 0xA1, 0x3E, 0x30, 0xED, 0x3B, 0x54, 0x00, 0x84, 0xA4, 0xF8, 0xA1, 0x1A, 0x30,
        0xEF, 0x3B, 0x56, 0x00, 0xD6, 0xA3, 0xF0, 0xA2, 0xE9, 0x2F, 0xF0, 0x3B, 0x58, 0x00, 0x9B, 0xA2, 0xC3, 0xA3, 0xA2, 0x2F,
        0xF1, 0x3B, 0x5A, 0x00, 0x60, 0xA1, 0x3F, 0xA4, 0x5C, 0x2F, 0xF2, 0x3B, 0x5B, 0x00, 0xC0, 0xA0, 0x72, 0xA4, 0x3A, 0x2F,
        0xF2, 0x3B, 0x5C, 0x00, 0x20, 0xA0, 0xA9, 0xA4, 0x1A, 0x2F, 0xF3, 0x3B, 0x5E, 0x00, 0xC5, 0x9D, 0x11, 0xA5, 0xDD, 0x2E,
        0xF4, 0x3B, 0x60, 0x00, 0x03, 0x9B, 0x67, 0xA5, 0xA1, 0x2E, 0xF5, 0x3B, 0x61, 0x00, 0xE0, 0x98, 0x8A, 0xA5, 0x82, 0x2E,
        0xF5, 0x3B, 0x63, 0x00, 0x6C, 0x8E, 0xD1, 0xA5, 0x4E, 0x2E, 0xF6, 0x3B, 0x64, 0x00, 0x30, 0x10, 0xF8, 0xA5, 0x39, 0x2E,
        0xF6, 0x3B, 0x66, 0x00, 0x54, 0x18, 0x40, 0xA6, 0x16, 0x2E, 0xF6, 0x3B, 0x67, 0x00, 0xF8, 0x19, 0x57, 0xA6, 0x06, 0x2E,
        0xF6, 0x3B, 0x68, 0x00, 0xA1, 0x1B, 0x63, 0xA6, 0xF7, 0x2D, 0xF6, 0x3B, 0x69, 0x00, 0x99, 0x1C, 0x66, 0xA6, 0xEA, 0x2D,
        0xF7, 0x3B, 0x6A, 0x00, 0x46, 0x1D, 0x69, 0xA6, 0xE0, 0x2D, 0xF7, 0x3B, 0x6B, 0x00, 0xDC, 0x1D, 0x6D, 0xA6, 0xD9, 0x2D,
        0xF7, 0x3B, 0x6C, 0x00, 0x5A, 0x1E, 0x70, 0xA6, 0xD6, 0x2D, 0xF7, 0x3B, 0x6D, 0x00, 0xCC, 0x1E, 0x70, 0xA6, 0xD7, 0x2D,
        0xF7, 0x3B, 0x6E, 0x00, 0x27, 0x1F, 0x65, 0xA6, 0xDD, 0x2D, 0xF7, 0x3B, 0x6F, 0x00, 0x5E, 0x1F, 0x4C, 0xA6, 0xE3, 0x2D,
        0xF7, 0x3B, 0x70, 0x00, 0x71, 0x1F, 0x26, 0xA6, 0xEB, 0x2D, 0xF7, 0x3B, 0x71, 0x00, 0x6E, 0x1F, 0xF9, 0xA5, 0xF5, 0x2D,
        0xF6, 0x3B, 0x72, 0x00, 0x63, 0x1F, 0xCA, 0xA5, 0x04, 0x2E, 0xF6, 0x3B, 0x73, 0x00, 0x4E, 0x1F, 0x97, 0xA5, 0x18, 0x2E,
        0xF6, 0x3B, 0x74, 0x00, 0x30, 0x1F, 0x62, 0xA5, 0x31, 0x2E, 0xF6, 0x3B, 0x76, 0x00, 0xCE, 0x1E, 0xE7, 0xA4, 0x6C, 0x2E,
        0xF5, 0x3B, 0x79, 0x00, 0xD8, 0x1D, 0x2E, 0xA4, 0xCB, 0x2E, 0xF4, 0x3B, 0x7A, 0x00, 0x73, 0x1D, 0xD7, 0xA3, 0xED, 0x2E,
        0xF4, 0x3B, 0x7C, 0x00, 0xB6, 0x1C, 0xA8, 0xA2, 0x3B, 0x2F, 0xF3, 0x3B, 0x7E, 0x00, 0x03, 0x1C, 0x64, 0xA1, 0x8C, 0x2F,
        0xF2, 0x3B, 0x7F, 0x00, 0x1A, 0x1B, 0xCB, 0xA0, 0xB5, 0x2F, 0xF1, 0x3B, 0x81, 0x00, 0xC8, 0x18, 0x57, 0x9F, 0x05, 0x30,
        0xF0, 0x3B, 0x83, 0x00, 0xA9, 0x15, 0x19, 0x9D, 0x2D, 0x30, 0xEE, 0x3B, 0x85, 0x00, 0xA9, 0x12, 0xD4, 0x99, 0x55, 0x30,
        0xED, 0x3B, 0x86, 0x00, 0x5E, 0x10, 0x91, 0x97, 0x67, 0x30, 0xED, 0x3B, 0x87, 0x00, 0x44, 0x0C, 0x58, 0x93, 0x78, 0x30,
        0xEC, 0x3B, 0x88, 0x00, 0x03, 0x80, 0x13, 0x00, 0x86, 0x30, 0xEB, 0x3B, 0x37, 0x00, 0x00, 0x00, 0x03, 0x80, 0x5F, 0x24,
        0x4F, 0x3C, 0xBB, 0x45, 0x60, 0xBF, 0x87, 0xD4, 0x0B, 0xB3, 0x24, 0x00, 0x03, 0x80, 0x5F, 0x24, 0x4F, 0x3C, 0xBB, 0x45,
        0x60, 0xBF, 0x87, 0xD4, 0x0B, 0xB3, 0x26, 0x00, 0x03, 0x80, 0x65, 0x24, 0x4F, 0x3C, 0x17, 0x97, 0x5E, 0xBF, 0xCC, 0xC4,
        0x54, 0x3B, 0x28, 0x00, 0x03, 0x80, 0x6B, 0x24, 0x4F, 0x3C, 0xF9, 0xB5, 0x5C, 0xBF, 0x73, 0xDD, 0xE1, 0x3B, 0x2B, 0x00,
        0x03, 0x80, 0x75, 0x24, 0x4F, 0x3C, 0x31, 0xA9, 0x59, 0xBF, 0x77, 0x3D, 0x53, 0x3C, 0x31, 0x00, 0x03, 0x80, 0x8A, 0x24,
        0x4F, 0x3C, 0x2B, 0x5D, 0x53, 0xBF, 0x8C, 0x73, 0xD1, 0x3C, 0x34, 0x00, 0x03, 0x80, 0x94, 0x24, 0x4F, 0x3C, 0x9F, 0x71,
        0x50, 0xBF, 0x5F, 0x4D, 0x01, 0x3D, 0x36, 0x00, 0x03, 0x80, 0x9A, 0x24, 0x4F, 0x3C, 0xCF, 0xAF, 0x4E, 0xBF, 0xBD, 0x3C,
        0x10, 0x3D, 0x38, 0x00, 0x03, 0x80, 0x9F, 0x24, 0x4F, 0x3C, 0x4F, 0x24, 0x4D, 0xBF, 0x12, 0x89, 0x1D, 0x3D, 0x39, 0x00,
        0x03, 0x80, 0xA2, 0x24, 0x4F, 0x3C, 0x85, 0x76, 0x4C, 0xBF, 0x59, 0x71, 0x23, 0x3D, 0x3A, 0x00, 0x03, 0x80, 0xA4, 0x24,
        0x4F, 0x3C, 0x9D, 0xDA, 0x4B, 0xBF, 0x95, 0xC9, 0x28, 0x3D, 0x3B, 0x00, 0x03, 0x80, 0xA6, 0x24, 0x4F, 0x3C, 0x29, 0x53,
        0x4B, 0xBF, 0xB1, 0x84, 0x2D, 0x3D, 0x3C, 0x00, 0x03, 0x80, 0xA7, 0x24, 0x4F, 0x3C, 0xC9, 0xE0, 0x4A, 0xBF, 0x7D, 0x95,
        0x31, 0x3D, 0x3D, 0x00, 0x03, 0x80, 0xA9, 0x24, 0x4F, 0x3C, 0x11, 0x86, 0x4A, 0xBF, 0x18, 0xEF, 0x34, 0x3D, 0x3E, 0x00,
        0x03, 0x80, 0xAA, 0x24, 0x4F, 0x3C, 0x43, 0x44, 0x4A, 0xBF, 0x1B, 0x84, 0x37, 0x3D, 0x3F, 0x00, 0x03, 0x80, 0xAA, 0x24,
        0x4F, 0x3C, 0x8F, 0x1E, 0x4A, 0xBF, 0xA6, 0x47, 0x39, 0x3D, 0x40, 0x00, 0x03, 0x80, 0xAB, 0x24, 0x4F, 0x3C, 0x6B, 0x12,
        0x4A, 0xBF, 0xA4, 0x2C, 0x3A, 0x3D, 0x41, 0x00, 0x03, 0x80, 0xAB, 0x24, 0x4F, 0x3C, 0xD7, 0x1F, 0x4A, 0xBF, 0xCB, 0x25,
        0x3A, 0x3D, 0x42, 0x00, 0x03, 0x80, 0xAA, 0x24, 0x4F, 0x3C, 0x73, 0x47, 0x4A, 0xBF, 0x39, 0x26, 0x39, 0x3D, 0x43, 0x00,
        0x03, 0x80, 0xAA, 0x24, 0x4F, 0x3C, 0x11, 0x86, 0x4A, 0xBF, 0xDF, 0x46, 0x37, 0x3D, 0x44, 0x00, 0x03, 0x80, 0xA9, 0x24,
        0x4F, 0x3C, 0x21, 0xD9, 0x4A, 0xBF, 0x67, 0xAF, 0x34, 0x3D, 0x45, 0x00, 0x03, 0x80, 0xA7, 0x24, 0x4F, 0x3C, 0xB7, 0x3E,
        0x4B, 0xBF, 0x05, 0x69, 0x31, 0x3D, 0x46, 0x00, 0x03, 0x80, 0xA6, 0x24, 0x4F, 0x3C, 0x31, 0xB6, 0x4B, 0xBF, 0x9E, 0x7C,
        0x2D, 0x3D, 0x48, 0x00, 0x03, 0x80, 0xA2, 0x24, 0x4F, 0x3C, 0xA3, 0xD7, 0x4C, 0xBF, 0xD7, 0xD5, 0x23, 0x3D, 0x4A, 0x00,
        0x03, 0x80, 0x9D, 0x24, 0x4F, 0x3C, 0x7F, 0x34, 0x4E, 0xBF, 0x09, 0x03, 0x18, 0x3D, 0x4C, 0x00, 0x03, 0x80, 0x97, 0x24,
        0x4F, 0x3C, 0x61, 0xC6, 0x4F, 0xBF, 0x2E, 0x4C, 0x0A, 0x3D, 0x4E, 0x00, 0x03, 0x80, 0x91, 0x24, 0x4F, 0x3C, 0x5B, 0x84,
        0x51, 0xBF, 0xAD, 0xF2, 0xF5, 0x3C, 0x51, 0x00, 0x03, 0x80, 0x87, 0x24, 0x4F, 0x3C, 0x0B, 0x65, 0x54, 0xBF, 0x3C, 0x2C,
        0xC3, 0x3C, 0x54, 0x00, 0x03, 0x80, 0x7C, 0x24, 0x4F, 0x3C, 0x9B, 0x7E, 0x57, 0xBF, 0xD5, 0x51, 0x8C, 0x3C, 0x5B, 0x00,
        0x03, 0x80, 0x61, 0x24, 0x4F, 0x3C, 0xDF, 0x16, 0x5F, 0xBF, 0x1A, 0x48, 0x64, 0x3A, 0x5F, 0x00, 0x03, 0x80, 0x52, 0x24,
        0x4F, 0x3C, 0x57, 0x9B, 0x63, 0xBF, 0x46, 0x09, 0x02, 0xBC, 0x62, 0x00, 0x03, 0x80, 0x48, 0x24, 0x4F, 0x3C, 0xE7, 0xE2,
        0x66, 0xBF, 0x0C, 0x99, 0x63, 0xBC, 0x64, 0x00, 0x03, 0x80, 0x42, 0x24, 0x4F, 0x3C, 0x2F, 0xEE, 0x68, 0xBF, 0xCC, 0xB9,
        0x8E, 0xBC, 0x66, 0x00, 0x03, 0x80, 0x3D, 0x24, 0x4F, 0x3C, 0x4D, 0xCF, 0x6A, 0xBF, 0xF6, 0x1E, 0xA8, 0xBC, 0x68, 0x00,
        0x03, 0x80, 0x39, 0x24, 0x4F, 0x3C, 0x63, 0x7B, 0x6C, 0xBF, 0xDF, 0x6B, 0xBD, 0xBC, 0x69, 0x00, 0x03, 0x80, 0x37, 0x24,
        0x4F, 0x3C, 0x6D, 0x3A, 0x6D, 0xBF, 0x5E, 0x5C, 0xC6, 0xBC, 0x6A, 0x00, 0x03, 0x80, 0x35, 0x24, 0x4F, 0x3C, 0x97, 0xE7,
        0x6D, 0xBF, 0xC7, 0x10, 0xCE, 0xBC, 0x6B, 0x00, 0x03, 0x80, 0x34, 0x24, 0x4F, 0x3C, 0x91, 0x81, 0x6E, 0xBF, 0x4F, 0x77,
        0xD4, 0xBC, 0x6C, 0x00, 0x03, 0x80, 0x33, 0x24, 0x4F, 0x3C, 0xBD, 0x07, 0x6F, 0xBF, 0x7F, 0x68, 0xD9, 0xBC, 0x6D, 0x00,
        0x03, 0x80, 0x32, 0x24, 0x4F, 0x3C, 0xFF, 0x74, 0x6F, 0xBF, 0x39, 0xBA, 0xDC, 0xBC, 0x6E, 0x00, 0x03, 0x80, 0x32, 0x24,
        0x4F, 0x3C, 0x25, 0xC6, 0x6F, 0xBF, 0x72, 0x6A, 0xDE, 0xBC, 0x6F, 0x00, 0x03, 0x80, 0x32, 0x24, 0x4F, 0x3C, 0x73, 0xFC,
        0x6F, 0xBF, 0x4B, 0x91, 0xDE, 0xBC, 0x70, 0x00, 0x03, 0x80, 0x32, 0x24, 0x4F, 0x3C, 0xEF, 0x17, 0x70, 0xBF, 0x46, 0x46,
        0xDD, 0xBC, 0x71, 0x00, 0x03, 0x80, 0x33, 0x24, 0x4F, 0x3C, 0x91, 0x18, 0x70, 0xBF, 0xB8, 0xA1, 0xDA, 0xBC, 0x72, 0x00,
        0x03, 0x80, 0x34, 0x24, 0x4F, 0x3C, 0x4B, 0x00, 0x70, 0xBF, 0x25, 0xBB, 0xD6, 0xBC, 0x73, 0x00, 0x03, 0x80, 0x35, 0x24,
        0x4F, 0x3C, 0xD1, 0xCD, 0x6F, 0xBF, 0xE1, 0xAA, 0xD1, 0xBC, 0x74, 0x00, 0x03, 0x80, 0x36, 0x24, 0x4F, 0x3C, 0x0F, 0x83,
        0x6F, 0xBF, 0xA3, 0x88, 0xCB, 0xBC, 0x75, 0x00, 0x03, 0x80, 0x37, 0x24, 0x4F, 0x3C, 0x07, 0x20, 0x6F, 0xBF, 0x23, 0x6C,
        0xC4, 0xBC, 0x76, 0x00, 0x03, 0x80, 0x39, 0x24, 0x4F, 0x3C, 0x41, 0xA7, 0x6E, 0xBF, 0xB7, 0x6D, 0xBC, 0xBC, 0x78, 0x00,
        0x03, 0x80, 0x3D, 0x24, 0x4F, 0x3C, 0x85, 0x7D, 0x6D, 0xBF, 0xF5, 0x29, 0xAA, 0xBC, 0x7A, 0x00, 0x03, 0x80, 0x41, 0x24,
        0x4F, 0x3C, 0x6F, 0x16, 0x6C, 0xBF, 0x88, 0x7C, 0x95, 0xBC, 0x7D, 0x00, 0x03, 0x80, 0x48, 0x24, 0x4F, 0x3C, 0x4F, 0xAB,
        0x69, 0xBF, 0xF4, 0x2A, 0x67, 0xBC, 0x83, 0x00, 0x03, 0x80, 0x56, 0x24, 0x4F, 0x3C, 0x1B, 0x59, 0x64, 0xBF, 0xFA, 0x88,
        0xBA, 0xBB, 0x86, 0x00, 0x03, 0x80, 0x5C, 0x24, 0x4F, 0x3C, 0xC3, 0xCC, 0x61, 0xBF, 0xD2, 0x0D, 0x05, 0xBB, 0x88, 0x00,
        0x03, 0x80, 0x5F, 0x24, 0x4F, 0x3C, 0xBB, 0x45, 0x60, 0xBF, 0x87, 0xD4, 0x0B, 0xB3, 0xB0, 0x4D, 0xDA, 0xDC, 0x00, 0x00,
        0x00, 0x00, 0x02, 0x00, 0x00, 0x00, 0x03, 0x80, 0x88, 0x60, 0x34, 0x35, 0xF4, 0x35, 0xAD, 0xBF, 0x5E, 0x29, 0xC6, 0xBE,
        0x24, 0x00, 0x03, 0x80, 0x88, 0x60, 0x34, 0x35, 0xF4, 0x35, 0xAD, 0xBF, 0x5E, 0x29, 0xC6, 0xBE, 0xC4, 0x3F, 0xC6, 0xA6,
        0x00, 0x00, 0x00, 0x00, 0x02, 0x00, 0x00, 0x00, 0x03, 0x80, 0x3B, 0xB2, 0x33, 0x35, 0xF4, 0x35, 0xAD, 0xBF, 0x5E, 0x29,
        0xC6, 0xBE, 0x24, 0x00, 0x03, 0x80, 0x3B, 0xB2, 0x33, 0x35, 0xF4, 0x35, 0xAD, 0xBF, 0x5E, 0x29, 0xC6, 0xBE, 0x86, 0xA8,
        0x1D, 0x7E, 0x00, 0x00, 0x00, 0x00, 0x02, 0x00, 0x00, 0x00, 0x03, 0x80, 0x4A, 0x99, 0x13, 0x35, 0xF4, 0x35, 0xAD, 0xBF,
        0x5E, 0x29, 0xC6, 0xBE, 0x24, 0x00, 0x03, 0x80, 0x4A, 0x99, 0x13, 0x35, 0xF4, 0x35, 0xAD, 0xBF, 0x5E, 0x29, 0xC6, 0xBE,
        0x9A, 0x2B, 0x9A, 0xD6, 0x00, 0x00, 0x00, 0x00, 0x02, 0x00, 0x00, 0x00, 0x03, 0x80, 0x15, 0x6C, 0x08, 0x35, 0xF4, 0x35,
        0xAD, 0xBF, 0x5E, 0x29, 0xC6, 0xBE, 0x24, 0x00, 0x03, 0x80, 0x15, 0x6C, 0x08, 0x35, 0xF4, 0x35, 0xAD, 0xBF, 0x5E, 0x29,
        0xC6, 0xBE,
    };
    inline constexpr uint8_t kPushOffLod[] = {
        0x50, 0x41, 0x52, 0x20, 0x02, 0x03, 0x00, 0x01, 0x02, 0x03, 0x04, 0x05, 0x06, 0x07, 0x08, 0x09, 0x9F, 0x01, 0x00, 0x00,
        0x75, 0x3A, 0x30, 0x59, 0x00, 0x00, 0x80, 0x3F, 0x00, 0x00, 0x80, 0x3F, 0x00, 0x00, 0x80, 0x3F, 0x1F, 0x00, 0x00, 0xB0,
        0xF1, 0xE2, 0x35, 0xB4, 0xE6, 0xEF, 0x7F, 0xB4, 0x00, 0x00, 0x80, 0x3F, 0x17, 0xA9, 0x1F, 0xB3, 0xF4, 0x35, 0xAD, 0x3F,
        0x5E, 0x29, 0xC6, 0x3E, 0x00, 0x00, 0x80, 0x3F, 0x00, 0x00, 0x80, 0x3F, 0x00, 0x00, 0x80, 0x3F, 0x1F, 0x00, 0x00, 0xB0,
        0xF1, 0xE2, 0x35, 0xB4, 0xE6, 0xEF, 0x7F, 0xB4, 0x00, 0x00, 0x80, 0x3F, 0xF0, 0xC3, 0x23, 0xB3, 0xFC, 0xA9, 0xB1, 0x3F,
        0x9E, 0x41, 0xCB, 0x3E, 0x71, 0xE5, 0x78, 0x3F, 0x11, 0x11, 0x91, 0x40, 0x05, 0x00, 0x00, 0x00, 0x1F, 0x00, 0x06, 0x00,
        0x00, 0x00, 0x00, 0x00, 0x34, 0x04, 0x00, 0x00, 0xF3, 0x58, 0x16, 0x21, 0x00, 0x05, 0x00, 0x0F, 0xD6, 0xFA, 0x2E, 0x09,
        0x10, 0xD7, 0xFC, 0x2E, 0x0E, 0x11, 0xDA, 0xFC, 0x30, 0x12, 0x12, 0xD8, 0xFA, 0x2E, 0x17, 0x0F, 0xD6, 0xFA, 0x2E, 0x02,
        0x00, 0xF3, 0x05, 0x0A, 0x17, 0xF3, 0x05, 0x0A, 0x45, 0x7B, 0xD9, 0x24, 0x00, 0x04, 0x00, 0xF8, 0x1C, 0x02, 0x39, 0x0A,
        0xF9, 0x1D, 0x01, 0x39, 0x11, 0xFC, 0x1F, 0x01, 0x38, 0x17, 0xF8, 0x1C, 0x02, 0x39, 0x00, 0x24, 0xC1, 0x83, 0x25, 0x00,
        0x02, 0x00, 0x00, 0x00, 0x00, 0x40, 0x17, 0x00, 0x00, 0x00, 0x40, 0x00, 0x4F, 0x1C, 0xB8, 0x2F, 0x00, 0x05, 0x00, 0xF8,
        0x0B, 0xFC, 0x3E, 0x0A, 0xF7, 0x09, 0xFB, 0x3E, 0x0F, 0xF6, 0x08, 0xFF, 0x3F, 0x12, 0xF6, 0x06, 0xFF, 0x3F, 0x17, 0xF8,
        0x0B, 0xFC, 0x3E, 0x00, 0x38, 0xB9, 0x77, 0x37, 0x00, 0x02, 0x00, 0x00, 0x00, 0x00, 0x40, 0x17, 0x00, 0x00, 0x00, 0x40,
        0x02, 0x00, 0xFE, 0x00, 0x00, 0x06, 0xFE, 0x00, 0x00, 0x3A, 0x9A, 0x73, 0x3C, 0x00, 0x02, 0x00, 0x00, 0x00, 0x00, 0x40,
        0x17, 0x00, 0x00, 0x00, 0x40, 0x02, 0x00, 0x00, 0x00, 0x00, 0x17, 0x00, 0x00, 0x00, 0xCB, 0x19, 0xC4, 0x44, 0x00, 0x07,
        0x00, 0x00, 0x0F, 0x00, 0x3E, 0x09, 0x00, 0x0E, 0x00, 0x3E, 0x0D, 0x00, 0x05, 0x00, 0x40, 0x0F, 0x00, 0x03, 0x00, 0x40,
        0x11, 0x00, 0x05, 0x00, 0x40, 0x14, 0x00, 0x0D, 0x00, 0x3F, 0x17, 0x00, 0x0F, 0x00, 0x3E, 0x02, 0x00, 0x00, 0x00, 0x00,
        0x06, 0x00, 0x00, 0x00, 0x90, 0x23, 0xD1, 0x50, 0x00, 0x02, 0x00, 0xFD, 0x00, 0x00, 0x40, 0x17, 0xFD, 0x00, 0x00, 0x40,
        0x02, 0x00, 0x00, 0x00, 0x00, 0x06, 0x00, 0x00, 0x00, 0xF5, 0x6C, 0x40, 0x51, 0x00, 0x04, 0x00, 0x0F, 0x16, 0x00, 0x3A,
        0x06, 0x0F, 0x16, 0x00, 0x3A, 0x0D, 0x12, 0x13, 0xFC, 0x3A, 0x17, 0x0F, 0x16, 0x00, 0x3A, 0x00, 0x73, 0x68, 0x81, 0x53,
        0x00, 0x05, 0x00, 0x00, 0x11, 0x00, 0x3E, 0x06, 0x00, 0x11, 0x00, 0x3E, 0x0D, 0x00, 0x08, 0x00, 0x3F, 0x12, 0x00, 0x10,
        0x00, 0x3E, 0x17, 0x00, 0x11, 0x00, 0x3E, 0x02, 0x00, 0x00, 0x00, 0x00, 0x06, 0x00, 0x00, 0x00, 0x02, 0x4D, 0x31, 0x59,
        0x00, 0x08, 0x00, 0x00, 0x2E, 0x00, 0x2D, 0x01, 0x00, 0x20, 0x00, 0x37, 0x02, 0x00, 0x20, 0x00, 0x37, 0x03, 0x00, 0x25,
        0x00, 0x34, 0x04, 0x00, 0x2D, 0x00, 0x2E, 0x05, 0x00, 0x2E, 0x00, 0x2D, 0x0E, 0x00, 0x30, 0x00, 0x2A, 0x17, 0x00, 0x2E,
        0x00, 0x2D, 0x00, 0x6F, 0x4D, 0x66, 0x67, 0x00, 0x02, 0x00, 0x00, 0x00, 0x00, 0x40, 0x06, 0x00, 0x00, 0x00, 0x40, 0x00,
        0x34, 0xF4, 0x5D, 0x9B, 0x00, 0x06, 0x00, 0xFA, 0x17, 0x03, 0x3B, 0x07, 0xFB, 0x17, 0x03, 0x3B, 0x0B, 0xFA, 0x19, 0x02,
        0x3A, 0x0F, 0xFB, 0x18, 0x01, 0x3B, 0x12, 0xFC, 0x16, 0x02, 0x3C, 0x17, 0xFA, 0x17, 0x03, 0x3B, 0x00, 0x8E, 0x28, 0x3A,
        0xA2, 0x00, 0x07, 0x00, 0x01, 0x05, 0xFF, 0x40, 0x06, 0x01, 0x05, 0xFF, 0x40, 0x08, 0x00, 0x03, 0x00, 0x40, 0x0C, 0x02,
        0x04, 0x00, 0x40, 0x12, 0xFE, 0x03, 0x00, 0x40, 0x14, 0x01, 0x03, 0x00, 0x40, 0x17, 0x01, 0x05, 0xFF, 0x40, 0x02, 0x00,
        0x00, 0x00, 0x00, 0x06, 0x00, 0x00, 0x00, 0x77, 0x26, 0x80, 0xAB, 0x00, 0x08, 0x00, 0x00, 0x34, 0x00, 0x26, 0x01, 0xFF,
        0x1A, 0xFF, 0x3A, 0x02, 0xFF, 0x22, 0xFF, 0x36, 0x03, 0xFF, 0x2E, 0xFF, 0x2C, 0x04, 0x00, 0x33, 0x00, 0x26, 0x0E, 0x00,
        0x36, 0x00, 0x23, 0x12, 0x00, 0x33, 0x00, 0x27, 0x17, 0x00, 0x34, 0x00, 0x26, 0x00, 0x60, 0x60, 0xA3, 0xB1, 0x00, 0x02,
        0x00, 0xFE, 0xFD, 0x3C, 0xEB, 0x17, 0xFE, 0xFD, 0x3C, 0xEB, 0x02, 0x00, 0x02, 0x00, 0x00, 0x06, 0x02, 0x00, 0x00, 0x14,
        0xB3, 0x40, 0xB4, 0x00, 0x02, 0x00, 0x00, 0x05, 0x00, 0x40, 0x17, 0x00, 0x05, 0x00, 0x40, 0x00, 0x37, 0x13, 0x1D, 0xBC,
        0x00, 0x09, 0x00, 0xFC, 0xEF, 0xFA, 0x3D, 0x01, 0xFE, 0xF9, 0xFA, 0x3F, 0x02, 0xFE, 0xF9, 0xFA, 0x3F, 0x03, 0xFE, 0xF8,
        0xFA, 0x3F, 0x04, 0xFD, 0xF0, 0xFA, 0x3E, 0x05, 0xFC, 0xEF, 0xFA, 0x3D, 0x0A, 0xFD, 0xEF, 0xFA, 0x3D, 0x11, 0xFB, 0xEE,
        0xFA, 0x3D, 0x17, 0xFC, 0xEF, 0xFA, 0x3D, 0x00, 0x04, 0x5A, 0x35, 0xBF, 0x00, 0x02, 0x00, 0x00, 0x00, 0x00, 0x40, 0x17,
        0x00, 0x00, 0x00, 0x40, 0x02, 0x00, 0x00, 0x00, 0x00, 0x06, 0x00, 0x00, 0x00, 0x24, 0xF7, 0x51, 0xC4, 0x00, 0x02, 0x00,
        0x40, 0x02, 0x02, 0xFF, 0x17, 0x40, 0x02, 0x02, 0xFF, 0x02, 0x00, 0x02, 0x00, 0x00, 0x06, 0x02, 0x00, 0x00, 0x0D, 0x91,
        0xFA, 0xCC, 0x00, 0x04, 0x00, 0xFE, 0xF8, 0x00, 0x40, 0x01, 0xFE, 0xF3, 0x00, 0x3F, 0x03, 0xFE, 0xFA, 0x00, 0x40, 0x17,
        0xFE, 0xF8, 0x00, 0x40, 0x02, 0x00, 0x00, 0x00, 0x00, 0x06, 0x00, 0x00, 0x00, 0x09, 0x91, 0x7D, 0xD1, 0x00, 0x06, 0x00,
        0x08, 0xEF, 0x09, 0x3D, 0x01, 0x04, 0x01, 0x09, 0x3F, 0x04, 0x08, 0xF0, 0x09, 0x3D, 0x0B, 0x09, 0xF1, 0x09, 0x3D, 0x11,
        0x07, 0xF1, 0x07, 0x3D, 0x17, 0x08, 0xEF, 0x09, 0x3D, 0x00, 0xC9, 0x0A, 0xE9, 0xD2, 0x00, 0x05, 0x00, 0x00, 0xFC, 0x00,
        0x40, 0x07, 0x00, 0xFD, 0x00, 0x40, 0x09, 0x00, 0xFB, 0x00, 0x40, 0x0E, 0x00, 0xFE, 0x00, 0x40, 0x17, 0x00, 0xFC, 0x00,
        0x40, 0x02, 0x00, 0x00, 0x00, 0x00, 0x06, 0x00, 0x00, 0x00, 0xFA, 0xE9, 0x39, 0xD4, 0x00, 0x02, 0x00, 0x01, 0x06, 0x00,
        0x40, 0x17, 0x01, 0x06, 0x00, 0x40, 0x02, 0x00, 0x00, 0x00, 0x00, 0x06, 0x00, 0x00, 0x00, 0x66, 0x9D, 0xAB, 0xD9, 0x00,
        0x05, 0x00, 0x00, 0xEE, 0xFF, 0x3D, 0x07, 0x01, 0xEE, 0x00, 0x3D, 0x0D, 0x00, 0xF1, 0x00, 0x3E, 0x12, 0x02, 0xF0, 0x00,
        0x3E, 0x17, 0x00, 0xEE, 0xFF, 0x3D, 0x02, 0x00, 0x00, 0x00, 0x00, 0x06, 0x00, 0x00, 0x00, 0xF3, 0x07, 0x9C, 0xDD, 0x00,
        0x07, 0x00, 0x00, 0x0A, 0x02, 0x3F, 0x02, 0xF8, 0x21, 0x01, 0x36, 0x04, 0xFF, 0x0E, 0x02, 0x3E, 0x05, 0x00, 0x0A, 0x02,
        0x3F, 0x0B, 0x00, 0x09, 0x02, 0x3F, 0x10, 0x00, 0x09, 0x05, 0x3F, 0x17, 0x00, 0x0A, 0x02, 0x3F, 0x00, 0xCB, 0xCC, 0x3F,
        0xDE, 0x00, 0x02, 0x00, 0x00, 0x03, 0x01, 0x40, 0x17, 0x00, 0x03, 0x01, 0x40, 0x00, 0x7C, 0x78, 0xA5, 0xF4, 0x00, 0x07,
        0x00, 0xFD, 0xFE, 0xF8, 0x3F, 0x02, 0x06, 0x16, 0xFD, 0x3C, 0x04, 0xFF, 0x02, 0xF8, 0x3F, 0x05, 0xFD, 0xFE, 0xF8, 0x3F,
        0x0F, 0xFD, 0xFB, 0xF7, 0x3F, 0x13, 0xFC, 0xFF, 0xF8, 0x3F, 0x17, 0xFD, 0xFE, 0xF8, 0x3F, 0x00, 0xD4, 0x62, 0x52, 0xF6,
        0x00, 0x02, 0x00, 0x00, 0x00, 0x00, 0x40, 0x17, 0x00, 0x00, 0x00, 0x40, 0x02, 0x00, 0x00, 0x00, 0x00, 0x06, 0x00, 0x00,
        0x00, 0xC6, 0x58, 0x95, 0xF7, 0x00, 0x02, 0x00, 0x00, 0x00, 0x00, 0x40, 0x17, 0x00, 0x00, 0x00, 0x40, 0x02, 0x00, 0x00,
        0x00, 0x00, 0x06, 0x00, 0x00, 0x00, 0x7B, 0x30, 0x4E, 0xFD, 0x00, 0x02, 0x00, 0x02, 0x00, 0x00, 0x40, 0x17, 0x02, 0x00,
        0x00, 0x40, 0x02, 0x00, 0x00, 0x00, 0x00, 0x06, 0x00, 0x00, 0x00, 0x15, 0xF1, 0x6F, 0x52, 0x00, 0x00, 0x00, 0x00, 0x08,
        0x00, 0x00, 0x00, 0x00, 0x00, 0x00, 0x00, 0x00, 0x00, 0x24, 0x00, 0x00, 0x00, 0x00, 0x00, 0x00, 0x00, 0x36, 0x00, 0x01,
        0x80, 0x61, 0x2C, 0x00, 0x00, 0x40, 0x00, 0x01, 0x80, 0x89, 0x2D, 0x00, 0x00, 0x4B, 0x00, 0x01, 0x80, 0x54, 0x2C, 0x00,
        0x00, 0x6E, 0x00, 0x00, 0x00, 0x86, 0xAB, 0x00, 0x00, 0x78, 0x00, 0x00, 0x00, 0x73, 0xAA, 0x00, 0x00, 0x88, 0x00, 0x00,
        0x00, 0x00, 0x00, 0x00, 0x00, 0x86, 0xA8, 0x1D, 0x7E, 0x00, 0x00, 0x00, 0x00, 0x02, 0x00, 0x00, 0x00, 0x09, 0x00, 0x6A,
        0xBD, 0x31, 0xB6, 0x24, 0x00, 0x09, 0x00, 0x6A, 0xBD, 0x31, 0xB6, 0xC4, 0x3F, 0xC6, 0xA6, 0x00, 0x00, 0x00, 0x00, 0x02,
        0x00, 0x00, 0x00, 0x0B, 0x00, 0x6A, 0xBD, 0x31, 0xB6, 0x24, 0x00, 0x0B, 0x00, 0x6A, 0xBD, 0x31, 0xB6, 0x9A, 0x2B, 0x9A,
        0xD6, 0x00, 0x00, 0x00, 0x00, 0x02, 0x00, 0x00, 0x00, 0x09, 0x00, 0x6A, 0xBD, 0x31, 0xB6, 0x24, 0x00, 0x09, 0x00, 0x6A,
        0xBD, 0x31, 0xB6, 0xB0, 0x4D, 0xDA, 0xDC, 0x00, 0x00, 0x00, 0x00, 0x02, 0x00, 0x00, 0x00, 0x0B, 0x00, 0x6A, 0xBD, 0x31,
        0xB6, 0x24, 0x00, 0x0B, 0x00, 0x6A, 0xBD, 0x31, 0xB6, 0xB8, 0xE7, 0x9A, 0xE1, 0x00, 0x00, 0x09, 0x00, 0x00, 0x00, 0x02,
        0x80, 0x13, 0x00, 0x86, 0x30, 0xEB, 0x3B, 0x24, 0x00, 0x02, 0x80, 0x13, 0x00, 0x86, 0x30, 0xEB, 0x3B, 0x38, 0x00, 0x91,
        0xA6, 0x2E, 0x18, 0x11, 0x31, 0xE5, 0x3B, 0x41, 0x00, 0xEC, 0xA7, 0xAA, 0x15, 0x13, 0x31, 0xE5, 0x3B, 0x4B, 0x00, 0xD1,
        0xA6, 0xC1, 0x9B, 0xB3, 0x30, 0xE9, 0x3B, 0x63, 0x00, 0x6C, 0x8E, 0xD1, 0xA5, 0x4E, 0x2E, 0xF6, 0x3B, 0x6C, 0x00, 0x5A,
        0x1E, 0x70, 0xA6, 0xD6, 0x2D, 0xF7, 0x3B, 0x74, 0x00, 0x30, 0x1F, 0x62, 0xA5, 0x31, 0x2E, 0xF6, 0x3B, 0x88, 0x00, 0x03,
        0x80, 0x13, 0x00, 0x86, 0x30, 0xEB, 0x3B, 0x09, 0x00, 0x00, 0x00, 0x79, 0x22, 0x02, 0xBB, 0x01, 0x80, 0x24, 0x00, 0x79,
        0x22, 0x02, 0xBB, 0x01, 0x80, 0x36, 0x00, 0x79, 0x22, 0x75, 0xBA, 0x82, 0x28, 0x40, 0x00, 0x79, 0x22, 0x51, 0xBA, 0xD1,
        0x29, 0x4C, 0x00, 0x79, 0x22, 0x7E, 0xBA, 0x52, 0x28, 0x64, 0x00, 0x79, 0x22, 0x47, 0xBB, 0x76, 0xA4, 0x6E, 0x00, 0x79,
        0x22, 0x7E, 0xBB, 0xF3, 0xA6, 0x78, 0x00, 0x79, 0x22, 0x6C, 0xBB, 0x51, 0xA5, 0x88, 0x00, 0x79, 0x22, 0x02, 0xBB, 0x01,
        0x80,
    };
    inline constexpr uint8_t kPushOffMeta[] = {
        0xFF, 0xFF, 0x04, 0x00, 0x00, 0x00, 0x00, 0x00, 0x00, 0x00, 0x00, 0x00, 0x00, 0x00, 0x0F, 0x00, 0x00, 0x00, 0x01, 0x00,
        0x11, 0x00, 0x00, 0x00, 0x41, 0x6E, 0x69, 0x6D, 0x61, 0x74, 0x69, 0x6F, 0x6E, 0x4D, 0x65, 0x74, 0x61, 0x44, 0x61, 0x74,
        0x61, 0x00, 0x00, 0x00, 0x00, 0x00, 0x00, 0x01, 0x00, 0x00, 0x00, 0x51, 0x00, 0x00, 0x00, 0x00, 0x00, 0x00, 0x00, 0xFF,
        0xFF, 0xFF, 0xFF, 0xFF, 0xFF, 0xFF, 0xFF, 0x4B, 0x00, 0x00, 0x00, 0x06, 0x00, 0x00, 0x00, 0x00, 0x00, 0x00, 0x00, 0x00,
        0x00, 0x05, 0x05, 0x00, 0x00, 0x00, 0x00, 0x01, 0x00, 0x00, 0x00, 0x00, 0x00, 0x11, 0x11, 0x91, 0x40, 0x01, 0x02, 0x02,
        0x88, 0x01, 0x00, 0x00, 0x00, 0x00, 0x00, 0x00, 0x30, 0x00, 0x00, 0x00, 0x00, 0x00, 0x00, 0x00, 0x00, 0x00, 0x00, 0x00,
        0x24, 0x00, 0x00, 0x00, 0x00, 0x00, 0x00, 0x00, 0x26, 0x00, 0x00, 0x80, 0xB3, 0x1E, 0x00, 0x00, 0x29, 0x00, 0x00, 0x80,
        0x88, 0x24, 0x00, 0x00, 0x31, 0x00, 0x00, 0x80, 0x6D, 0x2A, 0x00, 0x00, 0x34, 0x00, 0x00, 0x80, 0xE2, 0x2B, 0x00, 0x00,
        0x36, 0x00, 0x01, 0x80, 0x61, 0x2C, 0x00, 0x00, 0x38, 0x00, 0x01, 0x80, 0xC4, 0x2C, 0x00, 0x00, 0x3A, 0x00, 0x01, 0x80,
        0x17, 0x2D, 0x00, 0x00, 0x3B, 0x00, 0x01, 0x80, 0x39, 0x2D, 0x00, 0x00, 0x3C, 0x00, 0x01, 0x80, 0x55, 0x2D, 0x00, 0x00,
        0x3D, 0x00, 0x01, 0x80, 0x6C, 0x2D, 0x00, 0x00, 0x3E, 0x00, 0x01, 0x80, 0x7D, 0x2D, 0x00, 0x00, 0x3F, 0x00, 0x01, 0x80,
        0x86, 0x2D, 0x00, 0x00, 0x40, 0x00, 0x01, 0x80, 0x89, 0x2D, 0x00, 0x00, 0x41, 0x00, 0x01, 0x80, 0x86, 0x2D, 0x00, 0x00,
        0x42, 0x00, 0x01, 0x80, 0x7D, 0x2D, 0x00, 0x00, 0x43, 0x00, 0x01, 0x80, 0x6D, 0x2D, 0x00, 0x00, 0x45, 0x00, 0x01, 0x80,
        0x40, 0x2D, 0x00, 0x00, 0x47, 0x00, 0x01, 0x80, 0x00, 0x2D, 0x00, 0x00, 0x49, 0x00, 0x01, 0x80, 0xB1, 0x2C, 0x00, 0x00,
        0x4B, 0x00, 0x01, 0x80, 0x54, 0x2C, 0x00, 0x00, 0x4D, 0x00, 0x01, 0x80, 0xD5, 0x2B, 0x00, 0x00, 0x50, 0x00, 0x00, 0x80,
        0x76, 0x2A, 0x00, 0x00, 0x53, 0x00, 0x00, 0x80, 0xF6, 0x28, 0x00, 0x00, 0x5A, 0x00, 0x00, 0x80, 0x04, 0x21, 0x00, 0x00,
        0x61, 0x00, 0x00, 0x00, 0x34, 0xA5, 0x00, 0x00, 0x64, 0x00, 0x00, 0x00, 0x23, 0xA8, 0x00, 0x00, 0x66, 0x00, 0x00, 0x00,
        0x10, 0xA9, 0x00, 0x00, 0x68, 0x00, 0x00, 0x00, 0xE3, 0xA9, 0x00, 0x00, 0x6A, 0x00, 0x00, 0x00, 0x97, 0xAA, 0x00, 0x00,
        0x6C, 0x00, 0x00, 0x00, 0x26, 0xAB, 0x00, 0x00, 0x6D, 0x00, 0x00, 0x00, 0x5D, 0xAB, 0x00, 0x00, 0x6E, 0x00, 0x00, 0x00,
        0x86, 0xAB, 0x00, 0x00, 0x6F, 0x00, 0x00, 0x00, 0xA2, 0xAB, 0x00, 0x00, 0x70, 0x00, 0x00, 0x00, 0xB0, 0xAB, 0x00, 0x00,
        0x71, 0x00, 0x00, 0x00, 0xB2, 0xAB, 0x00, 0x00, 0x72, 0x00, 0x00, 0x00, 0xA6, 0xAB, 0x00, 0x00, 0x73, 0x00, 0x00, 0x00,
        0x8F, 0xAB, 0x00, 0x00, 0x74, 0x00, 0x00, 0x00, 0x6C, 0xAB, 0x00, 0x00, 0x75, 0x00, 0x00, 0x00, 0x3D, 0xAB, 0x00, 0x00,
        0x76, 0x00, 0x00, 0x00, 0x03, 0xAB, 0x00, 0x00, 0x78, 0x00, 0x00, 0x00, 0x73, 0xAA, 0x00, 0x00, 0x7A, 0x00, 0x00, 0x00,
        0xC5, 0xA9, 0x00, 0x00, 0x7D, 0x00, 0x00, 0x00, 0x98, 0xA8, 0x00, 0x00, 0x85, 0x00, 0x00, 0x00, 0x9D, 0xA0, 0x00, 0x00,
        0x87, 0x00, 0x00, 0x00, 0xD5, 0x99, 0x00, 0x00, 0x88, 0x00, 0x00, 0x00, 0x00, 0x00, 0x00, 0x00, 0x11, 0x11, 0x91, 0x40,
    };
    inline constexpr uint8_t kHoverClip[] = {
        0x50, 0x41, 0x52, 0x20, 0x02, 0x03, 0x00, 0x01, 0x02, 0x03, 0x04, 0x05, 0x06, 0x07, 0x08, 0x09, 0x0F, 0x00, 0x00, 0xC0,
        0x12, 0x00, 0xEB, 0x82, 0xA8, 0xEC, 0x9E, 0x90, 0x3B, 0xEB, 0xB9, 0x97, 0xEC, 0x9E, 0x90, 0xEB, 0xA3, 0xA8, 0x3B, 0x00,
        0x00, 0x00, 0x80, 0x3F, 0x00, 0x00, 0x80, 0x3F, 0x00, 0x00, 0x80, 0x3F, 0x07, 0x00, 0xD0, 0x33, 0xD7, 0xBF, 0xEF, 0x33,
        0xD5, 0xFF, 0x6F, 0x32, 0x00, 0x00, 0x80, 0x3F, 0x60, 0x58, 0x49, 0xAE, 0x36, 0x33, 0x85, 0x1B, 0xC1, 0x51, 0xB5, 0xAF,
        0x00, 0x00, 0x80, 0x3F, 0x00, 0x00, 0x80, 0x3F, 0x00, 0x00, 0x80, 0x3F, 0x07, 0x00, 0xD0, 0x33, 0xD7, 0xBF, 0xEF, 0x33,
        0xD5, 0xFF, 0x6F, 0x32, 0x00, 0x00, 0x80, 0x3F, 0x60, 0x58, 0x49, 0xAE, 0x36, 0x33, 0x85, 0x1B, 0xC1, 0x51, 0xB5, 0xAF,
        0x00, 0x00, 0x00, 0x00, 0x56, 0x55, 0x55, 0x40, 0x05, 0x00, 0x01, 0x00, 0xFC, 0x13, 0x00, 0x00, 0x8B, 0xE1, 0x5D, 0x5C,
        0x00, 0x00, 0x65, 0x00, 0x00, 0x00, 0x0F, 0x80, 0x00, 0x00, 0x00, 0x80, 0x00, 0x3C, 0x01, 0x00, 0x9E, 0x94, 0x3D, 0x98,
        0x69, 0x9E, 0x00, 0x3C, 0x02, 0x00, 0x9E, 0x98, 0x33, 0x9C, 0x5C, 0xA2, 0x00, 0x3C, 0x03, 0x00, 0xE8, 0x9A, 0x39, 0x9E,
        0xB5, 0xA4, 0x00, 0x3C, 0x04, 0x00, 0x8D, 0x9C, 0x26, 0xA0, 0x28, 0xA6, 0xFF, 0x3B, 0x05, 0x00, 0xA2, 0x9D, 0x22, 0xA1,
        0x82, 0xA7, 0xFF, 0x3B, 0x06, 0x00, 0xB1, 0x9E, 0x0A, 0xA2, 0x5F, 0xA8, 0xFF, 0x3B, 0x07, 0x00, 0xBA, 0x9F, 0xDC, 0xA2,
        0xEB, 0xA8, 0xFE, 0x3B, 0x08, 0x00, 0x60, 0xA0, 0xAA, 0xA3, 0x63, 0xA9, 0xFE, 0x3B, 0x09, 0x00, 0xE0, 0xA0, 0x2E, 0xA4,
        0xC5, 0xA9, 0xFE, 0x3B, 0x0A, 0x00, 0x5A, 0xA1, 0x77, 0xA4, 0x10, 0xAA, 0xFD, 0x3B, 0x0B, 0x00, 0xCE, 0xA1, 0xB2, 0xA4,
        0x43, 0xAA, 0xFD, 0x3B, 0x0C, 0x00, 0x3C, 0xA2, 0xDC, 0xA4, 0x5C, 0xAA, 0xFD, 0x3B, 0x0D, 0x00, 0xA3, 0xA2, 0xF5, 0xA4,
        0x5B, 0xAA, 0xFD, 0x3B, 0x0E, 0x00, 0x03, 0xA3, 0x04, 0xA5, 0x42, 0xAA, 0xFD, 0x3B, 0x0F, 0x00, 0x5D, 0xA3, 0xFF, 0xA4,
        0x0F, 0xAA, 0xFD, 0x3B, 0x10, 0x00, 0xB0, 0xA3, 0xEB, 0xA4, 0xC3, 0xA9, 0xFD, 0x3B, 0x11, 0x00, 0xFB, 0xA3, 0xC7, 0xA4,
        0x60, 0xA9, 0xFE, 0x3B, 0x12, 0x00, 0x1E, 0xA4, 0x94, 0xA4, 0xE8, 0xA8, 0xFE, 0x3B, 0x13, 0x00, 0x3A, 0xA4, 0x54, 0xA4,
        0x5C, 0xA8, 0xFE, 0x3B, 0x14, 0x00, 0x51, 0xA4, 0x07, 0xA4, 0x7E, 0xA7, 0xFF, 0x3B, 0x15, 0x00, 0x62, 0xA4, 0x60, 0xA3,
        0x25, 0xA6, 0xFF, 0x3B, 0x16, 0x00, 0x6F, 0xA4, 0x9F, 0xA2, 0xB4, 0xA4, 0xFF, 0x3B, 0x17, 0x00, 0x76, 0xA4, 0xD2, 0xA1,
        0x5E, 0xA2, 0xFF, 0x3B, 0x18, 0x00, 0x78, 0xA4, 0xFC, 0xA0, 0x78, 0x9E, 0x00, 0x3C, 0x19, 0x00, 0x74, 0xA4, 0x22, 0xA0,
        0x6F, 0x86, 0x00, 0x3C, 0x1A, 0x00, 0x6C, 0xA4, 0x79, 0x9E, 0x46, 0x1E, 0x00, 0x3C, 0x1B, 0x00, 0x5E, 0xA4, 0xB9, 0x9C,
        0x46, 0x22, 0x00, 0x3C, 0x1C, 0x00, 0x4B, 0xA4, 0x18, 0x9A, 0xA8, 0x24, 0xFF, 0x3B, 0x1D, 0x00, 0x34, 0xA4, 0xFC, 0x95,
        0x1A, 0x26, 0xFF, 0x3B, 0x1E, 0x00, 0x1B, 0xA4, 0x6E, 0x01, 0x74, 0x27, 0xFF, 0x3B, 0x1F, 0x00, 0xFB, 0xA3, 0x5A, 0x15,
        0x59, 0x28, 0xFF, 0x3B, 0x20, 0x00, 0xB6, 0xA3, 0xE7, 0x18, 0xE6, 0x28, 0xFE, 0x3B, 0x21, 0x00, 0x61, 0xA3, 0xDE, 0x1A,
        0x60, 0x29, 0xFE, 0x3B, 0x22, 0x00, 0x06, 0xA3, 0x2E, 0x1C, 0xC5, 0x29, 0xFE, 0x3B, 0x23, 0x00, 0xA5, 0xA2, 0xAF, 0x1C,
        0x12, 0x2A, 0xFE, 0x3B, 0x24, 0x00, 0x3F, 0xA2, 0x13, 0x1D, 0x46, 0x2A, 0xFD, 0x3B, 0x25, 0x00, 0xD4, 0xA1, 0x36, 0x1D,
        0x61, 0x2A, 0xFD, 0x3B, 0x26, 0x00, 0x64, 0xA1, 0x10, 0x1D, 0x62, 0x2A, 0xFD, 0x3B, 0x27, 0x00, 0xF1, 0xA0, 0x9F, 0x1C,
        0x4A, 0x2A, 0xFD, 0x3B, 0x28, 0x00, 0x96, 0xA0, 0xF0, 0x1B, 0x18, 0x2A, 0xFE, 0x3B, 0x29, 0x00, 0x22, 0xA0, 0x41, 0x1A,
        0xCE, 0x29, 0xFE, 0x3B, 0x2A, 0x00, 0x57, 0x9F, 0x28, 0x18, 0x6C, 0x29, 0xFE, 0x3B, 0x2B, 0x00, 0x65, 0x9E, 0xBD, 0x12,
        0xF4, 0x28, 0xFE, 0x3B, 0x2C, 0x00, 0x6E, 0x9D, 0x5F, 0x90, 0x68, 0x28, 0xFF, 0x3B, 0x2D, 0x00, 0x79, 0x9C, 0x24, 0x98,
        0x94, 0x27, 0xFF, 0x3B, 0x2E, 0x00, 0x13, 0x9B, 0x6A, 0x9B, 0x38, 0x26, 0xFF, 0x3B, 0x2F, 0x00, 0x3A, 0x99, 0x6B, 0x9D,
        0xC2, 0x24, 0x00, 0x3C, 0x30, 0x00, 0xEB, 0x96, 0x19, 0x9F, 0x70, 0x22, 0x00, 0x3C, 0x31, 0x00, 0xE4, 0x92, 0x65, 0xA0,
        0x7F, 0x1E, 0x00, 0x3C, 0x32, 0x00, 0xB2, 0x80, 0x3B, 0xA1, 0x04, 0x80, 0x00, 0x3C, 0x33, 0x00, 0x96, 0x12, 0x0B, 0xA2,
        0x83, 0x9E, 0x00, 0x3C, 0x34, 0x00, 0x92, 0x16, 0xD0, 0xA2, 0x78, 0xA2, 0x00, 0x3C, 0x35, 0x00, 0xE7, 0x18, 0x89, 0xA3,
        0xCB, 0xA4, 0xFF, 0x3B, 0x36, 0x00, 0x86, 0x1A, 0x15, 0xA4, 0x48, 0xA6, 0xFF, 0x3B, 0x37, 0x00, 0x0F, 0x1C, 0x5D, 0xA4,
        0xAC, 0xA7, 0xFF, 0x3B, 0x38, 0x00, 0xD8, 0x1C, 0x9B, 0xA4, 0x79, 0xA8, 0xFE, 0x3B, 0x39, 0x00, 0x9E, 0x1D, 0xCE, 0xA4,
        0x0A, 0xA9, 0xFE, 0x3B, 0x3A, 0x00, 0x63, 0x1E, 0xF5, 0xA4, 0x87, 0xA9, 0xFE, 0x3B, 0x3B, 0x00, 0x29, 0x1F, 0x0F, 0xA5,
        0xEF, 0xA9, 0xFD, 0x3B, 0x3C, 0x00, 0xED, 0x1F, 0x1C, 0xA5, 0x3E, 0xAA, 0xFD, 0x3B, 0x3D, 0x00, 0x5A, 0x20, 0x1C, 0xA5,
        0x75, 0xAA, 0xFD, 0x3B, 0x3E, 0x00, 0xBD, 0x20, 0x0F, 0xA5, 0x92, 0xAA, 0xFD, 0x3B, 0x3F, 0x00, 0x1D, 0x21, 0xF5, 0xA4,
        0x94, 0xAA, 0xFD, 0x3B, 0x40, 0x00, 0x7C, 0x21, 0xD0, 0xA4, 0x7D, 0xAA, 0xFD, 0x3B, 0x41, 0x00, 0xDB, 0x21, 0xA0, 0xA4,
        0x4B, 0xAA, 0xFD, 0x3B, 0x42, 0x00, 0x38, 0x22, 0x65, 0xA4, 0x00, 0xAA, 0xFD, 0x3B, 0x43, 0x00, 0x96, 0x22, 0x1F, 0xA4,
        0x9D, 0xA9, 0xFE, 0x3B, 0x44, 0x00, 0xF2, 0x22, 0xA0, 0xA3, 0x23, 0xA9, 0xFE, 0x3B, 0x45, 0x00, 0x4D, 0x23, 0xF1, 0xA2,
        0x95, 0xA8, 0xFE, 0x3B, 0x46, 0x00, 0xA2, 0x23, 0x34, 0xA2, 0xE8, 0xA7, 0xFF, 0x3B, 0x47, 0x00, 0xF2, 0x23, 0x6C, 0xA1,
        0x88, 0xA6, 0xFF, 0x3B, 0x48, 0x00, 0x1E, 0x24, 0x9A, 0xA0, 0x0D, 0xA5, 0xFF, 0x3B, 0x49, 0x00, 0x3F, 0x24, 0x80, 0x9F,
        0xFD, 0xA2, 0xFF, 0x3B, 0x4A, 0x00, 0x5D, 0x24, 0xC0, 0x9D, 0x88, 0x9F, 0x00, 0x3C, 0x4B, 0x00, 0x75, 0x24, 0xF3, 0x9B,
        0xCC, 0x93, 0x00, 0x3C, 0x4C, 0x00, 0x88, 0x24, 0x62, 0x98, 0x98, 0x1D, 0x00, 0x3C, 0x4D, 0x00, 0x95, 0x24, 0xBC, 0x8E,
        0x08, 0x22, 0x00, 0x3C, 0x4E, 0x00, 0x9B, 0x24, 0x4B, 0x15, 0x95, 0x24, 0xFF, 0x3B, 0x4F, 0x00, 0x9A, 0x24, 0x0F, 0x1A,
        0x12, 0x26, 0xFF, 0x3B, 0x50, 0x00, 0x93, 0x24, 0xB0, 0x1C, 0x76, 0x27, 0xFF, 0x3B, 0x51, 0x00, 0x84, 0x24, 0x36, 0x1E,
        0x5D, 0x28, 0xFE, 0x3B, 0x52, 0x00, 0x6E, 0x24, 0xA0, 0x1F, 0xED, 0x28, 0xFE, 0x3B, 0x53, 0x00, 0x51, 0x24, 0x75, 0x20,
        0x68, 0x29, 0xFE, 0x3B, 0x54, 0x00, 0x2E, 0x24, 0x07, 0x21, 0xCE, 0x29, 0xFE, 0x3B, 0x55, 0x00, 0x05, 0x24, 0x83, 0x21,
        0x1B, 0x2A, 0xFD, 0x3B, 0x56, 0x00, 0xAA, 0x23, 0xE9, 0x21, 0x4F, 0x2A, 0xFD, 0x3B, 0x57, 0x00, 0x3F, 0x23, 0x37, 0x22,
        0x6A, 0x2A, 0xFD, 0x3B, 0x58, 0x00, 0xCA, 0x22, 0x64, 0x22, 0x6A, 0x2A, 0xFD, 0x3B, 0x59, 0x00, 0x4B, 0x22, 0x75, 0x22,
        0x50, 0x2A, 0xFD, 0x3B, 0x5A, 0x00, 0xC5, 0x21, 0x67, 0x22, 0x1C, 0x2A, 0xFD, 0x3B, 0x5B, 0x00, 0x3B, 0x21, 0x3E, 0x22,
        0xCF, 0x29, 0xFE, 0x3B, 0x5C, 0x00, 0xAB, 0x20, 0xF7, 0x21, 0x6B, 0x29, 0xFE, 0x3B, 0x5D, 0x00, 0x19, 0x20, 0x92, 0x21,
        0xF1, 0x28, 0xFE, 0x3B, 0x5E, 0x00, 0x03, 0x1F, 0x09, 0x21, 0x64, 0x28, 0xFF, 0x3B, 0x5F, 0x00, 0xD1, 0x1D, 0x66, 0x20,
        0x88, 0x27, 0xFF, 0x3B, 0x60, 0x00, 0x9E, 0x1C, 0x57, 0x1F, 0x2B, 0x26, 0xFF, 0x3B, 0x61, 0x00, 0xD7, 0x1A, 0xBA, 0x1D,
        0xB6, 0x24, 0x00, 0x3C, 0x62, 0x00, 0xB6, 0x18, 0xE8, 0x1B, 0x5C, 0x22, 0x00, 0x3C, 0x63, 0x00, 0x32, 0x14, 0x04, 0x18,
        0x69, 0x1E, 0x00, 0x3C, 0x64, 0x00, 0xFF, 0x80, 0x00, 0x00, 0x00, 0x80, 0x00, 0x3C, 0x65, 0x00, 0x00, 0x00, 0x00, 0x04,
        0x02, 0x80, 0x01, 0x00, 0x01, 0x00, 0x5A, 0x90, 0x55, 0x1F, 0x75, 0x98, 0x02, 0x00, 0x10, 0x94, 0x4A, 0x23, 0x77, 0x9C,
        0x03, 0x00, 0x55, 0x95, 0x6D, 0x25, 0xB6, 0x9E, 0x04, 0x00, 0x01, 0x96, 0x2B, 0x27, 0x7A, 0xA0, 0x05, 0x00, 0xFB, 0x95,
        0x6F, 0x28, 0x99, 0xA1, 0x06, 0x00, 0x5C, 0x95, 0x41, 0x29, 0xB6, 0xA2, 0x07, 0x00, 0x2D, 0x94, 0x0D, 0x2A, 0xD0, 0xA3,
        0x08, 0x00, 0xD0, 0x90, 0xD0, 0x2A, 0x72, 0xA4, 0x09, 0x00, 0xC7, 0x82, 0x8C, 0x2B, 0xFA, 0xA4, 0x0A, 0x00, 0xE6, 0x10,
        0x1F, 0x2C, 0x7F, 0xA5, 0x0B, 0x00, 0x62, 0x15, 0x74, 0x2C, 0x00, 0xA6, 0x0C, 0x00, 0x44, 0x18, 0xC5, 0x2C, 0x7E, 0xA6,
        0x0D, 0x00, 0xEA, 0x19, 0x10, 0x2D, 0xF8, 0xA6, 0x0E, 0x00, 0x89, 0x1B, 0x58, 0x2D, 0x6E, 0xA7, 0x0F, 0x00, 0x94, 0x1C,
        0x9A, 0x2D, 0xDD, 0xA7, 0x10, 0x00, 0x52, 0x1D, 0xD8, 0x2D, 0x23, 0xA8, 0x11, 0x00, 0x00, 0x1E, 0x12, 0x2E, 0x55, 0xA8,
        0x12, 0x00, 0x95, 0x1E, 0x47, 0x2E, 0x84, 0xA8, 0x13, 0x00, 0x10, 0x1F, 0x76, 0x2E, 0xAF, 0xA8, 0x14, 0x00, 0x6E, 0x1F,
        0xA1, 0x2E, 0xD6, 0xA8, 0x15, 0x00, 0xAF, 0x1F, 0xC6, 0x2E, 0xF9, 0xA8, 0x16, 0x00, 0xCB, 0x1F, 0xE7, 0x2E, 0x17, 0xA9,
        0x17, 0x00, 0xC0, 0x1F, 0x01, 0x2F, 0x30, 0xA9, 0x18, 0x00, 0x8F, 0x1F, 0x16, 0x2F, 0x41, 0xA9, 0x19, 0x00, 0x48, 0x1F,
        0x24, 0x2F, 0x4D, 0xA9, 0x1A, 0x00, 0xE5, 0x1E, 0x2C, 0x2F, 0x53, 0xA9, 0x1B, 0x00, 0x6D, 0x1E, 0x2D, 0x2F, 0x52, 0xA9,
        0x1C, 0x00, 0xEF, 0x1D, 0x27, 0x2F, 0x4B, 0xA9, 0x1D, 0x00, 0x65, 0x1D, 0x19, 0x2F, 0x3C, 0xA9, 0x1E, 0x00, 0xDA, 0x1C,
        0x03, 0x2F, 0x27, 0xA9, 0x1F, 0x00, 0x4D, 0x1C, 0xE5, 0x2E, 0x08, 0xA9, 0x20, 0x00, 0x99, 0x1B, 0xC0, 0x2E, 0xE4, 0xA8,
        0x21, 0x00, 0xA3, 0x1A, 0x93, 0x2E, 0xB7, 0xA8, 0x22, 0x00, 0xD9, 0x19, 0x5E, 0x2E, 0x84, 0xA8, 0x23, 0x00, 0x35, 0x19,
        0x20, 0x2E, 0x4E, 0xA8, 0x24, 0x00, 0xB0, 0x18, 0xDC, 0x2D, 0x13, 0xA8, 0x25, 0x00, 0x58, 0x18, 0x8F, 0x2D, 0xA7, 0xA7,
        0x26, 0x00, 0x16, 0x18, 0x3C, 0x2D, 0x1F, 0xA7, 0x27, 0x00, 0xCB, 0x17, 0xE3, 0x2C, 0x8E, 0xA6, 0x28, 0x00, 0xAF, 0x17,
        0x84, 0x2C, 0xF7, 0xA5, 0x29, 0x00, 0x9E, 0x17, 0x1F, 0x2C, 0x5A, 0xA5, 0x2A, 0x00, 0x86, 0x17, 0x6B, 0x2B, 0xBB, 0xA4,
        0x2B, 0x00, 0x4D, 0x17, 0x8E, 0x2A, 0x1C, 0xA4, 0x2C, 0x00, 0x0A, 0x17, 0xAA, 0x29, 0xF9, 0xA2, 0x2D, 0x00, 0x93, 0x16,
        0xC0, 0x28, 0xBF, 0xA1, 0x2E, 0x00, 0xE1, 0x15, 0xA2, 0x27, 0x87, 0xA0, 0x2F, 0x00, 0xE6, 0x14, 0xBD, 0x25, 0xAD, 0x9E,
        0x30, 0x00, 0x3C, 0x13, 0xA8, 0x23, 0x5D, 0x9C, 0x31, 0x00, 0x02, 0x10, 0xA7, 0x1F, 0x44, 0x98, 0x32, 0x00, 0x00, 0x01,
        0x02, 0x80, 0x00, 0x00, 0x33, 0x00, 0x60, 0x90, 0x9A, 0x9F, 0x10, 0x18, 0x34, 0x00, 0xB6, 0x94, 0x8F, 0xA3, 0xE7, 0x1B,
        0x35, 0x00, 0x7B, 0x97, 0xA1, 0xA5, 0xC2, 0x1D, 0x36, 0x00, 0x36, 0x99, 0x71, 0xA7, 0x71, 0x1F, 0x37, 0x00, 0xBE, 0x9A,
        0x9B, 0xA8, 0x82, 0x20, 0x38, 0x00, 0x26, 0x9C, 0x78, 0xA9, 0x3B, 0x21, 0x39, 0x00, 0xEB, 0x9C, 0x4E, 0xAA, 0xE7, 0x21,
        0x3A, 0x00, 0xA8, 0x9D, 0x1C, 0xAB, 0x83, 0x22, 0x3B, 0x00, 0x5B, 0x9E, 0xE4, 0xAB, 0x10, 0x23, 0x3C, 0x00, 0xFA, 0x9E,
        0x52, 0xAC, 0x8D, 0x23, 0x3D, 0x00, 0x86, 0x9F, 0xAD, 0xAC, 0xFC, 0x23, 0x3E, 0x00, 0xEB, 0x9F, 0x05, 0xAD, 0x2F, 0x24,
        0x3F, 0x00, 0x17, 0xA0, 0x58, 0xAD, 0x5C, 0x24, 0x40, 0x00, 0x25, 0xA0, 0xA6, 0xAD, 0x86, 0x24, 0x41, 0x00, 0x1B, 0xA0,
        0xF0, 0xAD, 0xAB, 0x24, 0x42, 0x00, 0xF5, 0x9F, 0x34, 0xAE, 0xCA, 0x24, 0x43, 0x00, 0x7F, 0x9F, 0x74, 0xAE, 0xE5, 0x24,
        0x44, 0x00, 0xD4, 0x9E, 0xAE, 0xAE, 0xFB, 0x24, 0x45, 0x00, 0xF7, 0x9D, 0xE3, 0xAE, 0x0E, 0x25, 0x46, 0x00, 0xEE, 0x9C,
        0x11, 0xAF, 0x1E, 0x25, 0x47, 0x00, 0x78, 0x9B, 0x39, 0xAF, 0x2C, 0x25, 0x48, 0x00, 0xCF, 0x98, 0x5A, 0xAF, 0x38, 0x25,
        0x49, 0x00, 0xA1, 0x93, 0x73, 0xAF, 0x44, 0x25, 0x4A, 0x00, 0x93, 0x10, 0x85, 0xAF, 0x4F, 0x25, 0x4B, 0x00, 0x3B, 0x18,
        0x8F, 0xAF, 0x57, 0x25, 0x4C, 0x00, 0x48, 0x1B, 0x91, 0xAF, 0x5B, 0x25, 0x4D, 0x00, 0x1E, 0x1D, 0x8B, 0xAF, 0x5D, 0x25,
        0x4E, 0x00, 0x85, 0x1E, 0x7C, 0xAF, 0x5D, 0x25, 0x4F, 0x00, 0xCE, 0x1F, 0x64, 0xAF, 0x5F, 0x25, 0x50, 0x00, 0x7A, 0x20,
        0x44, 0xAF, 0x60, 0x25, 0x51, 0x00, 0xF4, 0x20, 0x1C, 0xAF, 0x5F, 0x25, 0x52, 0x00, 0x55, 0x21, 0xEB, 0xAE, 0x58, 0x25,
        0x53, 0x00, 0x9A, 0x21, 0xB3, 0xAE, 0x4B, 0x25, 0x54, 0x00, 0xC0, 0x21, 0x73, 0xAE, 0x38, 0x25, 0x55, 0x00, 0xCF, 0x21,
        0x2D, 0xAE, 0x1E, 0x25, 0x56, 0x00, 0xBF, 0x21, 0xE0, 0xAD, 0xFE, 0x24, 0x57, 0x00, 0x95, 0x21, 0x8C, 0xAD, 0xD8, 0x24,
        0x58, 0x00, 0x59, 0x21, 0x33, 0xAD, 0xAC, 0x24, 0x59, 0x00, 0x04, 0x21, 0xD4, 0xAC, 0x77, 0x24, 0x5A, 0x00, 0xA0, 0x20,
        0x71, 0xAC, 0x39, 0x24, 0x5B, 0x00, 0x2E, 0x20, 0x09, 0xAC, 0xE5, 0x23, 0x5C, 0x00, 0x62, 0x1F, 0x3D, 0xAB, 0x46, 0x23,
        0x5D, 0x00, 0x59, 0x1E, 0x60, 0xAA, 0x95, 0x22, 0x5E, 0x00, 0x4E, 0x1D, 0x7F, 0xA9, 0xD2, 0x21, 0x5F, 0x00, 0x45, 0x1C,
        0x99, 0xA8, 0xFE, 0x20, 0x60, 0x00, 0x94, 0x1A, 0x60, 0xA7, 0x1A, 0x20, 0x61, 0x00, 0xB3, 0x18, 0x8A, 0xA5, 0x4E, 0x1E,
        0x62, 0x00, 0xE7, 0x15, 0x62, 0xA3, 0x4B, 0x1C, 0x63, 0x00, 0x73, 0x11, 0x60, 0x9F, 0x60, 0x18, 0x64, 0x00, 0x00, 0x82,
        0x02, 0x80, 0x01, 0x00, 0x38, 0xB9, 0x77, 0x37, 0x00, 0x00, 0x07, 0x00, 0x00, 0x00, 0x0E, 0x80, 0x00, 0x80, 0x00, 0x80,
        0x00, 0x3C, 0x1D, 0x00, 0xB3, 0x02, 0x1B, 0x80, 0x13, 0x80, 0x00, 0x3C, 0x20, 0x00, 0x05, 0x84, 0x1C, 0x00, 0x16, 0x80,
        0x00, 0x3C, 0x27, 0x00, 0x8B, 0x07, 0x88, 0x00, 0x30, 0x02, 0x00, 0x3C, 0x28, 0x00, 0xE2, 0x83, 0x11, 0x80, 0x58, 0x80,
        0x00, 0x3C, 0x34, 0x00, 0x52, 0x00, 0x2C, 0x80, 0x08, 0x80, 0x00, 0x3C, 0x64, 0x00, 0xFE, 0x80, 0x00, 0x80, 0x00, 0x80,
        0x00, 0x3C, 0x02, 0x00, 0x00, 0x00, 0x00, 0x00, 0x1A, 0x80, 0x00, 0x80, 0x64, 0x00, 0x00, 0x82, 0x1A, 0x80, 0x00, 0x80,
        0x90, 0x23, 0xD1, 0x50, 0x00, 0x00, 0x07, 0x00, 0x00, 0x00, 0x0F, 0x80, 0x00, 0x80, 0x00, 0x80, 0x00, 0x3C, 0x1D, 0x00,
        0xB3, 0x02, 0x1B, 0x80, 0x13, 0x80, 0x00, 0x3C, 0x20, 0x00, 0x05, 0x84, 0x1C, 0x00, 0x16, 0x80, 0x00, 0x3C, 0x27, 0x00,
        0x8B, 0x07, 0x88, 0x00, 0x30, 0x02, 0x00, 0x3C, 0x28, 0x00, 0xE1, 0x83, 0x11, 0x80, 0x58, 0x80, 0x00, 0x3C, 0x34, 0x00,
        0x52, 0x00, 0x2C, 0x80, 0x08, 0x80, 0x00, 0x3C, 0x64, 0x00, 0xFF, 0x80, 0x00, 0x80, 0x00, 0x80, 0x00, 0x3C, 0x02, 0x00,
        0x00, 0x00, 0x00, 0x00, 0x00, 0x00, 0x00, 0x80, 0x64, 0x00, 0x00, 0x82, 0x00, 0x00, 0x00, 0x80, 0x67, 0xD4, 0x82, 0xF8,
        0x00, 0x00, 0x34, 0x00, 0x00, 0x00, 0xE5, 0xB0, 0x01, 0x00, 0x00, 0x00, 0xE8, 0x3B, 0x01, 0x00, 0xEC, 0xB0, 0x98, 0x0F,
        0x87, 0x94, 0xE8, 0x3B, 0x02, 0x00, 0xF0, 0xB0, 0xDF, 0x0F, 0x8D, 0x98, 0xE7, 0x3B, 0x05, 0x00, 0x06, 0xB1, 0xAF, 0x10,
        0xFB, 0x9D, 0xE7, 0x3B, 0x07, 0x00, 0x16, 0xB1, 0x72, 0x11, 0x4A, 0xA0, 0xE6, 0x3B, 0x0C, 0x00, 0x3C, 0xB1, 0x5D, 0x16,
        0x9B, 0xA3, 0xE4, 0x3B, 0x0E, 0x00, 0x4D, 0xB1, 0x7F, 0x17, 0x78, 0xA4, 0xE3, 0x3B, 0x11, 0x00, 0x60, 0xB1, 0x3A, 0x1A,
        0x6B, 0xA5, 0xE2, 0x3B, 0x14, 0x00, 0x71, 0xB1, 0x69, 0x1C, 0x42, 0xA6, 0xE2, 0x3B, 0x15, 0x00, 0x76, 0xB1, 0xD2, 0x1C,
        0x87, 0xA6, 0xE1, 0x3B, 0x17, 0x00, 0x7C, 0xB1, 0xC8, 0x1D, 0xF3, 0xA6, 0xE1, 0x3B, 0x19, 0x00, 0x7C, 0xB1, 0xDE, 0x1E,
        0x38, 0xA7, 0xE1, 0x3B, 0x1B, 0x00, 0x7A, 0xB1, 0xDD, 0x1F, 0x62, 0xA7, 0xE1, 0x3B, 0x1C, 0x00, 0x78, 0xB1, 0x2E, 0x20,
        0x72, 0xA7, 0xE1, 0x3B, 0x1E, 0x00, 0x70, 0xB1, 0xA7, 0x20, 0x71, 0xA7, 0xE1, 0x3B, 0x20, 0x00, 0x60, 0xB1, 0x58, 0x21,
        0x52, 0xA7, 0xE2, 0x3B, 0x22, 0x00, 0x4B, 0xB1, 0x1B, 0x22, 0x1F, 0xA7, 0xE3, 0x3B, 0x25, 0x00, 0x2D, 0xB1, 0x00, 0x23,
        0xB9, 0xA6, 0xE4, 0x3B, 0x26, 0x00, 0x22, 0xB1, 0x52, 0x23, 0x8D, 0xA6, 0xE5, 0x3B, 0x27, 0x00, 0x14, 0xB1, 0xA7, 0x23,
        0x5B, 0xA6, 0xE5, 0x3B, 0x2A, 0x00, 0xE2, 0xB0, 0x41, 0x24, 0xB6, 0xA5, 0xE7, 0x3B, 0x2B, 0x00, 0xD1, 0xB0, 0x73, 0x24,
        0x79, 0xA5, 0xE8, 0x3B, 0x2D, 0x00, 0xB0, 0xB0, 0xF5, 0x24, 0xFB, 0xA4, 0xE9, 0x3B, 0x30, 0x00, 0x7A, 0xB0, 0x9F, 0x25,
        0x2B, 0xA4, 0xEB, 0x3B, 0x33, 0x00, 0x43, 0xB0, 0x2D, 0x26, 0x9F, 0xA2, 0xED, 0x3B, 0x36, 0x00, 0x0E, 0xB0, 0x9B, 0x26,
        0xDD, 0xA0, 0xEF, 0x3B, 0x38, 0x00, 0xD9, 0xAF, 0xE8, 0x26, 0x5A, 0x9F, 0xF0, 0x3B, 0x3A, 0x00, 0x9D, 0xAF, 0x32, 0x27,
        0xFA, 0x9C, 0xF1, 0x3B, 0x3D, 0x00, 0x43, 0xAF, 0x7E, 0x27, 0x3E, 0x97, 0xF2, 0x3B, 0x3E, 0x00, 0x25, 0xAF, 0x92, 0x27,
        0x67, 0x92, 0xF2, 0x3B, 0x40, 0x00, 0xF9, 0xAE, 0xBE, 0x27, 0x12, 0x14, 0xF3, 0x3B, 0x42, 0x00, 0xD4, 0xAE, 0xE4, 0x27,
        0x25, 0x19, 0xF3, 0x3B, 0x44, 0x00, 0xB5, 0xAE, 0xE5, 0x27, 0x26, 0x1C, 0xF4, 0x3B, 0x46, 0x00, 0x9F, 0xAE, 0xCA, 0x27,
        0x8A, 0x1D, 0xF4, 0x3B, 0x47, 0x00, 0x98, 0xAE, 0xBE, 0x27, 0x19, 0x1E, 0xF4, 0x3B, 0x48, 0x00, 0x95, 0xAE, 0xB0, 0x27,
        0x8F, 0x1E, 0xF4, 0x3B, 0x49, 0x00, 0x96, 0xAE, 0x9F, 0x27, 0xFA, 0x1E, 0xF4, 0x3B, 0x4A, 0x00, 0x9B, 0xAE, 0x82, 0x27,
        0x50, 0x1F, 0xF4, 0x3B, 0x4B, 0x00, 0xA2, 0xAE, 0x59, 0x27, 0x80, 0x1F, 0xF4, 0x3B, 0x4C, 0x00, 0xA9, 0xAE, 0x22, 0x27,
        0x8F, 0x1F, 0xF4, 0x3B, 0x4D, 0x00, 0xB3, 0xAE, 0xE3, 0x26, 0x86, 0x1F, 0xF4, 0x3B, 0x4E, 0x00, 0xC1, 0xAE, 0xA2, 0x26,
        0x78, 0x1F, 0xF4, 0x3B, 0x4F, 0x00, 0xD5, 0xAE, 0x5E, 0x26, 0x5E, 0x1F, 0xF4, 0x3B, 0x52, 0x00, 0x2A, 0xAF, 0x81, 0x25,
        0xD6, 0x1E, 0xF3, 0x3B, 0x55, 0x00, 0x89, 0xAF, 0x9F, 0x24, 0xD9, 0x1D, 0xF1, 0x3B, 0x57, 0x00, 0xD1, 0xAF, 0xF0, 0x23,
        0x0F, 0x1D, 0xF0, 0x3B, 0x5A, 0x00, 0x25, 0xB0, 0xD4, 0x21, 0xFD, 0x1B, 0xEF, 0x3B, 0x5D, 0x00, 0x64, 0xB0, 0xC3, 0x1F,
        0xB8, 0x18, 0xED, 0x3B, 0x5F, 0x00, 0x8C, 0xB0, 0x5A, 0x1D, 0x8E, 0x15, 0xEB, 0x3B, 0x61, 0x00, 0xB4, 0xB0, 0x00, 0x1A,
        0x7B, 0x12, 0xEA, 0x3B, 0x63, 0x00, 0xD7, 0xB0, 0x73, 0x13, 0x1E, 0x0C, 0xE8, 0x3B, 0x64, 0x00, 0xE5, 0xB0, 0x01, 0x00,
        0x00, 0x00, 0xE8, 0x3B, 0x1B, 0x00, 0x00, 0x00, 0x01, 0x00, 0x02, 0x00, 0x00, 0x00, 0x03, 0x00, 0xF1, 0x9D, 0x9C, 0x02,
        0x14, 0x80, 0x08, 0x00, 0x6E, 0xA4, 0x7A, 0x0D, 0xB2, 0x81, 0x0F, 0x00, 0x61, 0xA8, 0x44, 0x15, 0x7E, 0x84, 0x13, 0x00,
        0x74, 0xA9, 0x27, 0x18, 0x48, 0x80, 0x16, 0x00, 0x19, 0xAA, 0x40, 0x19, 0x1A, 0x04, 0x19, 0x00, 0x89, 0xAA, 0x0E, 0x1A,
        0xEE, 0x09, 0x1B, 0x00, 0xB1, 0xAA, 0x63, 0x1A, 0x96, 0x0C, 0x1D, 0x00, 0xBA, 0xAA, 0x81, 0x1A, 0x1B, 0x0E, 0x1F, 0x00,
        0xA0, 0xAA, 0x63, 0x1A, 0xFD, 0x0F, 0x22, 0x00, 0x46, 0xAA, 0xE8, 0x19, 0xCA, 0x11, 0x25, 0x00, 0xBC, 0xA9, 0x28, 0x19,
        0xD3, 0x12, 0x28, 0x00, 0x07, 0xA9, 0x37, 0x18, 0x79, 0x13, 0x2C, 0x00, 0xC7, 0xA7, 0xB6, 0x15, 0x8F, 0x13, 0x32, 0x00,
        0xA7, 0xA3, 0x33, 0x10, 0x3F, 0x11, 0x3A, 0x00, 0x38, 0x1E, 0x84, 0x86, 0x74, 0x8D, 0x3E, 0x00, 0xD9, 0x23, 0x1A, 0x88,
        0x5E, 0x93, 0x41, 0x00, 0x6F, 0x25, 0x4A, 0x84, 0x53, 0x95, 0x44, 0x00, 0xA4, 0x26, 0xB4, 0x02, 0x9B, 0x96, 0x47, 0x00,
        0x7A, 0x27, 0x5F, 0x09, 0x57, 0x97, 0x49, 0x00, 0xCA, 0x27, 0x69, 0x0B, 0x8B, 0x97, 0x4B, 0x00, 0xDD, 0x27, 0x58, 0x0C,
        0x5D, 0x97, 0x4E, 0x00, 0x95, 0x27, 0x62, 0x0C, 0x70, 0x96, 0x51, 0x00, 0xF0, 0x26, 0xC0, 0x0B, 0x2C, 0x95, 0x55, 0x00,
        0xA8, 0x25, 0x21, 0x09, 0xB8, 0x92, 0x60, 0x00, 0x0E, 0x1D, 0x4A, 0x00, 0xB0, 0x82, 0x64, 0x00, 0x01, 0x00, 0x02, 0x00,
        0x00, 0x00, 0x3C, 0x44, 0x92, 0xC3, 0x00, 0x00, 0x34, 0x00, 0x00, 0x00, 0xE5, 0xB0, 0x01, 0x00, 0x00, 0x00, 0xE8, 0x3B,
        0x01, 0x00, 0xEC, 0xB0, 0x98, 0x0F, 0x87, 0x94, 0xE8, 0x3B, 0x02, 0x00, 0xF0, 0xB0, 0xDF, 0x0F, 0x8D, 0x98, 0xE7, 0x3B,
        0x05, 0x00, 0x06, 0xB1, 0xAF, 0x10, 0xFB, 0x9D, 0xE7, 0x3B, 0x07, 0x00, 0x16, 0xB1, 0x72, 0x11, 0x4A, 0xA0, 0xE6, 0x3B,
        0x0C, 0x00, 0x3C, 0xB1, 0x5D, 0x16, 0x9B, 0xA3, 0xE4, 0x3B, 0x0E, 0x00, 0x4D, 0xB1, 0x7F, 0x17, 0x78, 0xA4, 0xE3, 0x3B,
        0x11, 0x00, 0x60, 0xB1, 0x3A, 0x1A, 0x6B, 0xA5, 0xE2, 0x3B, 0x14, 0x00, 0x71, 0xB1, 0x69, 0x1C, 0x42, 0xA6, 0xE2, 0x3B,
        0x15, 0x00, 0x76, 0xB1, 0xD2, 0x1C, 0x87, 0xA6, 0xE1, 0x3B, 0x17, 0x00, 0x7C, 0xB1, 0xC8, 0x1D, 0xF3, 0xA6, 0xE1, 0x3B,
        0x19, 0x00, 0x7C, 0xB1, 0xDE, 0x1E, 0x38, 0xA7, 0xE1, 0x3B, 0x1B, 0x00, 0x7A, 0xB1, 0xDD, 0x1F, 0x62, 0xA7, 0xE1, 0x3B,
        0x1C, 0x00, 0x78, 0xB1, 0x2E, 0x20, 0x72, 0xA7, 0xE1, 0x3B, 0x1E, 0x00, 0x70, 0xB1, 0xA7, 0x20, 0x71, 0xA7, 0xE1, 0x3B,
        0x20, 0x00, 0x60, 0xB1, 0x58, 0x21, 0x52, 0xA7, 0xE2, 0x3B, 0x22, 0x00, 0x4B, 0xB1, 0x1B, 0x22, 0x1F, 0xA7, 0xE3, 0x3B,
        0x25, 0x00, 0x2D, 0xB1, 0x00, 0x23, 0xB9, 0xA6, 0xE4, 0x3B, 0x26, 0x00, 0x22, 0xB1, 0x52, 0x23, 0x8D, 0xA6, 0xE5, 0x3B,
        0x27, 0x00, 0x14, 0xB1, 0xA7, 0x23, 0x5B, 0xA6, 0xE5, 0x3B, 0x2A, 0x00, 0xE2, 0xB0, 0x41, 0x24, 0xB6, 0xA5, 0xE7, 0x3B,
        0x2B, 0x00, 0xD1, 0xB0, 0x73, 0x24, 0x79, 0xA5, 0xE8, 0x3B, 0x2D, 0x00, 0xB0, 0xB0, 0xF5, 0x24, 0xFB, 0xA4, 0xE9, 0x3B,
        0x30, 0x00, 0x7A, 0xB0, 0x9F, 0x25, 0x2B, 0xA4, 0xEB, 0x3B, 0x33, 0x00, 0x43, 0xB0, 0x2D, 0x26, 0x9F, 0xA2, 0xED, 0x3B,
        0x36, 0x00, 0x0E, 0xB0, 0x9B, 0x26, 0xDD, 0xA0, 0xEF, 0x3B, 0x38, 0x00, 0xD9, 0xAF, 0xE8, 0x26, 0x5A, 0x9F, 0xF0, 0x3B,
        0x3A, 0x00, 0x9D, 0xAF, 0x32, 0x27, 0xFA, 0x9C, 0xF1, 0x3B, 0x3D, 0x00, 0x43, 0xAF, 0x7E, 0x27, 0x3E, 0x97, 0xF2, 0x3B,
        0x3E, 0x00, 0x25, 0xAF, 0x92, 0x27, 0x67, 0x92, 0xF2, 0x3B, 0x40, 0x00, 0xF9, 0xAE, 0xBE, 0x27, 0x12, 0x14, 0xF3, 0x3B,
        0x42, 0x00, 0xD4, 0xAE, 0xE4, 0x27, 0x25, 0x19, 0xF3, 0x3B, 0x44, 0x00, 0xB5, 0xAE, 0xE5, 0x27, 0x26, 0x1C, 0xF4, 0x3B,
        0x46, 0x00, 0x9F, 0xAE, 0xCA, 0x27, 0x8A, 0x1D, 0xF4, 0x3B, 0x47, 0x00, 0x98, 0xAE, 0xBE, 0x27, 0x19, 0x1E, 0xF4, 0x3B,
        0x48, 0x00, 0x95, 0xAE, 0xB0, 0x27, 0x8F, 0x1E, 0xF4, 0x3B, 0x49, 0x00, 0x96, 0xAE, 0x9F, 0x27, 0xFA, 0x1E, 0xF4, 0x3B,
        0x4A, 0x00, 0x9B, 0xAE, 0x82, 0x27, 0x50, 0x1F, 0xF4, 0x3B, 0x4B, 0x00, 0xA2, 0xAE, 0x59, 0x27, 0x80, 0x1F, 0xF4, 0x3B,
        0x4C, 0x00, 0xA9, 0xAE, 0x22, 0x27, 0x8F, 0x1F, 0xF4, 0x3B, 0x4D, 0x00, 0xB3, 0xAE, 0xE3, 0x26, 0x86, 0x1F, 0xF4, 0x3B,
        0x4E, 0x00, 0xC1, 0xAE, 0xA2, 0x26, 0x78, 0x1F, 0xF4, 0x3B, 0x4F, 0x00, 0xD5, 0xAE, 0x5E, 0x26, 0x5E, 0x1F, 0xF4, 0x3B,
        0x52, 0x00, 0x2A, 0xAF, 0x81, 0x25, 0xD6, 0x1E, 0xF3, 0x3B, 0x55, 0x00, 0x89, 0xAF, 0x9F, 0x24, 0xD9, 0x1D, 0xF1, 0x3B,
        0x57, 0x00, 0xD1, 0xAF, 0xF0, 0x23, 0x0F, 0x1D, 0xF0, 0x3B, 0x5A, 0x00, 0x25, 0xB0, 0xD4, 0x21, 0xFD, 0x1B, 0xEF, 0x3B,
        0x5D, 0x00, 0x64, 0xB0, 0xC3, 0x1F, 0xB8, 0x18, 0xED, 0x3B, 0x5F, 0x00, 0x8C, 0xB0, 0x5A, 0x1D, 0x8E, 0x15, 0xEB, 0x3B,
        0x61, 0x00, 0xB4, 0xB0, 0x00, 0x1A, 0x7B, 0x12, 0xEA, 0x3B, 0x63, 0x00, 0xD7, 0xB0, 0x73, 0x13, 0x1E, 0x0C, 0xE8, 0x3B,
        0x64, 0x00, 0xE5, 0xB0, 0x01, 0x00, 0x00, 0x00, 0xE8, 0x3B, 0x1B, 0x00, 0x00, 0x00, 0x01, 0x00, 0x02, 0x00, 0x00, 0x00,
        0x03, 0x00, 0xF1, 0x9D, 0x9C, 0x02, 0x14, 0x80, 0x08, 0x00, 0x6E, 0xA4, 0x7A, 0x0D, 0xB2, 0x81, 0x0F, 0x00, 0x61, 0xA8,
        0x44, 0x15, 0x7E, 0x84, 0x13, 0x00, 0x74, 0xA9, 0x27, 0x18, 0x48, 0x80, 0x16, 0x00, 0x19, 0xAA, 0x40, 0x19, 0x1A, 0x04,
        0x19, 0x00, 0x89, 0xAA, 0x0E, 0x1A, 0xEE, 0x09, 0x1B, 0x00, 0xB1, 0xAA, 0x63, 0x1A, 0x96, 0x0C, 0x1D, 0x00, 0xBA, 0xAA,
        0x81, 0x1A, 0x1B, 0x0E, 0x1F, 0x00, 0xA0, 0xAA, 0x63, 0x1A, 0xFD, 0x0F, 0x22, 0x00, 0x46, 0xAA, 0xE8, 0x19, 0xCA, 0x11,
        0x25, 0x00, 0xBC, 0xA9, 0x28, 0x19, 0xD3, 0x12, 0x28, 0x00, 0x07, 0xA9, 0x37, 0x18, 0x79, 0x13, 0x2C, 0x00, 0xC7, 0xA7,
        0xB6, 0x15, 0x8F, 0x13, 0x32, 0x00, 0xA7, 0xA3, 0x33, 0x10, 0x3F, 0x11, 0x3A, 0x00, 0x38, 0x1E, 0x84, 0x86, 0x74, 0x8D,
        0x3E, 0x00, 0xD9, 0x23, 0x1A, 0x88, 0x5E, 0x93, 0x41, 0x00, 0x6F, 0x25, 0x4A, 0x84, 0x53, 0x95, 0x44, 0x00, 0xA4, 0x26,
        0xB4, 0x02, 0x9B, 0x96, 0x47, 0x00, 0x7A, 0x27, 0x5F, 0x09, 0x57, 0x97, 0x49, 0x00, 0xCA, 0x27, 0x69, 0x0B, 0x8B, 0x97,
        0x4B, 0x00, 0xDD, 0x27, 0x58, 0x0C, 0x5D, 0x97, 0x4E, 0x00, 0x95, 0x27, 0x62, 0x0C, 0x70, 0x96, 0x51, 0x00, 0xF0, 0x26,
        0xC0, 0x0B, 0x2C, 0x95, 0x55, 0x00, 0xA8, 0x25, 0x21, 0x09, 0xB8, 0x92, 0x60, 0x00, 0x0E, 0x1D, 0x4A, 0x00, 0xB0, 0x82,
        0x64, 0x00, 0x01, 0x00, 0x02, 0x00, 0x00, 0x00, 0xB8, 0xE7, 0x9A, 0xE1, 0x00, 0x00, 0x3F, 0x00, 0x00, 0x00, 0xE5, 0x30,
        0x03, 0x80, 0x00, 0x80, 0xE8, 0x3B, 0x01, 0x00, 0xEC, 0x30, 0x3F, 0x8E, 0x9A, 0x14, 0xE8, 0x3B, 0x02, 0x00, 0xF0, 0x30,
        0x2B, 0x8D, 0xA0, 0x18, 0xE7, 0x3B, 0x04, 0x00, 0xFE, 0x30, 0x96, 0x83, 0xC5, 0x1C, 0xE7, 0x3B, 0x07, 0x00, 0x16, 0x31,
        0xC6, 0x0F, 0x62, 0x20, 0xE6, 0x3B, 0x0B, 0x00, 0x34, 0x31, 0xEB, 0x14, 0x28, 0x23, 0xE5, 0x3B, 0x0E, 0x00, 0x4C, 0x31,
        0x30, 0x18, 0xA1, 0x24, 0xE3, 0x3B, 0x10, 0x00, 0x59, 0x31, 0x8F, 0x18, 0x51, 0x25, 0xE3, 0x3B, 0x12, 0x00, 0x65, 0x31,
        0x88, 0x18, 0xF8, 0x25, 0xE2, 0x3B, 0x15, 0x00, 0x74, 0x31, 0xE7, 0x18, 0xD7, 0x26, 0xE1, 0x3B, 0x16, 0x00, 0x77, 0x31,
        0xE9, 0x18, 0x18, 0x27, 0xE1, 0x3B, 0x17, 0x00, 0x7A, 0x31, 0xE0, 0x18, 0x4E, 0x27, 0xE1, 0x3B, 0x19, 0x00, 0x7A, 0x31,
        0x97, 0x18, 0x9E, 0x27, 0xE1, 0x3B, 0x1A, 0x00, 0x79, 0x31, 0x51, 0x18, 0xBD, 0x27, 0xE1, 0x3B, 0x1C, 0x00, 0x75, 0x31,
        0x9B, 0x17, 0xE4, 0x27, 0xE1, 0x3B, 0x1D, 0x00, 0x71, 0x31, 0x23, 0x17, 0xEB, 0x27, 0xE1, 0x3B, 0x1E, 0x00, 0x6D, 0x31,
        0x4E, 0x16, 0xE9, 0x27, 0xE1, 0x3B, 0x1F, 0x00, 0x66, 0x31, 0xDE, 0x14, 0xDE, 0x27, 0xE2, 0x3B, 0x20, 0x00, 0x5E, 0x31,
        0xA3, 0x11, 0xCE, 0x27, 0xE2, 0x3B, 0x22, 0x00, 0x48, 0x31, 0x6F, 0x90, 0x9A, 0x27, 0xE3, 0x3B, 0x25, 0x00, 0x2A, 0x31,
        0x79, 0x98, 0x31, 0x27, 0xE4, 0x3B, 0x26, 0x00, 0x1F, 0x31, 0xC7, 0x99, 0x05, 0x27, 0xE5, 0x3B, 0x28, 0x00, 0x02, 0x31,
        0x3E, 0x9C, 0x9E, 0x26, 0xE6, 0x3B, 0x2A, 0x00, 0xE0, 0x30, 0x8E, 0x9D, 0x27, 0x26, 0xE7, 0x3B, 0x2B, 0x00, 0xCF, 0x30,
        0x71, 0x9E, 0xE8, 0x25, 0xE8, 0x3B, 0x2D, 0x00, 0xAE, 0x30, 0x59, 0xA0, 0x64, 0x25, 0xE9, 0x3B, 0x2F, 0x00, 0x8B, 0x30,
        0x65, 0xA1, 0xD7, 0x24, 0xEB, 0x3B, 0x32, 0x00, 0x54, 0x30, 0xD8, 0xA2, 0xEB, 0x23, 0xED, 0x3B, 0x34, 0x00, 0x30, 0x30,
        0xAF, 0xA3, 0xB2, 0x22, 0xEE, 0x3B, 0x35, 0x00, 0x1F, 0x30, 0x06, 0xA4, 0x15, 0x22, 0xEF, 0x3B, 0x36, 0x00, 0x0D, 0x30,
        0x37, 0xA4, 0x79, 0x21, 0xEF, 0x3B, 0x38, 0x00, 0xD8, 0x2F, 0xA3, 0xA4, 0x3C, 0x20, 0xF0, 0x3B, 0x3A, 0x00, 0x9C, 0x2F,
        0x0D, 0xA5, 0x01, 0x1E, 0xF1, 0x3B, 0x3C, 0x00, 0x5F, 0x2F, 0x65, 0xA5, 0x84, 0x1B, 0xF2, 0x3B, 0x3E, 0x00, 0x25, 0x2F,
        0xAB, 0xA5, 0x9E, 0x16, 0xF3, 0x3B, 0x3F, 0x00, 0x0D, 0x2F, 0xD1, 0xA5, 0x63, 0x11, 0xF3, 0x3B, 0x40, 0x00, 0xF8, 0x2E,
        0xF9, 0xA5, 0xCF, 0x8B, 0xF3, 0x3B, 0x42, 0x00, 0xD4, 0x2E, 0x42, 0xA6, 0x7D, 0x97, 0xF4, 0x3B, 0x43, 0x00, 0xC4, 0x2E,
        0x59, 0xA6, 0x60, 0x99, 0xF4, 0x3B, 0x44, 0x00, 0xB5, 0x2E, 0x65, 0xA6, 0x08, 0x9B, 0xF4, 0x3B, 0x45, 0x00, 0xA9, 0x2E,
        0x6A, 0xA6, 0x4C, 0x9C, 0xF4, 0x3B, 0x46, 0x00, 0x9F, 0x2E, 0x6D, 0xA6, 0xF9, 0x9C, 0xF4, 0x3B, 0x47, 0x00, 0x98, 0x2E,
        0x72, 0xA6, 0x8F, 0x9D, 0xF4, 0x3B, 0x48, 0x00, 0x95, 0x2E, 0x75, 0xA6, 0x0D, 0x9E, 0xF4, 0x3B, 0x49, 0x00, 0x96, 0x2E,
        0x75, 0xA6, 0x7F, 0x9E, 0xF4, 0x3B, 0x4A, 0x00, 0x9B, 0x2E, 0x6A, 0xA6, 0xDB, 0x9E, 0xF4, 0x3B, 0x4B, 0x00, 0xA2, 0x2E,
        0x52, 0xA6, 0x12, 0x9F, 0xF4, 0x3B, 0x4C, 0x00, 0xAA, 0x2E, 0x2C, 0xA6, 0x28, 0x9F, 0xF4, 0x3B, 0x4D, 0x00, 0xB4, 0x2E,
        0xFF, 0xA5, 0x26, 0x9F, 0xF4, 0x3B, 0x4E, 0x00, 0xC2, 0x2E, 0xCF, 0xA5, 0x1E, 0x9F, 0xF4, 0x3B, 0x4F, 0x00, 0xD6, 0x2E,
        0x9D, 0xA5, 0x0B, 0x9F, 0xF4, 0x3B, 0x50, 0x00, 0xF0, 0x2E, 0x67, 0xA5, 0xEF, 0x9E, 0xF3, 0x3B, 0x52, 0x00, 0x2B, 0x2F,
        0xEC, 0xA4, 0x93, 0x9E, 0xF3, 0x3B, 0x55, 0x00, 0x89, 0x2F, 0x32, 0xA4, 0xA6, 0x9D, 0xF1, 0x3B, 0x56, 0x00, 0xAC, 0x2F,
        0xDF, 0xA3, 0x44, 0x9D, 0xF1, 0x3B, 0x57, 0x00, 0xD1, 0x2F, 0x4D, 0xA3, 0xE7, 0x9C, 0xF0, 0x3B, 0x5A, 0x00, 0x25, 0x30,
        0x6A, 0xA1, 0xC6, 0x9B, 0xEF, 0x3B, 0x5C, 0x00, 0x4F, 0x30, 0x3E, 0xA0, 0xCD, 0x99, 0xED, 0x3B, 0x5D, 0x00, 0x64, 0x30,
        0x5E, 0x9F, 0x9C, 0x98, 0xED, 0x3B, 0x5F, 0x00, 0x8C, 0x30, 0x1D, 0x9D, 0x6C, 0x95, 0xEB, 0x3B, 0x61, 0x00, 0xB4, 0x30,
        0xDA, 0x99, 0x64, 0x92, 0xEA, 0x3B, 0x63, 0x00, 0xD7, 0x30, 0x62, 0x93, 0x18, 0x8C, 0xE8, 0x3B, 0x64, 0x00, 0xE5, 0x30,
        0x03, 0x80, 0x00, 0x80, 0xE8, 0x3B, 0x40, 0x00, 0x00, 0x00, 0xE5, 0x30, 0x0B, 0xAB, 0x15, 0x33, 0x46, 0xCE, 0xBA, 0x3F,
        0x2C, 0x15, 0xAC, 0xB4, 0x02, 0x00, 0xE5, 0x30, 0x55, 0x7A, 0x81, 0x3B, 0xD9, 0xCE, 0xBB, 0x3F, 0xF6, 0x97, 0x9E, 0xB8,
        0x04, 0x00, 0xE5, 0x30, 0x3F, 0x67, 0x01, 0x3C, 0xDC, 0xEF, 0xBC, 0x3F, 0xC9, 0x93, 0x28, 0xB9, 0x07, 0x00, 0xE5, 0x30,
        0x02, 0x37, 0x6A, 0x3C, 0x00, 0xCB, 0xBE, 0x3F, 0xDD, 0xBF, 0x9D, 0xB9, 0x0D, 0x00, 0xE5, 0x30, 0x6C, 0x29, 0xE2, 0x3C,
        0x92, 0x96, 0xC2, 0x3F, 0xFB, 0x03, 0x0C, 0xBA, 0x0F, 0x00, 0xE5, 0x30, 0x9C, 0x82, 0x02, 0x3D, 0xF3, 0xC8, 0xC3, 0x3F,
        0x65, 0xD3, 0x1C, 0xBA, 0x11, 0x00, 0xE5, 0x30, 0xFC, 0x27, 0x14, 0x3D, 0x19, 0xE2, 0xC4, 0x3F, 0xC4, 0x8B, 0x29, 0xBA,
        0x13, 0x00, 0xE5, 0x30, 0xCD, 0xF7, 0x23, 0x3D, 0x6A, 0xDE, 0xC5, 0x3F, 0xF9, 0xFE, 0x33, 0xBA, 0x14, 0x00, 0xE5, 0x30,
        0xA3, 0xFE, 0x2A, 0x3D, 0xCA, 0x4F, 0xC6, 0x3F, 0xE2, 0x79, 0x38, 0xBA, 0x15, 0x00, 0xE5, 0x30, 0x6C, 0x89, 0x31, 0x3D,
        0xFD, 0xB7, 0xC6, 0x3F, 0xBA, 0x86, 0x3C, 0xBA, 0x16, 0x00, 0xE5, 0x30, 0xE3, 0x9A, 0x37, 0x3D, 0xBE, 0x13, 0xC7, 0x3F,
        0x34, 0x9B, 0x3F, 0xBA, 0x17, 0x00, 0xE5, 0x30, 0xF1, 0x05, 0x3D, 0x3D, 0xC0, 0x60, 0xC7, 0x3F, 0xC9, 0x5D, 0x41, 0xBA,
        0x18, 0x00, 0xE5, 0x30, 0x7B, 0xBD, 0x41, 0x3D, 0x06, 0x9E, 0xC7, 0x3F, 0x1E, 0xD6, 0x41, 0xBA, 0x19, 0x00, 0xE5, 0x30,
        0x7A, 0xD6, 0x45, 0x3D, 0x92, 0xCB, 0xC7, 0x3F, 0x28, 0x44, 0x41, 0xBA, 0x1A, 0x00, 0xE5, 0x30, 0x65, 0x36, 0x49, 0x3D,
        0x60, 0xEA, 0xC7, 0x3F, 0x91, 0x2A, 0x40, 0xBA, 0x1B, 0x00, 0xE5, 0x30, 0xB5, 0xAA, 0x4B, 0x3D, 0xCA, 0xF8, 0xC7, 0x3F,
        0x00, 0x68, 0x3E, 0xBA, 0x1C, 0x00, 0xE5, 0x30, 0xEC, 0x26, 0x4D, 0x3D, 0xD3, 0xF6, 0xC7, 0x3F, 0x98, 0xEA, 0x3B, 0xBA,
        0x1D, 0x00, 0xE5, 0x30, 0x61, 0x96, 0x4D, 0x3D, 0xC9, 0xE5, 0xC7, 0x3F, 0xD6, 0xB4, 0x38, 0xBA, 0x1E, 0x00, 0xE5, 0x30,
        0x7A, 0x39, 0x4D, 0x3D, 0xB9, 0xC2, 0xC7, 0x3F, 0x77, 0xFC, 0x33, 0xBA, 0x1F, 0x00, 0xE5, 0x30, 0x8C, 0x5C, 0x4C, 0x3D,
        0xA4, 0x8D, 0xC7, 0x3F, 0x12, 0x16, 0x2D, 0xBA, 0x20, 0x00, 0xE5, 0x30, 0xDE, 0x2E, 0x4B, 0x3D, 0x27, 0x49, 0xC7, 0x3F,
        0x7F, 0xD3, 0x23, 0xBA, 0x21, 0x00, 0xE5, 0x30, 0x50, 0x9E, 0x49, 0x3D, 0x45, 0xF5, 0xC6, 0x3F, 0x98, 0xD8, 0x17, 0xBA,
        0x22, 0x00, 0xE5, 0x30, 0xEA, 0x4E, 0x47, 0x3D, 0x92, 0x96, 0xC6, 0x3F, 0x8C, 0x98, 0x0A, 0xBA, 0x24, 0x00, 0xE5, 0x30,
        0x53, 0x4D, 0x40, 0x3D, 0x8B, 0xC3, 0xC5, 0x3F, 0xFE, 0x5E, 0xDF, 0xB9, 0x25, 0x00, 0xE5, 0x30, 0xFB, 0xEB, 0x3B, 0x3D,
        0x37, 0x4F, 0xC5, 0x3F, 0xCD, 0x59, 0xC3, 0xB9, 0x26, 0x00, 0xE5, 0x30, 0xFF, 0x39, 0x37, 0x3D, 0x70, 0xCE, 0xC4, 0x3F,
        0xE7, 0xDE, 0xA0, 0xB9, 0x27, 0x00, 0xE5, 0x30, 0xE6, 0x0E, 0x32, 0x3D, 0x39, 0x40, 0xC4, 0x3F, 0xB8, 0xE6, 0x6B, 0xB9,
        0x28, 0x00, 0xE5, 0x30, 0xB9, 0x71, 0x2C, 0x3D, 0xE7, 0xA4, 0xC3, 0x3F, 0xC7, 0x4C, 0x03, 0xB9, 0x2B, 0x00, 0xE5, 0x30,
        0xBD, 0x72, 0x19, 0x3D, 0x4F, 0xAA, 0xC1, 0x3F, 0x19, 0xC8, 0x72, 0x39, 0x2D, 0x00, 0xE5, 0x30, 0x10, 0x60, 0x0D, 0x3D,
        0xD8, 0x42, 0xC0, 0x3F, 0x16, 0x9B, 0x07, 0x3A, 0x2F, 0x00, 0xE5, 0x30, 0xF6, 0x6E, 0xFF, 0x3C, 0x07, 0xC9, 0xBE, 0x3F,
        0x74, 0x7C, 0x5D, 0x3A, 0x33, 0x00, 0xE5, 0x30, 0xA5, 0x5B, 0xC2, 0x3C, 0xA6, 0xB3, 0xBB, 0x3F, 0xC1, 0x40, 0xD4, 0x3A,
        0x38, 0x00, 0xE5, 0x30, 0xF8, 0xC5, 0x5F, 0x3C, 0x06, 0xD8, 0xB7, 0x3F, 0x5A, 0x3D, 0x2F, 0x3B, 0x3D, 0x00, 0xE5, 0x30,
        0xAA, 0xA7, 0x8C, 0x3B, 0x6F, 0x0D, 0xB4, 0x3F, 0x25, 0x51, 0x76, 0x3B, 0x3E, 0x00, 0xE5, 0x30, 0x9A, 0x60, 0x25, 0x3B,
        0xEF, 0x55, 0xB3, 0x3F, 0x86, 0x0A, 0x82, 0x3B, 0x3F, 0x00, 0xE5, 0x30, 0xAB, 0x94, 0x68, 0x3A, 0x9C, 0xA7, 0xB2, 0x3F,
        0xB1, 0x4F, 0x88, 0x3B, 0x40, 0x00, 0xE5, 0x30, 0xE4, 0x5C, 0x1F, 0xBA, 0x1D, 0x03, 0xB2, 0x3F, 0x1D, 0xE5, 0x8D, 0x3B,
        0x42, 0x00, 0xE5, 0x30, 0xB7, 0x30, 0x58, 0xBB, 0xFD, 0xD4, 0xB0, 0x3F, 0x6E, 0xB5, 0x97, 0x3B, 0x43, 0x00, 0xE5, 0x30,
        0x4A, 0x2E, 0x97, 0xBB, 0x0E, 0x4A, 0xB0, 0x3F, 0xF9, 0x07, 0x9C, 0x3B, 0x44, 0x00, 0xE5, 0x30, 0x6C, 0xA5, 0xC1, 0xBB,
        0x46, 0xC9, 0xAF, 0x3F, 0xB5, 0xDF, 0x9F, 0x3B, 0x45, 0x00, 0xE5, 0x30, 0x9A, 0x1C, 0xEA, 0xBB, 0xA4, 0x53, 0xAF, 0x3F,
        0x64, 0x17, 0xA3, 0x3B, 0x46, 0x00, 0xE5, 0x30, 0x2F, 0x86, 0x06, 0xBC, 0x70, 0xEB, 0xAE, 0x3F, 0xBB, 0x8F, 0xA5, 0x3B,
        0x47, 0x00, 0xE5, 0x30, 0xA3, 0xDF, 0x14, 0xBC, 0xA7, 0x91, 0xAE, 0x3F, 0xE6, 0x4A, 0xA7, 0x3B, 0x48, 0x00, 0xE5, 0x30,
        0x7C, 0x12, 0x20, 0xBC, 0x45, 0x47, 0xAE, 0x3F, 0xE1, 0x2A, 0xA8, 0x3B, 0x49, 0x00, 0xE5, 0x30, 0x51, 0x58, 0x28, 0xBC,
        0x87, 0x11, 0xAE, 0x3F, 0x6A, 0xA5, 0xA7, 0x3B, 0x4A, 0x00, 0xE5, 0x30, 0x23, 0x02, 0x2F, 0xBC, 0xC7, 0xEF, 0xAD, 0x3F,
        0xB7, 0xFE, 0xA5, 0x3B, 0x4B, 0x00, 0xE5, 0x30, 0x96, 0x82, 0x34, 0xBC, 0x16, 0xDE, 0xAD, 0x3F, 0xB9, 0xC6, 0xA3, 0x3B,
        0x4C, 0x00, 0xE5, 0x30, 0xBA, 0xFD, 0x38, 0xBC, 0x1E, 0xDC, 0xAD, 0x3F, 0xD7, 0x13, 0xA1, 0x3B, 0x4D, 0x00, 0xE5, 0x30,
        0xAB, 0xDE, 0x3B, 0xBC, 0x89, 0xEA, 0xAD, 0x3F, 0x2E, 0xD3, 0x9D, 0x3B, 0x4E, 0x00, 0xE5, 0x30, 0xF3, 0x61, 0x3C, 0xBC,
        0x99, 0x0D, 0xAE, 0x3F, 0xFE, 0x50, 0x99, 0x3B, 0x4F, 0x00, 0xE5, 0x30, 0x6F, 0xF0, 0x3A, 0xBC, 0x49, 0x46, 0xAE, 0x3F,
        0x8B, 0x6B, 0x93, 0x3B, 0x50, 0x00, 0xE5, 0x30, 0x59, 0xAD, 0x37, 0xBC, 0xF3, 0x93, 0xAE, 0x3F, 0x25, 0x45, 0x8C, 0x3B,
        0x51, 0x00, 0xE5, 0x30, 0xB3, 0x63, 0x33, 0xBC, 0x4D, 0xF3, 0xAE, 0x3F, 0xCD, 0x5C, 0x84, 0x3B, 0x52, 0x00, 0xE5, 0x30,
        0x0E, 0xDF, 0x2D, 0xBC, 0x1C, 0x5F, 0xAF, 0x3F, 0x3A, 0xCC, 0x78, 0x3B, 0x53, 0x00, 0xE5, 0x30, 0x6C, 0x6E, 0x26, 0xBC,
        0xB6, 0xD6, 0xAF, 0x3F, 0xEA, 0xCF, 0x68, 0x3B, 0x55, 0x00, 0xE5, 0x30, 0x63, 0x80, 0x12, 0xBC, 0xC1, 0xE2, 0xB0, 0x3F,
        0x72, 0x52, 0x49, 0x3B, 0x56, 0x00, 0xE5, 0x30, 0xCB, 0xAD, 0x07, 0xBC, 0xDD, 0x76, 0xB1, 0x3F, 0xB1, 0x2C, 0x39, 0x3B,
        0x58, 0x00, 0xE5, 0x30, 0x82, 0xDA, 0xE6, 0xBB, 0x38, 0xBE, 0xB2, 0x3F, 0x86, 0x82, 0x16, 0x3B, 0x5B, 0x00, 0xE5, 0x30,
        0xCA, 0x7A, 0xA8, 0xBB, 0xC4, 0xCE, 0xB4, 0x3F, 0x83, 0xF0, 0xCA, 0x3A, 0x5F, 0x00, 0xE5, 0x30, 0xA9, 0x23, 0x19, 0xBB,
        0x93, 0xA4, 0xB7, 0x3F, 0xE8, 0x46, 0x38, 0x3A, 0x61, 0x00, 0xE5, 0x30, 0x7A, 0xE5, 0xA4, 0xBA, 0x93, 0x00, 0xB9, 0x3F,
        0x7F, 0xB1, 0xBF, 0x39, 0x62, 0x00, 0xE5, 0x30, 0xA9, 0x94, 0x4C, 0xBA, 0x0D, 0xA6, 0xB9, 0x3F, 0x3C, 0x4E, 0x67, 0x39,
        0x63, 0x00, 0xE5, 0x30, 0x78, 0xE6, 0xBB, 0xB9, 0x64, 0x40, 0xBA, 0x3F, 0x30, 0xF8, 0xCF, 0x38, 0x64, 0x00, 0xE5, 0x30,
        0x1A, 0xC6, 0x26, 0x33, 0x46, 0xCE, 0xBA, 0x3F, 0x2C, 0x15, 0xAC, 0xB4,
    };
    inline constexpr uint8_t kHoverLod[] = {
        0x50, 0x41, 0x52, 0x20, 0x02, 0x03, 0x00, 0x01, 0x02, 0x03, 0x04, 0x05, 0x06, 0x07, 0x08, 0x09, 0x9F, 0x01, 0x00, 0x00,
        0xF2, 0xB7, 0xCC, 0x1D, 0x00, 0x00, 0x80, 0x3F, 0x00, 0x00, 0x80, 0x3F, 0x00, 0x00, 0x80, 0x3F, 0x07, 0x00, 0xD0, 0x33,
        0xD7, 0xBF, 0xEF, 0x33, 0xD5, 0xFF, 0x6F, 0x32, 0x00, 0x00, 0x80, 0x3F, 0x60, 0x58, 0x49, 0xAE, 0x36, 0x33, 0x85, 0x1B,
        0xC1, 0x51, 0xB5, 0xAF, 0x00, 0x00, 0x80, 0x3F, 0x00, 0x00, 0x80, 0x3F, 0x00, 0x00, 0x80, 0x3F, 0x07, 0x00, 0xD0, 0x33,
        0xD7, 0xBF, 0xEF, 0x33, 0xD5, 0xFF, 0x6F, 0x32, 0x00, 0x00, 0x80, 0x3F, 0x60, 0x58, 0x49, 0xAE, 0x36, 0x33, 0x85, 0x1B,
        0xC1, 0x51, 0xB5, 0xAF, 0x00, 0x00, 0x00, 0x00, 0x56, 0x55, 0x55, 0x40, 0x05, 0x00, 0x00, 0x00, 0x01, 0x00, 0x01, 0x00,
        0x00, 0x00, 0x00, 0x00, 0xA2, 0x00, 0x00, 0x00, 0x38, 0xB9, 0x77, 0x37, 0x00, 0x02, 0x00, 0x00, 0x00, 0x00, 0x40, 0x11,
        0x00, 0x00, 0x00, 0x40, 0x02, 0x00, 0x00, 0x00, 0x00, 0x11, 0x00, 0x00, 0x00, 0xB8, 0xE7, 0x9A, 0xE1, 0x00, 0x00, 0x08,
        0x00, 0x00, 0x00, 0xE5, 0x30, 0x03, 0x80, 0x00, 0x80, 0xE8, 0x3B, 0x15, 0x00, 0x74, 0x31, 0xE7, 0x18, 0xD7, 0x26, 0xE1,
        0x3B, 0x1E, 0x00, 0x6D, 0x31, 0x4E, 0x16, 0xE9, 0x27, 0xE1, 0x3B, 0x28, 0x00, 0x02, 0x31, 0x3E, 0x9C, 0x9E, 0x26, 0xE6,
        0x3B, 0x3E, 0x00, 0x25, 0x2F, 0xAB, 0xA5, 0x9E, 0x16, 0xF3, 0x3B, 0x48, 0x00, 0x95, 0x2E, 0x75, 0xA6, 0x0D, 0x9E, 0xF4,
        0x3B, 0x50, 0x00, 0xF0, 0x2E, 0x67, 0xA5, 0xEF, 0x9E, 0xF3, 0x3B, 0x64, 0x00, 0xE5, 0x30, 0x03, 0x80, 0x00, 0x80, 0xE8,
        0x3B, 0x08, 0x00, 0x00, 0x00, 0x01, 0x00, 0xD6, 0x3D, 0x05, 0x80, 0x13, 0x00, 0x20, 0x29, 0x2F, 0x3E, 0xA0, 0x91, 0x1B,
        0x00, 0x5D, 0x2A, 0x40, 0x3E, 0xF3, 0x91, 0x27, 0x00, 0x90, 0x29, 0x22, 0x3E, 0x5F, 0x8B, 0x3F, 0x00, 0x45, 0x13, 0x95,
        0x3D, 0x42, 0x1C, 0x49, 0x00, 0x43, 0xA1, 0x71, 0x3D, 0x3D, 0x1D, 0x53, 0x00, 0x33, 0xA1, 0x7F, 0x3D, 0x46, 0x1B, 0x64,
        0x00, 0x01, 0x00, 0xD6, 0x3D, 0x05, 0x80,
    };
    inline constexpr uint8_t kIdleMeta[] = {
        0xFF, 0xFF, 0x04, 0x00, 0x00, 0x00, 0x00, 0x00, 0x00, 0x00, 0x00, 0x00, 0x00, 0x00, 0x0F, 0x00, 0x00, 0x00, 0x01, 0x00,
        0x11, 0x00, 0x00, 0x00, 0x41, 0x6E, 0x69, 0x6D, 0x61, 0x74, 0x69, 0x6F, 0x6E, 0x4D, 0x65, 0x74, 0x61, 0x44, 0x61, 0x74,
        0x61, 0x00, 0x00, 0x00, 0x00, 0x00, 0x00, 0x01, 0x00, 0x00, 0x00, 0x51, 0x00, 0x00, 0x00, 0x00, 0x00, 0x00, 0x00, 0xFF,
        0xFF, 0xFF, 0xFF, 0xFF, 0xFF, 0xFF, 0xFF, 0x4B, 0x00, 0x00, 0x00, 0x06, 0x00, 0x00, 0x00, 0x00, 0x00, 0x00, 0x00, 0x00,
        0x00, 0x05, 0x00, 0x00, 0x00, 0x00, 0x00, 0x00, 0x00, 0x00, 0x0C, 0x00, 0x00, 0x00, 0x00, 0x56, 0x55, 0x55, 0x40,
    };
    inline constexpr uint8_t kKliffIdleClip[] = {
        0x50, 0x41, 0x52, 0x20, 0x02, 0x03, 0x00, 0x01, 0x02, 0x03, 0x04, 0x05, 0x06, 0x07, 0x08, 0x09, 0x0F, 0x00, 0x00, 0xC0,
        0x12, 0x00, 0xEB, 0x82, 0xA8, 0xEC, 0x9E, 0x90, 0x3B, 0xEB, 0xB9, 0x97, 0xEC, 0x9E, 0x90, 0xEB, 0xA3, 0xA8, 0x3B, 0x00,
        0x00, 0x00, 0x80, 0x3F, 0x00, 0x00, 0x80, 0x3F, 0x00, 0x00, 0x80, 0x3F, 0x1F, 0x00, 0x00, 0xB0, 0xF1, 0xE2, 0x35, 0xB4,
        0xE6, 0xEF, 0x7F, 0xB4, 0x00, 0x00, 0x80, 0x3F, 0x17, 0xA9, 0x1F, 0xB3, 0xF4, 0x35, 0xAD, 0x3F, 0x5E, 0x29, 0xC6, 0x3E,
        0x00, 0x00, 0x80, 0x3F, 0x00, 0x00, 0x80, 0x3F, 0x00, 0x00, 0x80, 0x3F, 0x1F, 0x00, 0x00, 0xB0, 0xF1, 0xE2, 0x35, 0xB4,
        0xE6, 0xEF, 0x7F, 0xB4, 0x00, 0x00, 0x80, 0x3F, 0xF0, 0xC3, 0x23, 0xB3, 0xFC, 0xA9, 0xB1, 0x3F, 0x9E, 0x41, 0xCB, 0x3E,
        0x71, 0xE5, 0x78, 0x3F, 0x56, 0x55, 0x55, 0x40, 0x44, 0x00, 0x06, 0x00, 0x50, 0x3A, 0x00, 0x00, 0x6C, 0x14, 0xBB, 0x50,
        0x00, 0x00, 0x3A, 0x00, 0x00, 0x00, 0x86, 0xB0, 0x0E, 0x80, 0x03, 0x80, 0xEB, 0x3B, 0x01, 0x00, 0x8D, 0xB0, 0x73, 0x0E,
        0x95, 0x94, 0xEB, 0x3B, 0x03, 0x00, 0x98, 0xB0, 0x02, 0x0C, 0x0A, 0x9B, 0xEB, 0x3B, 0x07, 0x00, 0xB7, 0xB0, 0x0E, 0x8E,
        0x64, 0xA0, 0xEA, 0x3B, 0x0B, 0x00, 0xD5, 0xB0, 0x55, 0x94, 0x2A, 0xA3, 0xE8, 0x3B, 0x0E, 0x00, 0xED, 0xB0, 0x84, 0x97,
        0xA2, 0xA4, 0xE7, 0x3B, 0x10, 0x00, 0xFB, 0xB0, 0x10, 0x98, 0x53, 0xA5, 0xE7, 0x3B, 0x12, 0x00, 0x06, 0xB1, 0xF4, 0x97,
        0xFA, 0xA5, 0xE6, 0x3B, 0x14, 0x00, 0x11, 0xB1, 0x2E, 0x98, 0x91, 0xA6, 0xE5, 0x3B, 0x16, 0x00, 0x19, 0xB1, 0x40, 0x98,
        0x19, 0xA7, 0xE5, 0x3B, 0x17, 0x00, 0x1B, 0xB1, 0x31, 0x98, 0x50, 0xA7, 0xE5, 0x3B, 0x18, 0x00, 0x1C, 0xB1, 0x18, 0x98,
        0x7B, 0xA7, 0xE5, 0x3B, 0x19, 0x00, 0x1C, 0xB1, 0xC2, 0x97, 0x9F, 0xA7, 0xE5, 0x3B, 0x1A, 0x00, 0x1B, 0xB1, 0x31, 0x97,
        0xBE, 0xA7, 0xE5, 0x3B, 0x1B, 0x00, 0x19, 0xB1, 0xA6, 0x96, 0xD6, 0xA7, 0xE5, 0x3B, 0x1D, 0x00, 0x13, 0xB1, 0xAA, 0x95,
        0xEC, 0xA7, 0xE5, 0x3B, 0x1E, 0x00, 0x0E, 0xB1, 0xD4, 0x94, 0xEA, 0xA7, 0xE5, 0x3B, 0x1F, 0x00, 0x07, 0xB1, 0xCD, 0x92,
        0xDF, 0xA7, 0xE6, 0x3B, 0x20, 0x00, 0xFF, 0xB0, 0x71, 0x8D, 0xCE, 0xA7, 0xE6, 0x3B, 0x22, 0x00, 0xEA, 0xB0, 0x46, 0x13,
        0x99, 0xA7, 0xE7, 0x3B, 0x25, 0x00, 0xCC, 0xB0, 0x24, 0x19, 0x2F, 0xA7, 0xE8, 0x3B, 0x26, 0x00, 0xC0, 0xB0, 0x6F, 0x1A,
        0x03, 0xA7, 0xE9, 0x3B, 0x27, 0x00, 0xB3, 0xB0, 0xC1, 0x1B, 0xD1, 0xA6, 0xE9, 0x3B, 0x29, 0x00, 0x92, 0xB0, 0x2A, 0x1D,
        0x60, 0xA6, 0xEA, 0x3B, 0x2A, 0x00, 0x81, 0xB0, 0xD7, 0x1D, 0x23, 0xA6, 0xEB, 0x3B, 0x2B, 0x00, 0x71, 0xB0, 0xB8, 0x1E,
        0xE3, 0xA5, 0xEC, 0x3B, 0x2E, 0x00, 0x3E, 0xB0, 0x02, 0x21, 0x17, 0xA5, 0xED, 0x3B, 0x30, 0x00, 0x1A, 0xB0, 0xF8, 0x21,
        0x84, 0xA4, 0xEF, 0x3B, 0x32, 0x00, 0xE9, 0xAF, 0xF0, 0x22, 0xD6, 0xA3, 0xF0, 0x3B, 0x37, 0x00, 0x3A, 0xAF, 0x72, 0x24,
        0xC0, 0xA0, 0xF2, 0x3B, 0x3A, 0x00, 0xDD, 0xAE, 0x11, 0x25, 0xC5, 0x9D, 0xF4, 0x3B, 0x3C, 0x00, 0xA1, 0xAE, 0x67, 0x25,
        0x03, 0x9B, 0xF5, 0x3B, 0x3D, 0x00, 0x82, 0xAE, 0x8A, 0x25, 0xE0, 0x98, 0xF5, 0x3B, 0x3F, 0x00, 0x4E, 0xAE, 0xD1, 0x25,
        0x6B, 0x8E, 0xF6, 0x3B, 0x41, 0x00, 0x27, 0xAE, 0x1C, 0x26, 0x60, 0x15, 0xF6, 0x3B, 0x42, 0x00, 0x16, 0xAE, 0x40, 0x26,
        0x54, 0x18, 0xF6, 0x3B, 0x44, 0x00, 0xF7, 0xAD, 0x63, 0x26, 0xA1, 0x1B, 0xF6, 0x3B, 0x45, 0x00, 0xEA, 0xAD, 0x66, 0x26,
        0x99, 0x1C, 0xF7, 0x3B, 0x47, 0x00, 0xD9, 0xAD, 0x6D, 0x26, 0xDC, 0x1D, 0xF7, 0x3B, 0x48, 0x00, 0xD6, 0xAD, 0x70, 0x26,
        0x5A, 0x1E, 0xF7, 0x3B, 0x49, 0x00, 0xD7, 0xAD, 0x70, 0x26, 0xCC, 0x1E, 0xF7, 0x3B, 0x4A, 0x00, 0xDD, 0xAD, 0x65, 0x26,
        0x27, 0x1F, 0xF7, 0x3B, 0x4B, 0x00, 0xE3, 0xAD, 0x4C, 0x26, 0x5E, 0x1F, 0xF7, 0x3B, 0x4D, 0x00, 0xF5, 0xAD, 0xF9, 0x25,
        0x6E, 0x1F, 0xF6, 0x3B, 0x4E, 0x00, 0x04, 0xAE, 0xCA, 0x25, 0x63, 0x1F, 0xF6, 0x3B, 0x4F, 0x00, 0x18, 0xAE, 0x97, 0x25,
        0x4E, 0x1F, 0xF6, 0x3B, 0x50, 0x00, 0x31, 0xAE, 0x62, 0x25, 0x30, 0x1F, 0xF6, 0x3B, 0x52, 0x00, 0x6C, 0xAE, 0xE7, 0x24,
        0xCE, 0x1E, 0xF5, 0x3B, 0x55, 0x00, 0xCB, 0xAE, 0x2E, 0x24, 0xD8, 0x1D, 0xF4, 0x3B, 0x56, 0x00, 0xED, 0xAE, 0xD7, 0x23,
        0x73, 0x1D, 0xF4, 0x3B, 0x5A, 0x00, 0x8C, 0xAF, 0x64, 0x21, 0x03, 0x1C, 0xF2, 0x3B, 0x5C, 0x00, 0xDF, 0xAF, 0x3B, 0x20,
        0xF1, 0x19, 0xF0, 0x3B, 0x5D, 0x00, 0x05, 0xB0, 0x57, 0x1F, 0xC8, 0x18, 0xF0, 0x3B, 0x5F, 0x00, 0x2D, 0xB0, 0x19, 0x1D,
        0xA9, 0x15, 0xEE, 0x3B, 0x61, 0x00, 0x55, 0xB0, 0xD4, 0x19, 0xA9, 0x12, 0xED, 0x3B, 0x62, 0x00, 0x67, 0xB0, 0x91, 0x17,
        0x5E, 0x10, 0xED, 0x3B, 0x63, 0x00, 0x78, 0xB0, 0x59, 0x13, 0x44, 0x0C, 0xEC, 0x3B, 0x64, 0x00, 0x86, 0xB0, 0x0E, 0x80,
        0x03, 0x80, 0xEB, 0x3B, 0x33, 0x00, 0x00, 0x00, 0x06, 0x80, 0xB8, 0x34, 0x51, 0x32, 0x01, 0x00, 0x1A, 0x96, 0xAD, 0x34,
        0x61, 0x32, 0x03, 0x00, 0xE0, 0x9C, 0xB4, 0x34, 0x6D, 0x32, 0x06, 0x00, 0x30, 0xA1, 0xC1, 0x34, 0x89, 0x32, 0x0B, 0x00,
        0x04, 0xA5, 0xDA, 0x34, 0xB2, 0x32, 0x0E, 0x00, 0x7D, 0xA6, 0xEB, 0x34, 0xCB, 0x32, 0x11, 0x00, 0xE0, 0xA7, 0xFC, 0x34,
        0xDD, 0x32, 0x14, 0x00, 0x8B, 0xA8, 0x0C, 0x35, 0xEA, 0x32, 0x16, 0x00, 0xE4, 0xA8, 0x17, 0x35, 0xF0, 0x32, 0x17, 0x00,
        0x07, 0xA9, 0x1C, 0x35, 0xF0, 0x32, 0x19, 0x00, 0x38, 0xA9, 0x24, 0x35, 0xEB, 0x32, 0x1B, 0x00, 0x57, 0xA9, 0x2B, 0x35,
        0xE3, 0x32, 0x1D, 0x00, 0x60, 0xA9, 0x32, 0x35, 0xD6, 0x32, 0x1E, 0x00, 0x5B, 0xA9, 0x34, 0x35, 0xCD, 0x32, 0x1F, 0x00,
        0x50, 0xA9, 0x37, 0x35, 0xC2, 0x32, 0x20, 0x00, 0x40, 0xA9, 0x39, 0x35, 0xB5, 0x32, 0x22, 0x00, 0x10, 0xA9, 0x3D, 0x35,
        0x94, 0x32, 0x25, 0x00, 0xB7, 0xA8, 0x46, 0x35, 0x63, 0x32, 0x26, 0x00, 0x94, 0xA8, 0x4A, 0x35, 0x51, 0x32, 0x27, 0x00,
        0x6C, 0xA8, 0x4C, 0x35, 0x3C, 0x32, 0x2A, 0x00, 0xD0, 0xA7, 0x54, 0x35, 0xF2, 0x31, 0x2E, 0x00, 0x3D, 0xA6, 0x56, 0x35,
        0x93, 0x31, 0x30, 0x00, 0x68, 0xA5, 0x56, 0x35, 0x61, 0x31, 0x32, 0x00, 0x90, 0xA4, 0x52, 0x35, 0x30, 0x31, 0x34, 0x00,
        0x70, 0xA3, 0x49, 0x35, 0x03, 0x31, 0x36, 0x00, 0xC7, 0xA1, 0x3B, 0x35, 0xDA, 0x30, 0x38, 0x00, 0x15, 0xA0, 0x29, 0x35,
        0xB4, 0x30, 0x3B, 0x00, 0x5C, 0x9A, 0x0B, 0x35, 0x82, 0x30, 0x3E, 0x00, 0xD0, 0x14, 0xEB, 0x34, 0x51, 0x30, 0x40, 0x00,
        0xC1, 0x1B, 0xD9, 0x34, 0x39, 0x30, 0x42, 0x00, 0x36, 0x1E, 0xC8, 0x34, 0x26, 0x30, 0x43, 0x00, 0x5A, 0x1F, 0xC2, 0x34,
        0x1C, 0x30, 0x45, 0x00, 0xC6, 0x20, 0xBC, 0x34, 0x0B, 0x30, 0x47, 0x00, 0xA3, 0x21, 0xB6, 0x34, 0x01, 0x30, 0x48, 0x00,
        0xFB, 0x21, 0xB4, 0x34, 0xFF, 0x2F, 0x49, 0x00, 0x4A, 0x22, 0xB1, 0x34, 0x01, 0x30, 0x4B, 0x00, 0xAB, 0x22, 0xAE, 0x34,
        0x0B, 0x30, 0x4D, 0x00, 0xA8, 0x22, 0xAB, 0x34, 0x18, 0x30, 0x4E, 0x00, 0x98, 0x22, 0xAB, 0x34, 0x23, 0x30, 0x4F, 0x00,
        0x82, 0x22, 0xAC, 0x34, 0x31, 0x30, 0x50, 0x00, 0x65, 0x22, 0xAE, 0x34, 0x42, 0x30, 0x52, 0x00, 0x0C, 0x22, 0xB3, 0x34,
        0x6A, 0x30, 0x54, 0x00, 0x8D, 0x21, 0xB8, 0x34, 0x95, 0x30, 0x56, 0x00, 0xED, 0x20, 0xBC, 0x34, 0xC3, 0x30, 0x58, 0x00,
        0x48, 0x20, 0xC1, 0x34, 0xF8, 0x30, 0x5A, 0x00, 0x49, 0x1F, 0xC5, 0x34, 0x31, 0x31, 0x5C, 0x00, 0x95, 0x1D, 0xC4, 0x34,
        0x6E, 0x31, 0x5F, 0x00, 0xC9, 0x19, 0xBE, 0x34, 0xCB, 0x31, 0x61, 0x00, 0xDA, 0x16, 0xB9, 0x34, 0x07, 0x32, 0x63, 0x00,
        0x6D, 0x10, 0xB4, 0x34, 0x3D, 0x32, 0x64, 0x00, 0x06, 0x80, 0xB2, 0x34, 0x54, 0x32, 0x3A, 0x9A, 0x73, 0x3C, 0x00, 0x00,
        0x08, 0x00, 0x00, 0x00, 0x40, 0x80, 0xE9, 0x80, 0x0E, 0x80, 0x00, 0x3C, 0x04, 0x00, 0xBB, 0x81, 0x20, 0x83, 0xC7, 0x02,
        0x00, 0x3C, 0x0C, 0x00, 0x50, 0x80, 0x33, 0x03, 0x04, 0x80, 0x00, 0x3C, 0x13, 0x00, 0xEA, 0x80, 0x45, 0x80, 0x33, 0x82,
        0x00, 0x3C, 0x1A, 0x00, 0x1E, 0x80, 0xD9, 0x81, 0x66, 0x80, 0x00, 0x3C, 0x21, 0x00, 0x29, 0x80, 0x1E, 0x02, 0x3A, 0x83,
        0x00, 0x3C, 0x54, 0x00, 0xA6, 0x00, 0xAA, 0x82, 0x42, 0x03, 0x00, 0x3C, 0x64, 0x00, 0x40, 0x80, 0xF2, 0x02, 0x0F, 0x80,
        0x00, 0x3C, 0x02, 0x00, 0x00, 0x00, 0x02, 0x00, 0x00, 0x01, 0x00, 0x80, 0x64, 0x00, 0x02, 0x00, 0xC0, 0x02, 0x00, 0x80,
        0x38, 0xB9, 0x77, 0x37, 0x00, 0x00, 0x07, 0x00, 0x00, 0x00, 0x56, 0x00, 0xB8, 0x80, 0x1C, 0x80, 0x00, 0x3C, 0x04, 0x00,
        0x55, 0x81, 0x6F, 0x83, 0x56, 0x82, 0x00, 0x3C, 0x0C, 0x00, 0x35, 0x81, 0x0B, 0x03, 0x73, 0x00, 0x00, 0x3C, 0x19, 0x00,
        0x42, 0x01, 0xA0, 0x81, 0x0E, 0x80, 0x00, 0x3C, 0x2A, 0x00, 0x26, 0x81, 0x75, 0x02, 0x34, 0x00, 0x00, 0x3C, 0x63, 0x00,
        0x9C, 0x00, 0x60, 0x81, 0x39, 0x80, 0x00, 0x3C, 0x64, 0x00, 0x21, 0x81, 0xCE, 0x02, 0x77, 0x00, 0x00, 0x3C, 0x01, 0x00,
        0x00, 0x00, 0x82, 0xAB, 0xA7, 0xA3, 0x7C, 0x1A, 0x04, 0x5A, 0x35, 0xBF, 0x00, 0x00, 0x08, 0x00, 0x00, 0x00, 0x31, 0x80,
        0xE5, 0x00, 0x0E, 0x80, 0x00, 0x3C, 0x04, 0x00, 0xA5, 0x02, 0x1C, 0x03, 0x89, 0x81, 0x00, 0x3C, 0x0F, 0x00, 0x60, 0x00,
        0x5F, 0x82, 0xD3, 0x03, 0x00, 0x3C, 0x14, 0x00, 0x35, 0x80, 0xF7, 0x05, 0x0B, 0x00, 0x00, 0x3C, 0x1F, 0x00, 0xC1, 0x80,
        0x8F, 0x85, 0x1F, 0x80, 0x00, 0x3C, 0x29, 0x00, 0x2E, 0x00, 0x17, 0x02, 0x0F, 0x00, 0x00, 0x3C, 0x63, 0x00, 0x32, 0x80,
        0x9E, 0x01, 0x0F, 0x80, 0x00, 0x3C, 0x64, 0x00, 0x31, 0x80, 0xF5, 0x82, 0x0E, 0x80, 0x00, 0x3C, 0x01, 0x00, 0x00, 0x00,
        0xDA, 0x1C, 0x0A, 0x80, 0x63, 0x11, 0x0D, 0x91, 0xFA, 0xCC, 0x00, 0x00, 0x22, 0x00, 0x00, 0x00, 0x2E, 0xA7, 0xBD, 0xAF,
        0x87, 0x1B, 0xF0, 0x3B, 0x02, 0x00, 0x54, 0xA7, 0xB6, 0xAF, 0xD8, 0x1A, 0xF0, 0x3B, 0x03, 0x00, 0x67, 0xA7, 0xAF, 0xAF,
        0x6A, 0x1A, 0xF0, 0x3B, 0x05, 0x00, 0x87, 0xA7, 0xA8, 0xAF, 0xF7, 0x19, 0xF0, 0x3B, 0x08, 0x00, 0x8B, 0xA7, 0xA4, 0xAF,
        0xE2, 0x19, 0xF0, 0x3B, 0x0E, 0x00, 0x71, 0xA7, 0xA0, 0xAF, 0xF1, 0x19, 0xF1, 0x3B, 0x10, 0x00, 0x65, 0xA7, 0x9D, 0xAF,
        0x22, 0x1A, 0xF1, 0x3B, 0x18, 0x00, 0x56, 0xA7, 0x8C, 0xAF, 0x3F, 0x1B, 0xF1, 0x3B, 0x1C, 0x00, 0x5F, 0xA7, 0x89, 0xAF,
        0x8E, 0x1B, 0xF1, 0x3B, 0x20, 0x00, 0x7C, 0xA7, 0x8F, 0xAF, 0x24, 0x1C, 0xF1, 0x3B, 0x25, 0x00, 0x91, 0xA7, 0x8E, 0xAF,
        0x23, 0x1C, 0xF1, 0x3B, 0x29, 0x00, 0x8C, 0xA7, 0x94, 0xAF, 0x75, 0x1C, 0xF1, 0x3B, 0x2C, 0x00, 0x71, 0xA7, 0x97, 0xAF,
        0xC9, 0x1C, 0xF1, 0x3B, 0x2E, 0x00, 0x52, 0xA7, 0x9B, 0xAF, 0xE2, 0x1C, 0xF1, 0x3B, 0x30, 0x00, 0x1C, 0xA7, 0x9F, 0xAF,
        0xE4, 0x1C, 0xF1, 0x3B, 0x33, 0x00, 0xA7, 0xA6, 0xA3, 0xAF, 0xCE, 0x1C, 0xF1, 0x3B, 0x3A, 0x00, 0x4F, 0xA5, 0xB5, 0xAF,
        0xF0, 0x1C, 0xF1, 0x3B, 0x3D, 0x00, 0xCF, 0xA4, 0xBF, 0xAF, 0x27, 0x1D, 0xF1, 0x3B, 0x3E, 0x00, 0xAA, 0xA4, 0xC4, 0xAF,
        0x55, 0x1D, 0xF1, 0x3B, 0x40, 0x00, 0x6A, 0xA4, 0xCA, 0xAF, 0x95, 0x1D, 0xF0, 0x3B, 0x43, 0x00, 0x13, 0xA4, 0xD8, 0xAF,
        0xB4, 0x1D, 0xF0, 0x3B, 0x45, 0x00, 0xED, 0xA3, 0xDF, 0xAF, 0xB5, 0x1D, 0xF0, 0x3B, 0x47, 0x00, 0xF1, 0xA3, 0xE6, 0xAF,
        0xA2, 0x1D, 0xF0, 0x3B, 0x49, 0x00, 0x2E, 0xA4, 0xED, 0xAF, 0x5F, 0x1D, 0xF0, 0x3B, 0x4B, 0x00, 0x8E, 0xA4, 0xF2, 0xAF,
        0xF1, 0x1C, 0xF0, 0x3B, 0x4D, 0x00, 0x10, 0xA5, 0xF3, 0xAF, 0x78, 0x1C, 0xF0, 0x3B, 0x51, 0x00, 0x3E, 0xA6, 0xEA, 0xAF,
        0x35, 0x1B, 0xF0, 0x3B, 0x53, 0x00, 0xBC, 0xA6, 0xE5, 0xAF, 0x86, 0x1A, 0xF0, 0x3B, 0x55, 0x00, 0x20, 0xA7, 0xDE, 0xAF,
        0xE3, 0x19, 0xF0, 0x3B, 0x57, 0x00, 0x5B, 0xA7, 0xD7, 0xAF, 0x8E, 0x19, 0xF0, 0x3B, 0x5A, 0x00, 0x79, 0xA7, 0xCD, 0xAF,
        0x5B, 0x19, 0xF0, 0x3B, 0x5D, 0x00, 0x6F, 0xA7, 0xC6, 0xAF, 0x92, 0x19, 0xF0, 0x3B, 0x5F, 0x00, 0x59, 0xA7, 0xC1, 0xAF,
        0x0D, 0x1A, 0xF0, 0x3B, 0x64, 0x00, 0x2E, 0xA7, 0xBD, 0xAF, 0x87, 0x1B, 0xF0, 0x3B, 0x01, 0x00, 0x00, 0x00, 0xC1, 0x01,
        0x5A, 0x80, 0x2E, 0x00, 0x09, 0x91, 0x7D, 0xD1, 0x00, 0x00, 0x46, 0x00, 0x00, 0x00, 0xE4, 0x2F, 0x2A, 0xB4, 0x86, 0x30,
        0x94, 0x3B, 0x01, 0x00, 0xF1, 0x2F, 0x26, 0xB4, 0x85, 0x30, 0x94, 0x3B, 0x02, 0x00, 0xFB, 0x2F, 0x22, 0xB4, 0x86, 0x30,
        0x94, 0x3B, 0x04, 0x00, 0x08, 0x30, 0x1C, 0xB4, 0x87, 0x30, 0x95, 0x3B, 0x05, 0x00, 0x0F, 0x30, 0x18, 0xB4, 0x86, 0x30,
        0x95, 0x3B, 0x06, 0x00, 0x13, 0x30, 0x15, 0xB4, 0x87, 0x30, 0x95, 0x3B, 0x07, 0x00, 0x1A, 0x30, 0x11, 0xB4, 0x86, 0x30,
        0x96, 0x3B, 0x09, 0x00, 0x26, 0x30, 0x0A, 0xB4, 0x86, 0x30, 0x96, 0x3B, 0x0E, 0x00, 0x43, 0x30, 0xF0, 0xB3, 0x86, 0x30,
        0x98, 0x3B, 0x0F, 0x00, 0x48, 0x30, 0xEA, 0xB3, 0x86, 0x30, 0x98, 0x3B, 0x10, 0x00, 0x4F, 0x30, 0xE2, 0xB3, 0x84, 0x30,
        0x98, 0x3B, 0x11, 0x00, 0x53, 0x30, 0xDC, 0xB3, 0x85, 0x30, 0x99, 0x3B, 0x13, 0x00, 0x5C, 0x30, 0xCD, 0xB3, 0x83, 0x30,
        0x99, 0x3B, 0x15, 0x00, 0x64, 0x30, 0xC0, 0xB3, 0x82, 0x30, 0x9A, 0x3B, 0x16, 0x00, 0x69, 0x30, 0xB8, 0xB3, 0x80, 0x30,
        0x9A, 0x3B, 0x18, 0x00, 0x6E, 0x30, 0xAA, 0xB3, 0x7E, 0x30, 0x9B, 0x3B, 0x1B, 0x00, 0x72, 0x30, 0x95, 0xB3, 0x77, 0x30,
        0x9C, 0x3B, 0x1D, 0x00, 0x73, 0x30, 0x87, 0xB3, 0x71, 0x30, 0x9D, 0x3B, 0x20, 0x00, 0x74, 0x30, 0x76, 0xB3, 0x67, 0x30,
        0x9F, 0x3B, 0x21, 0x00, 0x71, 0x30, 0x72, 0xB3, 0x64, 0x30, 0x9F, 0x3B, 0x22, 0x00, 0x71, 0x30, 0x6E, 0xB3, 0x5E, 0x30,
        0xA0, 0x3B, 0x23, 0x00, 0x71, 0x30, 0x6A, 0xB3, 0x56, 0x30, 0xA0, 0x3B, 0x25, 0x00, 0x6D, 0x30, 0x66, 0xB3, 0x48, 0x30,
        0xA1, 0x3B, 0x26, 0x00, 0x6B, 0x30, 0x66, 0xB3, 0x42, 0x30, 0xA1, 0x3B, 0x27, 0x00, 0x68, 0x30, 0x64, 0xB3, 0x3A, 0x30,
        0xA2, 0x3B, 0x28, 0x00, 0x66, 0x30, 0x65, 0xB3, 0x33, 0x30, 0xA2, 0x3B, 0x29, 0x00, 0x61, 0x30, 0x68, 0xB3, 0x2C, 0x30,
        0xA2, 0x3B, 0x2A, 0x00, 0x5F, 0x30, 0x6E, 0xB3, 0x24, 0x30, 0xA2, 0x3B, 0x2B, 0x00, 0x5A, 0x30, 0x77, 0xB3, 0x1F, 0x30,
        0xA2, 0x3B, 0x2F, 0x00, 0x4C, 0x30, 0xA1, 0xB3, 0x09, 0x30, 0xA1, 0x3B, 0x30, 0x00, 0x48, 0x30, 0xAB, 0xB3, 0x04, 0x30,
        0xA1, 0x3B, 0x31, 0x00, 0x44, 0x30, 0xB4, 0xB3, 0xFA, 0x2F, 0xA0, 0x3B, 0x32, 0x00, 0x3E, 0x30, 0xBB, 0xB3, 0xF1, 0x2F,
        0xA0, 0x3B, 0x33, 0x00, 0x38, 0x30, 0xC0, 0xB3, 0xE4, 0x2F, 0xA0, 0x3B, 0x34, 0x00, 0x31, 0x30, 0xC3, 0xB3, 0xD6, 0x2F,
        0xA1, 0x3B, 0x36, 0x00, 0x20, 0x30, 0xC5, 0xB3, 0xBB, 0x2F, 0xA1, 0x3B, 0x37, 0x00, 0x1A, 0x30, 0xC5, 0xB3, 0xA8, 0x2F,
        0xA2, 0x3B, 0x38, 0x00, 0x10, 0x30, 0xC4, 0xB3, 0x9A, 0x2F, 0xA3, 0x3B, 0x3A, 0x00, 0xFE, 0x2F, 0xC1, 0xB3, 0x7A, 0x2F,
        0xA4, 0x3B, 0x3C, 0x00, 0xDA, 0x2F, 0xBC, 0xB3, 0x5B, 0x2F, 0xA5, 0x3B, 0x3E, 0x00, 0xB6, 0x2F, 0xB7, 0xB3, 0x3C, 0x2F,
        0xA7, 0x3B, 0x3F, 0x00, 0xA6, 0x2F, 0xB6, 0xB3, 0x2E, 0x2F, 0xA7, 0x3B, 0x40, 0x00, 0x95, 0x2F, 0xAF, 0xB3, 0x1E, 0x2F,
        0xA8, 0x3B, 0x41, 0x00, 0x88, 0x2F, 0xA4, 0xB3, 0x0F, 0x2F, 0xA9, 0x3B, 0x42, 0x00, 0x77, 0x2F, 0xA1, 0xB3, 0x0C, 0x2F,
        0xAA, 0x3B, 0x45, 0x00, 0x4F, 0x2F, 0xAB, 0xB3, 0x16, 0x2F, 0xA9, 0x3B, 0x46, 0x00, 0x41, 0x2F, 0xB0, 0xB3, 0x1A, 0x2F,
        0xA9, 0x3B, 0x47, 0x00, 0x32, 0x2F, 0xB5, 0xB3, 0x21, 0x2F, 0xA9, 0x3B, 0x48, 0x00, 0x28, 0x2F, 0xBA, 0xB3, 0x26, 0x2F,
        0xA9, 0x3B, 0x49, 0x00, 0x1C, 0x2F, 0xC1, 0xB3, 0x2E, 0x2F, 0xA8, 0x3B, 0x4A, 0x00, 0x14, 0x2F, 0xC8, 0xB3, 0x35, 0x2F,
        0xA8, 0x3B, 0x4C, 0x00, 0x02, 0x2F, 0xD9, 0xB3, 0x4C, 0x2F, 0xA7, 0x3B, 0x4D, 0x00, 0xFD, 0x2E, 0xE2, 0xB3, 0x5A, 0x2F,
        0xA6, 0x3B, 0x4E, 0x00, 0xFA, 0x2E, 0xEE, 0xB3, 0x6B, 0x2F, 0xA5, 0x3B, 0x4F, 0x00, 0xFA, 0x2E, 0xFB, 0xB3, 0x7E, 0x2F,
        0xA4, 0x3B, 0x51, 0x00, 0xFD, 0x2E, 0x0C, 0xB4, 0xA9, 0x2F, 0xA1, 0x3B, 0x52, 0x00, 0x00, 0x2F, 0x14, 0xB4, 0xBF, 0x2F,
        0xA0, 0x3B, 0x54, 0x00, 0x0A, 0x2F, 0x22, 0xB4, 0xEF, 0x2F, 0x9D, 0x3B, 0x55, 0x00, 0x10, 0x2F, 0x2A, 0xB4, 0x04, 0x30,
        0x9C, 0x3B, 0x57, 0x00, 0x25, 0x2F, 0x3C, 0xB4, 0x21, 0x30, 0x98, 0x3B, 0x58, 0x00, 0x2E, 0x2F, 0x44, 0xB4, 0x31, 0x30,
        0x96, 0x3B, 0x59, 0x00, 0x3E, 0x2F, 0x4A, 0xB4, 0x3E, 0x30, 0x95, 0x3B, 0x5A, 0x00, 0x4B, 0x2F, 0x4C, 0xB4, 0x48, 0x30,
        0x94, 0x3B, 0x5B, 0x00, 0x59, 0x2F, 0x4C, 0xB4, 0x51, 0x30, 0x93, 0x3B, 0x5D, 0x00, 0x77, 0x2F, 0x48, 0xB4, 0x5F, 0x30,
        0x93, 0x3B, 0x5F, 0x00, 0x93, 0x2F, 0x40, 0xB4, 0x6B, 0x30, 0x93, 0x3B, 0x61, 0x00, 0xB5, 0x2F, 0x36, 0xB4, 0x75, 0x30,
        0x93, 0x3B, 0x62, 0x00, 0xC3, 0x2F, 0x32, 0xB4, 0x7C, 0x30, 0x94, 0x3B, 0x63, 0x00, 0xD5, 0x2F, 0x2D, 0xB4, 0x80, 0x30,
        0x94, 0x3B, 0x64, 0x00, 0xE4, 0x2F, 0x2A, 0xB4, 0x86, 0x30, 0x94, 0x3B, 0x00, 0x00, 0x37, 0x13, 0x1D, 0xBC, 0x00, 0x00,
        0x47, 0x00, 0x00, 0x00, 0x24, 0xAB, 0x36, 0xB4, 0xEE, 0xAD, 0xAB, 0x3B, 0x02, 0x00, 0x03, 0xAB, 0x36, 0xB4, 0xE4, 0xAD,
        0xAC, 0x3B, 0x03, 0x00, 0xEB, 0xAA, 0x37, 0xB4, 0xE2, 0xAD, 0xAC, 0x3B, 0x04, 0x00, 0xD1, 0xAA, 0x38, 0xB4, 0xDE, 0xAD,
        0xAC, 0x3B, 0x06, 0x00, 0xAC, 0xAA, 0x39, 0xB4, 0xD5, 0xAD, 0xAC, 0x3B, 0x07, 0x00, 0x97, 0xAA, 0x39, 0xB4, 0xD1, 0xAD,
        0xAC, 0x3B, 0x08, 0x00, 0x86, 0xAA, 0x39, 0xB4, 0xCB, 0xAD, 0xAC, 0x3B, 0x09, 0x00, 0x6C, 0xAA, 0x3A, 0xB4, 0xC8, 0xAD,
        0xAC, 0x3B, 0x0B, 0x00, 0x41, 0xAA, 0x3A, 0xB4, 0xC0, 0xAD, 0xAC, 0x3B, 0x0D, 0x00, 0x1C, 0xAA, 0x3C, 0xB4, 0xB8, 0xAD,
        0xAC, 0x3B, 0x0E, 0x00, 0x09, 0xAA, 0x3C, 0xB4, 0xB3, 0xAD, 0xAC, 0x3B, 0x0F, 0x00, 0xF4, 0xA9, 0x3D, 0xB4, 0xB0, 0xAD,
        0xAC, 0x3B, 0x10, 0x00, 0xE7, 0xA9, 0x3D, 0xB4, 0xAB, 0xAD, 0xAC, 0x3B, 0x12, 0x00, 0xCB, 0xA9, 0x3E, 0xB4, 0xA2, 0xAD,
        0xAC, 0x3B, 0x13, 0x00, 0xBF, 0xA9, 0x3F, 0xB4, 0x9E, 0xAD, 0xAC, 0x3B, 0x14, 0x00, 0xBA, 0xA9, 0x3F, 0xB4, 0x98, 0xAD,
        0xAC, 0x3B, 0x15, 0x00, 0xAA, 0xA9, 0x40, 0xB4, 0x97, 0xAD, 0xAC, 0x3B, 0x17, 0x00, 0xAB, 0xA9, 0x42, 0xB4, 0x8B, 0xAD,
        0xAC, 0x3B, 0x18, 0x00, 0xB6, 0xA9, 0x43, 0xB4, 0x84, 0xAD, 0xAC, 0x3B, 0x1A, 0x00, 0xC5, 0xA9, 0x45, 0xB4, 0x7B, 0xAD,
        0xAC, 0x3B, 0x1B, 0x00, 0xDA, 0xA9, 0x46, 0xB4, 0x74, 0xAD, 0xAC, 0x3B, 0x1C, 0x00, 0xEE, 0xA9, 0x48, 0xB4, 0x6F, 0xAD,
        0xAB, 0x3B, 0x1D, 0x00, 0x0C, 0xAA, 0x49, 0xB4, 0x66, 0xAD, 0xAB, 0x3B, 0x1E, 0x00, 0x18, 0xAA, 0x4A, 0xB4, 0x65, 0xAD,
        0xAB, 0x3B, 0x1F, 0x00, 0x2E, 0xAA, 0x4C, 0xB4, 0x62, 0xAD, 0xAB, 0x3B, 0x21, 0x00, 0x5C, 0xAA, 0x4E, 0xB4, 0x60, 0xAD,
        0xAA, 0x3B, 0x23, 0x00, 0x99, 0xAA, 0x52, 0xB4, 0x66, 0xAD, 0xAA, 0x3B, 0x24, 0x00, 0xC3, 0xAA, 0x53, 0xB4, 0x6A, 0xAD,
        0xA9, 0x3B, 0x25, 0x00, 0xE2, 0xAA, 0x55, 0xB4, 0x71, 0xAD, 0xA9, 0x3B, 0x26, 0x00, 0x07, 0xAB, 0x58, 0xB4, 0x78, 0xAD,
        0xA8, 0x3B, 0x27, 0x00, 0x2C, 0xAB, 0x59, 0xB4, 0x7F, 0xAD, 0xA8, 0x3B, 0x28, 0x00, 0x4E, 0xAB, 0x5C, 0xB4, 0x8A, 0xAD,
        0xA7, 0x3B, 0x29, 0x00, 0x7E, 0xAB, 0x5E, 0xB4, 0x95, 0xAD, 0xA6, 0x3B, 0x2C, 0x00, 0xFF, 0xAB, 0x6A, 0xB4, 0xC2, 0xAD,
        0xA4, 0x3B, 0x2D, 0x00, 0x15, 0xAC, 0x6F, 0xB4, 0xD2, 0xAD, 0xA3, 0x3B, 0x2E, 0x00, 0x2D, 0xAC, 0x73, 0xB4, 0xDF, 0xAD,
        0xA2, 0x3B, 0x2F, 0x00, 0x40, 0xAC, 0x78, 0xB4, 0xF1, 0xAD, 0xA1, 0x3B, 0x30, 0x00, 0x55, 0xAC, 0x7C, 0xB4, 0xFF, 0xAD,
        0xA0, 0x3B, 0x31, 0x00, 0x68, 0xAC, 0x80, 0xB4, 0x0D, 0xAE, 0x9F, 0x3B, 0x32, 0x00, 0x7A, 0xAC, 0x83, 0xB4, 0x1A, 0xAE,
        0x9E, 0x3B, 0x34, 0x00, 0x98, 0xAC, 0x85, 0xB4, 0x2D, 0xAE, 0x9D, 0x3B, 0x35, 0x00, 0xA5, 0xAC, 0x86, 0xB4, 0x35, 0xAE,
        0x9D, 0x3B, 0x37, 0x00, 0xBD, 0xAC, 0x85, 0xB4, 0x44, 0xAE, 0x9C, 0x3B, 0x38, 0x00, 0xC9, 0xAC, 0x84, 0xB4, 0x4A, 0xAE,
        0x9C, 0x3B, 0x3B, 0x00, 0xE5, 0xAC, 0x80, 0xB4, 0x5A, 0xAE, 0x9C, 0x3B, 0x3C, 0x00, 0xED, 0xAC, 0x7E, 0xB4, 0x61, 0xAE,
        0x9D, 0x3B, 0x3D, 0x00, 0xF8, 0xAC, 0x7D, 0xB4, 0x64, 0xAE, 0x9D, 0x3B, 0x3F, 0x00, 0x08, 0xAD, 0x78, 0xB4, 0x6D, 0xAE,
        0x9D, 0x3B, 0x40, 0x00, 0x0B, 0xAD, 0x73, 0xB4, 0x6F, 0xAE, 0x9E, 0x3B, 0x41, 0x00, 0x06, 0xAD, 0x6B, 0xB4, 0x6D, 0xAE,
        0x9F, 0x3B, 0x42, 0x00, 0x01, 0xAD, 0x64, 0xB4, 0x6A, 0xAE, 0xA0, 0x3B, 0x43, 0x00, 0xF5, 0xAC, 0x60, 0xB4, 0x6B, 0xAE,
        0xA1, 0x3B, 0x44, 0x00, 0xE7, 0xAC, 0x5D, 0xB4, 0x6C, 0xAE, 0xA1, 0x3B, 0x46, 0x00, 0xD1, 0xAC, 0x55, 0xB4, 0x6C, 0xAE,
        0xA3, 0x3B, 0x4A, 0x00, 0x9E, 0xAC, 0x49, 0xB4, 0x6B, 0xAE, 0xA5, 0x3B, 0x4C, 0x00, 0x83, 0xAC, 0x45, 0xB4, 0x69, 0xAE,
        0xA6, 0x3B, 0x4D, 0x00, 0x76, 0xAC, 0x43, 0xB4, 0x66, 0xAE, 0xA6, 0x3B, 0x50, 0x00, 0x4C, 0xAC, 0x42, 0xB4, 0x5B, 0xAE,
        0xA7, 0x3B, 0x52, 0x00, 0x30, 0xAC, 0x44, 0xB4, 0x51, 0xAE, 0xA7, 0x3B, 0x53, 0x00, 0x26, 0xAC, 0x45, 0xB4, 0x4B, 0xAE,
        0xA7, 0x3B, 0x55, 0x00, 0x0B, 0xAC, 0x4A, 0xB4, 0x48, 0xAE, 0xA7, 0x3B, 0x57, 0x00, 0xEC, 0xAB, 0x55, 0xB4, 0x46, 0xAE,
        0xA5, 0x3B, 0x59, 0x00, 0xCA, 0xAB, 0x5E, 0xB4, 0x42, 0xAE, 0xA4, 0x3B, 0x5A, 0x00, 0xB9, 0xAB, 0x5F, 0xB4, 0x3D, 0xAE,
        0xA4, 0x3B, 0x5C, 0x00, 0x99, 0xAB, 0x5A, 0xB4, 0x30, 0xAE, 0xA5, 0x3B, 0x5D, 0x00, 0x8A, 0xAB, 0x57, 0xB4, 0x29, 0xAE,
        0xA6, 0x3B, 0x5E, 0x00, 0x7C, 0xAB, 0x53, 0xB4, 0x22, 0xAE, 0xA6, 0x3B, 0x61, 0x00, 0x4F, 0xAB, 0x44, 0xB4, 0x07, 0xAE,
        0xA9, 0x3B, 0x62, 0x00, 0x46, 0xAB, 0x3F, 0xB4, 0xFD, 0xAD, 0xAA, 0x3B, 0x63, 0x00, 0x32, 0xAB, 0x3A, 0xB4, 0xF6, 0xAD,
        0xAB, 0x3B, 0x64, 0x00, 0x24, 0xAB, 0x36, 0xB4, 0xEE, 0xAD, 0xAB, 0x3B, 0x00, 0x00, 0xA5, 0xC1, 0x5B, 0x87, 0x00, 0x00,
        0x01, 0x00, 0x00, 0x00, 0xCF, 0x9F, 0x18, 0x00, 0x08, 0x80, 0x00, 0x3C, 0x00, 0x00, 0x6F, 0x4D, 0x66, 0x67, 0x00, 0x00,
        0x01, 0x00, 0x00, 0x00, 0x42, 0x00, 0x0F, 0x80, 0x20, 0x00, 0x00, 0x3C, 0x00, 0x00, 0x66, 0x9D, 0xAB, 0xD9, 0x00, 0x00,
        0x32, 0x00, 0x00, 0x00, 0x54, 0x1F, 0x76, 0xB4, 0x1F, 0xA0, 0xAF, 0x3B, 0x01, 0x00, 0x47, 0x20, 0x77, 0xB4, 0x8D, 0x9F,
        0xAE, 0x3B, 0x03, 0x00, 0xAD, 0x21, 0x7D, 0xB4, 0xE4, 0x9D, 0xAE, 0x3B, 0x04, 0x00, 0x28, 0x22, 0x7D, 0xB4, 0x2F, 0x9D,
        0xAE, 0x3B, 0x05, 0x00, 0x5A, 0x22, 0x79, 0xB4, 0xBD, 0x9C, 0xAE, 0x3B, 0x06, 0x00, 0xFE, 0x21, 0x71, 0xB4, 0xC0, 0x9C,
        0xAF, 0x3B, 0x07, 0x00, 0x63, 0x21, 0x68, 0xB4, 0xFE, 0x9C, 0xB1, 0x3B, 0x08, 0x00, 0xC4, 0x20, 0x5E, 0xB4, 0x4C, 0x9D,
        0xB2, 0x3B, 0x0A, 0x00, 0xD5, 0x1E, 0x48, 0xB4, 0x15, 0x9E, 0xB5, 0x3B, 0x0D, 0x00, 0xC1, 0x19, 0x24, 0xB4, 0x42, 0x9F,
        0xBA, 0x3B, 0x10, 0x00, 0xB5, 0x93, 0x05, 0xB4, 0x21, 0xA0, 0xBE, 0x3B, 0x11, 0x00, 0xA1, 0x98, 0xF9, 0xB3, 0x58, 0xA0,
        0xBF, 0x3B, 0x12, 0x00, 0x39, 0x9B, 0xEA, 0xB3, 0x88, 0xA0, 0xC0, 0x3B, 0x13, 0x00, 0xE7, 0x9C, 0xDD, 0xB3, 0xBE, 0xA0,
        0xC1, 0x3B, 0x15, 0x00, 0xF7, 0x9E, 0xC6, 0xB3, 0x15, 0xA1, 0xC2, 0x3B, 0x17, 0x00, 0x38, 0xA0, 0xB2, 0xB3, 0x48, 0xA1,
        0xC4, 0x3B, 0x19, 0x00, 0x9F, 0xA0, 0xA1, 0xB3, 0x73, 0xA1, 0xC5, 0x3B, 0x1C, 0x00, 0xAE, 0xA0, 0x89, 0xB3, 0x8B, 0xA1,
        0xC6, 0x3B, 0x1F, 0x00, 0x3D, 0xA0, 0x7A, 0xB3, 0x55, 0xA1, 0xC7, 0x3B, 0x21, 0x00, 0x34, 0x9F, 0x70, 0xB3, 0x39, 0xA1,
        0xC8, 0x3B, 0x23, 0x00, 0x5D, 0x9D, 0x64, 0xB3, 0x21, 0xA1, 0xC8, 0x3B, 0x25, 0x00, 0x49, 0x9A, 0x5D, 0xB3, 0xD7, 0xA0,
        0xC9, 0x3B, 0x26, 0x00, 0x2E, 0x98, 0x5B, 0xB3, 0xAC, 0xA0, 0xC9, 0x3B, 0x28, 0x00, 0xE4, 0x00, 0x5B, 0xB3, 0x4E, 0xA0,
        0xC9, 0x3B, 0x2A, 0x00, 0x01, 0x18, 0x5B, 0xB3, 0x9F, 0x9F, 0xC9, 0x3B, 0x2C, 0x00, 0x91, 0x1B, 0x5D, 0xB3, 0xE7, 0x9E,
        0xC9, 0x3B, 0x2F, 0x00, 0x22, 0x1E, 0x68, 0xB3, 0x72, 0x9E, 0xC8, 0x3B, 0x32, 0x00, 0xB6, 0x20, 0x76, 0xB3, 0x30, 0x9E,
        0xC7, 0x3B, 0x35, 0x00, 0x92, 0x22, 0x85, 0xB3, 0xE2, 0x9D, 0xC6, 0x3B, 0x37, 0x00, 0xCF, 0x23, 0x92, 0xB3, 0x7F, 0x9D,
        0xC6, 0x3B, 0x3A, 0x00, 0xB9, 0x24, 0xA7, 0xB3, 0xFB, 0x9C, 0xC4, 0x3B, 0x3C, 0x00, 0x33, 0x25, 0xB8, 0xB3, 0xA8, 0x9C,
        0xC3, 0x3B, 0x3F, 0x00, 0xB9, 0x25, 0xD0, 0xB3, 0x05, 0x9B, 0xC1, 0x3B, 0x41, 0x00, 0x0C, 0x26, 0xE2, 0xB3, 0xDF, 0x99,
        0xC0, 0x3B, 0x44, 0x00, 0x7C, 0x26, 0xFE, 0xB3, 0x44, 0x99, 0xBE, 0x3B, 0x46, 0x00, 0x99, 0x26, 0x08, 0xB4, 0x0B, 0x99,
        0xBD, 0x3B, 0x48, 0x00, 0x77, 0x26, 0x10, 0xB4, 0x87, 0x99, 0xBC, 0x3B, 0x4A, 0x00, 0x0D, 0x26, 0x18, 0xB4, 0x25, 0x9B,
        0xBB, 0x3B, 0x4C, 0x00, 0x65, 0x25, 0x1E, 0xB4, 0xB0, 0x9C, 0xBB, 0x3B, 0x4D, 0x00, 0xFA, 0x24, 0x21, 0xB4, 0x4B, 0x9D,
        0xBA, 0x3B, 0x50, 0x00, 0x41, 0x23, 0x26, 0xB4, 0x40, 0x9F, 0xBA, 0x3B, 0x52, 0x00, 0x9D, 0x21, 0x2A, 0xB4, 0x2F, 0xA0,
        0xB9, 0x3B, 0x53, 0x00, 0xEC, 0x20, 0x2D, 0xB4, 0x68, 0xA0, 0xB9, 0x3B, 0x54, 0x00, 0x45, 0x20, 0x2F, 0xB4, 0x9B, 0xA0,
        0xB9, 0x3B, 0x56, 0x00, 0xC7, 0x1E, 0x33, 0xB4, 0xEE, 0xA0, 0xB8, 0x3B, 0x58, 0x00, 0xEA, 0x1D, 0x39, 0xB4, 0x1C, 0xA1,
        0xB7, 0x3B, 0x5B, 0x00, 0x83, 0x1D, 0x45, 0xB4, 0x3C, 0xA1, 0xB6, 0x3B, 0x5E, 0x00, 0x1C, 0x1E, 0x54, 0xB4, 0x08, 0xA1,
        0xB4, 0x3B, 0x62, 0x00, 0x3B, 0x1F, 0x6A, 0xB4, 0x70, 0xA0, 0xB0, 0x3B, 0x64, 0x00, 0x53, 0x1F, 0x76, 0xB4, 0x1F, 0xA0,
        0xAF, 0x3B, 0x01, 0x00, 0x00, 0x00, 0xA7, 0x03, 0x11, 0x00, 0x1D, 0x01, 0xC1, 0xC4, 0x7A, 0xD6, 0x00, 0x00, 0x03, 0x00,
        0x00, 0x00, 0x4F, 0x81, 0x9F, 0x00, 0x16, 0x00, 0x00, 0x3C, 0x5D, 0x00, 0x26, 0x00, 0x23, 0x80, 0x0C, 0x00, 0x00, 0x3C,
        0x64, 0x00, 0x72, 0x82, 0x5B, 0x00, 0x0F, 0x00, 0x00, 0x3C, 0x01, 0x00, 0x00, 0x00, 0x08, 0x00, 0x56, 0x80, 0x01, 0x80,
        0x77, 0x26, 0x80, 0xAB, 0x00, 0x00, 0x5A, 0x00, 0x00, 0x00, 0xC0, 0x80, 0x71, 0x3A, 0x4E, 0x04, 0xBF, 0x38, 0x03, 0x00,
        0xEB, 0x02, 0x74, 0x3A, 0xB4, 0x84, 0xBA, 0x38, 0x04, 0x00, 0x57, 0x80, 0x75, 0x3A, 0xA8, 0x81, 0xB9, 0x38, 0x05, 0x00,
        0x84, 0x83, 0x76, 0x3A, 0x01, 0x82, 0xB7, 0x38, 0x06, 0x00, 0x33, 0x03, 0x78, 0x3A, 0x2E, 0x82, 0xB5, 0x38, 0x07, 0x00,
        0x3C, 0x00, 0x79, 0x3A, 0x10, 0x04, 0xB4, 0x38, 0x0A, 0x00, 0x5F, 0x03, 0x7C, 0x3A, 0x3C, 0x00, 0xAF, 0x38, 0x0B, 0x00,
        0xC5, 0x03, 0x7D, 0x3A, 0x89, 0x02, 0xAE, 0x38, 0x0C, 0x00, 0x89, 0x01, 0x7E, 0x3A, 0x8B, 0x02, 0xAC, 0x38, 0x0D, 0x00,
        0x8D, 0x80, 0x7F, 0x3A, 0x8E, 0x00, 0xAB, 0x38, 0x0E, 0x00, 0x26, 0x00, 0x81, 0x3A, 0x29, 0x80, 0xA9, 0x38, 0x0F, 0x00,
        0xE6, 0x00, 0x82, 0x3A, 0xED, 0x81, 0xA7, 0x38, 0x10, 0x00, 0xB6, 0x83, 0x83, 0x3A, 0xC3, 0x81, 0xA6, 0x38, 0x11, 0x00,
        0x1E, 0x00, 0x84, 0x3A, 0x5C, 0x81, 0xA4, 0x38, 0x12, 0x00, 0xE7, 0x82, 0x85, 0x3A, 0x45, 0x03, 0xA3, 0x38, 0x13, 0x00,
        0x32, 0x82, 0x86, 0x3A, 0x4D, 0x02, 0xA1, 0x38, 0x14, 0x00, 0x15, 0x03, 0x88, 0x3A, 0x2F, 0x04, 0x9F, 0x38, 0x15, 0x00,
        0x10, 0x04, 0x89, 0x3A, 0x4B, 0x01, 0x9E, 0x38, 0x16, 0x00, 0xE5, 0x02, 0x8A, 0x3A, 0x7F, 0x00, 0x9C, 0x38, 0x17, 0x00,
        0xF3, 0x06, 0x8B, 0x3A, 0x36, 0x02, 0x9B, 0x38, 0x18, 0x00, 0xB1, 0x80, 0x8C, 0x3A, 0x33, 0x83, 0x9A, 0x38, 0x19, 0x00,
        0xD5, 0x01, 0x8D, 0x3A, 0x89, 0x00, 0x98, 0x38, 0x1A, 0x00, 0xBD, 0x01, 0x8E, 0x3A, 0xDA, 0x00, 0x97, 0x38, 0x1B, 0x00,
        0x36, 0x80, 0x8F, 0x3A, 0x7F, 0x81, 0x95, 0x38, 0x1C, 0x00, 0x2E, 0x80, 0x90, 0x3A, 0x3F, 0x82, 0x94, 0x38, 0x1E, 0x00,
        0xCC, 0x81, 0x92, 0x3A, 0xB4, 0x02, 0x90, 0x38, 0x1F, 0x00, 0x4B, 0x83, 0x93, 0x3A, 0x50, 0x02, 0x8F, 0x38, 0x22, 0x00,
        0x2A, 0x05, 0x99, 0x3A, 0x29, 0x02, 0x86, 0x38, 0x23, 0x00, 0xF6, 0x00, 0x9C, 0x3A, 0x09, 0x82, 0x82, 0x38, 0x24, 0x00,
        0xDE, 0x80, 0x9E, 0x3A, 0x87, 0x81, 0x7E, 0x38, 0x25, 0x00, 0x48, 0x83, 0xA1, 0x3A, 0xDB, 0x00, 0x7A, 0x38, 0x26, 0x00,
        0xB3, 0x00, 0xA4, 0x3A, 0xBE, 0x87, 0x76, 0x38, 0x27, 0x00, 0xAF, 0x80, 0xA7, 0x3A, 0xFE, 0x04, 0x72, 0x38, 0x29, 0x00,
        0xF9, 0x80, 0xAD, 0x3A, 0xFC, 0x00, 0x68, 0x38, 0x2A, 0x00, 0x11, 0x03, 0xAF, 0x3A, 0x87, 0x81, 0x65, 0x38, 0x2B, 0x00,
        0xAB, 0x04, 0xB1, 0x3A, 0xD1, 0x80, 0x63, 0x38, 0x2C, 0x00, 0xA8, 0x03, 0xB3, 0x3A, 0x69, 0x83, 0x60, 0x38, 0x2D, 0x00,
        0x05, 0x05, 0xB5, 0x3A, 0x37, 0x80, 0x5D, 0x38, 0x2E, 0x00, 0xA6, 0x00, 0xB7, 0x3A, 0x01, 0x02, 0x5A, 0x38, 0x2F, 0x00,
        0x84, 0x81, 0xB8, 0x3A, 0x48, 0x03, 0x58, 0x38, 0x30, 0x00, 0xEB, 0x82, 0xB9, 0x3A, 0xDE, 0x01, 0x56, 0x38, 0x31, 0x00,
        0x65, 0x02, 0xB9, 0x3A, 0x1E, 0x01, 0x56, 0x38, 0x32, 0x00, 0x0E, 0x82, 0xB9, 0x3A, 0x20, 0x83, 0x57, 0x38, 0x33, 0x00,
        0x70, 0x01, 0xB7, 0x3A, 0x0F, 0x84, 0x59, 0x38, 0x34, 0x00, 0x82, 0x82, 0xB4, 0x3A, 0x57, 0x00, 0x5D, 0x38, 0x35, 0x00,
        0x5E, 0x04, 0xB1, 0x3A, 0x7E, 0x00, 0x63, 0x38, 0x36, 0x00, 0x61, 0x02, 0xAD, 0x3A, 0xA6, 0x82, 0x69, 0x38, 0x38, 0x00,
        0x1A, 0x02, 0xA3, 0x3A, 0x26, 0x04, 0x77, 0x38, 0x39, 0x00, 0xD3, 0x01, 0x9E, 0x3A, 0xCE, 0x04, 0x7F, 0x38, 0x3A, 0x00,
        0x29, 0x82, 0x98, 0x3A, 0xCE, 0x00, 0x87, 0x38, 0x3B, 0x00, 0x72, 0x00, 0x93, 0x3A, 0x9A, 0x01, 0x8F, 0x38, 0x3C, 0x00,
        0x73, 0x00, 0x8D, 0x3A, 0xAA, 0x82, 0x98, 0x38, 0x3D, 0x00, 0x22, 0x80, 0x87, 0x3A, 0x6B, 0x00, 0xA0, 0x38, 0x3E, 0x00,
        0xB9, 0x00, 0x82, 0x3A, 0xA2, 0x04, 0xA8, 0x38, 0x3F, 0x00, 0xBB, 0x01, 0x7C, 0x3A, 0x02, 0x82, 0xAF, 0x38, 0x40, 0x00,
        0x9E, 0x01, 0x76, 0x3A, 0x73, 0x00, 0xB8, 0x38, 0x41, 0x00, 0x49, 0x02, 0x6F, 0x3A, 0x2D, 0x81, 0xC1, 0x38, 0x42, 0x00,
        0xA0, 0x00, 0x6A, 0x3A, 0xCA, 0x01, 0xC8, 0x38, 0x43, 0x00, 0xD7, 0x03, 0x66, 0x3A, 0xB1, 0x81, 0xCD, 0x38, 0x44, 0x00,
        0xDA, 0x03, 0x62, 0x3A, 0x10, 0x84, 0xD2, 0x38, 0x45, 0x00, 0x63, 0x01, 0x5E, 0x3A, 0x4B, 0x83, 0xD8, 0x38, 0x46, 0x00,
        0xD0, 0x01, 0x5B, 0x3A, 0x40, 0x00, 0xDC, 0x38, 0x47, 0x00, 0xA3, 0x80, 0x57, 0x3A, 0x83, 0x00, 0xE1, 0x38, 0x48, 0x00,
        0x3B, 0x81, 0x54, 0x3A, 0x29, 0x80, 0xE6, 0x38, 0x4A, 0x00, 0xC7, 0x00, 0x4E, 0x3A, 0xA8, 0x81, 0xEC, 0x38, 0x4B, 0x00,
        0xBF, 0x86, 0x4C, 0x3A, 0x72, 0x84, 0xEF, 0x38, 0x4C, 0x00, 0x11, 0x81, 0x4B, 0x3A, 0xE3, 0x01, 0xF1, 0x38, 0x4D, 0x00,
        0x84, 0x81, 0x4A, 0x3A, 0x80, 0x80, 0xF1, 0x38, 0x4E, 0x00, 0xC7, 0x00, 0x4B, 0x3A, 0xF2, 0x80, 0xF1, 0x38, 0x4F, 0x00,
        0x5C, 0x81, 0x4C, 0x3A, 0xB1, 0x81, 0xEF, 0x38, 0x50, 0x00, 0x5A, 0x81, 0x4E, 0x3A, 0x1D, 0x86, 0xED, 0x38, 0x51, 0x00,
        0x4A, 0x02, 0x50, 0x3A, 0x7F, 0x81, 0xEA, 0x38, 0x52, 0x00, 0x5F, 0x01, 0x53, 0x3A, 0x66, 0x02, 0xE6, 0x38, 0x53, 0x00,
        0x65, 0x80, 0x55, 0x3A, 0x1E, 0x00, 0xE3, 0x38, 0x54, 0x00, 0x64, 0x01, 0x58, 0x3A, 0x4B, 0x82, 0xE0, 0x38, 0x55, 0x00,
        0xA5, 0x02, 0x5A, 0x3A, 0xED, 0x01, 0xDD, 0x38, 0x56, 0x00, 0x98, 0x82, 0x5E, 0x3A, 0x55, 0x81, 0xD8, 0x38, 0x57, 0x00,
        0x0B, 0x00, 0x61, 0x3A, 0x80, 0x02, 0xD3, 0x38, 0x58, 0x00, 0x98, 0x00, 0x65, 0x3A, 0x90, 0x01, 0xCF, 0x38, 0x59, 0x00,
        0x17, 0x00, 0x68, 0x3A, 0x0E, 0x00, 0xCB, 0x38, 0x5A, 0x00, 0x7B, 0x80, 0x6A, 0x3A, 0x9B, 0x03, 0xC8, 0x38, 0x5B, 0x00,
        0x59, 0x03, 0x6B, 0x3A, 0xFB, 0x82, 0xC6, 0x38, 0x5C, 0x00, 0x59, 0x83, 0x6C, 0x3A, 0xA7, 0x01, 0xC5, 0x38, 0x5E, 0x00,
        0x7C, 0x03, 0x6E, 0x3A, 0x1A, 0x00, 0xC3, 0x38, 0x5F, 0x00, 0x36, 0x81, 0x6E, 0x3A, 0x79, 0x04, 0xC2, 0x38, 0x60, 0x00,
        0x85, 0x03, 0x6F, 0x3A, 0x9F, 0x00, 0xC2, 0x38, 0x61, 0x00, 0x7A, 0x80, 0x6F, 0x3A, 0x21, 0x80, 0xC1, 0x38, 0x62, 0x00,
        0x42, 0x00, 0x70, 0x3A, 0x67, 0x00, 0xC0, 0x38, 0x63, 0x00, 0x2B, 0x83, 0x70, 0x3A, 0x60, 0x02, 0xC0, 0x38, 0x64, 0x00,
        0x27, 0x80, 0x71, 0x3A, 0x8E, 0x02, 0xBF, 0x38, 0x00, 0x00, 0x02, 0x4D, 0x31, 0x59, 0x00, 0x00, 0x4E, 0x00, 0x00, 0x00,
        0xC5, 0x80, 0xB0, 0x39, 0x13, 0x03, 0xA0, 0x39, 0x01, 0x00, 0xDC, 0x04, 0xB2, 0x39, 0x1E, 0x00, 0x9E, 0x39, 0x02, 0x00,
        0x5B, 0x01, 0xB4, 0x39, 0x15, 0x00, 0x9C, 0x39, 0x03, 0x00, 0x3E, 0x00, 0xB7, 0x39, 0x1F, 0x80, 0x9A, 0x39, 0x04, 0x00,
        0x07, 0x01, 0xB9, 0x39, 0x62, 0x82, 0x97, 0x39, 0x07, 0x00, 0xD4, 0x00, 0xBF, 0x39, 0x4D, 0x80, 0x91, 0x39, 0x08, 0x00,
        0xA7, 0x00, 0xC2, 0x39, 0x16, 0x81, 0x8E, 0x39, 0x0A, 0x00, 0x27, 0x00, 0xC6, 0x39, 0x1B, 0x81, 0x8A, 0x39, 0x0B, 0x00,
        0x4C, 0x00, 0xC8, 0x39, 0x35, 0x80, 0x88, 0x39, 0x0C, 0x00, 0xDE, 0x00, 0xCA, 0x39, 0x15, 0x01, 0x85, 0x39, 0x0D, 0x00,
        0x9B, 0x80, 0xCD, 0x39, 0x44, 0x01, 0x83, 0x39, 0x0E, 0x00, 0x3F, 0x01, 0xCF, 0x39, 0x13, 0x00, 0x81, 0x39, 0x0F, 0x00,
        0x8D, 0x80, 0xD1, 0x39, 0xCB, 0x80, 0x7E, 0x39, 0x12, 0x00, 0x9A, 0x00, 0xD7, 0x39, 0x03, 0x00, 0x78, 0x39, 0x13, 0x00,
        0x67, 0x80, 0xD9, 0x39, 0xA5, 0x80, 0x76, 0x39, 0x14, 0x00, 0xF1, 0x80, 0xDB, 0x39, 0x70, 0x01, 0x74, 0x39, 0x15, 0x00,
        0xEC, 0x00, 0xDC, 0x39, 0x04, 0x80, 0x72, 0x39, 0x17, 0x00, 0xE4, 0x00, 0xE0, 0x39, 0x26, 0x80, 0x6E, 0x39, 0x18, 0x00,
        0x28, 0x00, 0xE1, 0x39, 0x89, 0x80, 0x6D, 0x39, 0x19, 0x00, 0x43, 0x03, 0xE2, 0x39, 0x8F, 0x01, 0x6B, 0x39, 0x1A, 0x00,
        0x05, 0x01, 0xE3, 0x39, 0x6C, 0x80, 0x6A, 0x39, 0x1B, 0x00, 0x6D, 0x80, 0xE5, 0x39, 0x1C, 0x00, 0x69, 0x39, 0x1C, 0x00,
        0x5C, 0x80, 0xE6, 0x39, 0x23, 0x00, 0x67, 0x39, 0x1D, 0x00, 0x32, 0x00, 0xE7, 0x39, 0x17, 0x00, 0x66, 0x39, 0x1E, 0x00,
        0x5B, 0x00, 0xE8, 0x39, 0x47, 0x01, 0x65, 0x39, 0x1F, 0x00, 0xA0, 0x00, 0xEA, 0x39, 0xFF, 0x80, 0x63, 0x39, 0x20, 0x00,
        0x2A, 0x00, 0xEB, 0x39, 0xBF, 0x05, 0x62, 0x39, 0x22, 0x00, 0x12, 0x01, 0xEF, 0x39, 0xC2, 0x05, 0x5E, 0x39, 0x23, 0x00,
        0x36, 0x00, 0xF1, 0x39, 0x26, 0x83, 0x5B, 0x39, 0x25, 0x00, 0x9C, 0x01, 0xF5, 0x39, 0xB0, 0x80, 0x57, 0x39, 0x26, 0x00,
        0x53, 0x80, 0xF7, 0x39, 0x0B, 0x00, 0x54, 0x39, 0x27, 0x00, 0xC5, 0x00, 0xF9, 0x39, 0x53, 0x01, 0x52, 0x39, 0x28, 0x00,
        0x91, 0x01, 0xFC, 0x39, 0xA2, 0x80, 0x50, 0x39, 0x29, 0x00, 0xA8, 0x00, 0xFE, 0x39, 0x53, 0x80, 0x4D, 0x39, 0x2B, 0x00,
        0x01, 0x00, 0x00, 0x3A, 0x82, 0x03, 0x4B, 0x39, 0x2C, 0x00, 0x3F, 0x00, 0x01, 0x3A, 0xE2, 0x80, 0x4A, 0x39, 0x2D, 0x00,
        0x68, 0x01, 0x02, 0x3A, 0x51, 0x80, 0x49, 0x39, 0x2E, 0x00, 0x6D, 0x01, 0x03, 0x3A, 0xD4, 0x82, 0x48, 0x39, 0x30, 0x00,
        0x99, 0x02, 0x04, 0x3A, 0xD3, 0x81, 0x47, 0x39, 0x32, 0x00, 0x9A, 0x80, 0x03, 0x3A, 0xEC, 0x00, 0x48, 0x39, 0x33, 0x00,
        0x42, 0x03, 0x01, 0x3A, 0x80, 0x83, 0x4A, 0x39, 0x35, 0x00, 0x41, 0x81, 0xFB, 0x39, 0x2B, 0x83, 0x50, 0x39, 0x36, 0x00,
        0x01, 0x81, 0xF8, 0x39, 0xCB, 0x82, 0x54, 0x39, 0x37, 0x00, 0x9A, 0x81, 0xF4, 0x39, 0x29, 0x01, 0x58, 0x39, 0x38, 0x00,
        0x6B, 0x02, 0xF0, 0x39, 0xC5, 0x01, 0x5D, 0x39, 0x39, 0x00, 0x31, 0x02, 0xEB, 0x39, 0x23, 0x80, 0x62, 0x39, 0x3A, 0x00,
        0x41, 0x81, 0xE7, 0x39, 0xF0, 0x82, 0x67, 0x39, 0x3C, 0x00, 0x04, 0x02, 0xDD, 0x39, 0xE9, 0x00, 0x71, 0x39, 0x3D, 0x00,
        0xA0, 0x00, 0xD9, 0x39, 0x23, 0x80, 0x76, 0x39, 0x3E, 0x00, 0xCA, 0x81, 0xD5, 0x39, 0x6B, 0x02, 0x7A, 0x39, 0x3F, 0x00,
        0xA5, 0x02, 0xD0, 0x39, 0x00, 0x00, 0x7F, 0x39, 0x40, 0x00, 0x5A, 0x00, 0xCC, 0x39, 0xF3, 0x80, 0x83, 0x39, 0x41, 0x00,
        0xF1, 0x81, 0xC9, 0x39, 0x6F, 0x80, 0x87, 0x39, 0x42, 0x00, 0x0E, 0x81, 0xC6, 0x39, 0x75, 0x00, 0x89, 0x39, 0x43, 0x00,
        0x30, 0x02, 0xC5, 0x39, 0x57, 0x00, 0x8B, 0x39, 0x47, 0x00, 0x02, 0x00, 0xC1, 0x39, 0x9A, 0x82, 0x8F, 0x39, 0x48, 0x00,
        0x50, 0x00, 0xC1, 0x39, 0xC6, 0x82, 0x8F, 0x39, 0x49, 0x00, 0xCC, 0x01, 0xC0, 0x39, 0xE5, 0x82, 0x8F, 0x39, 0x4A, 0x00,
        0x7C, 0x02, 0xC0, 0x39, 0x96, 0x80, 0x90, 0x39, 0x4C, 0x00, 0x6B, 0x80, 0xC0, 0x39, 0x59, 0x81, 0x90, 0x39, 0x4F, 0x00,
        0x82, 0x80, 0xC3, 0x39, 0xF0, 0x81, 0x8D, 0x39, 0x50, 0x00, 0x3A, 0x80, 0xC4, 0x39, 0x3C, 0x00, 0x8B, 0x39, 0x51, 0x00,
        0xC2, 0x00, 0xC6, 0x39, 0xE0, 0x01, 0x8A, 0x39, 0x52, 0x00, 0xED, 0x80, 0xC8, 0x39, 0xBA, 0x82, 0x88, 0x39, 0x53, 0x00,
        0xE4, 0x00, 0xC9, 0x39, 0x68, 0x00, 0x86, 0x39, 0x54, 0x00, 0x42, 0x03, 0xCA, 0x39, 0x7E, 0x04, 0x85, 0x39, 0x55, 0x00,
        0x14, 0x82, 0xCB, 0x39, 0x19, 0x81, 0x84, 0x39, 0x56, 0x00, 0x41, 0x82, 0xCC, 0x39, 0xCF, 0x00, 0x83, 0x39, 0x57, 0x00,
        0xF3, 0x81, 0xCD, 0x39, 0x02, 0x01, 0x82, 0x39, 0x58, 0x00, 0x97, 0x01, 0xCD, 0x39, 0x35, 0x81, 0x82, 0x39, 0x59, 0x00,
        0x59, 0x81, 0xCE, 0x39, 0xEE, 0x01, 0x82, 0x39, 0x5A, 0x00, 0x55, 0x00, 0xCD, 0x39, 0xD3, 0x80, 0x83, 0x39, 0x5B, 0x00,
        0xF4, 0x02, 0xCB, 0x39, 0xD8, 0x81, 0x85, 0x39, 0x5C, 0x00, 0x08, 0x00, 0xC8, 0x39, 0x0D, 0x01, 0x87, 0x39, 0x5D, 0x00,
        0x41, 0x80, 0xC6, 0x39, 0x4E, 0x00, 0x8A, 0x39, 0x61, 0x00, 0xAF, 0x81, 0xBA, 0x39, 0x99, 0x00, 0x96, 0x39, 0x62, 0x00,
        0x56, 0x00, 0xB6, 0x39, 0x5E, 0x80, 0x9A, 0x39, 0x64, 0x00, 0x60, 0x80, 0xB0, 0x39, 0x9B, 0x01, 0xA0, 0x39, 0x00, 0x00,
        0xC9, 0x0A, 0xE9, 0xD2, 0x00, 0x00, 0x27, 0x00, 0x00, 0x00, 0x0D, 0x1A, 0x23, 0xAB, 0x71, 0x98, 0xFD, 0x3B, 0x01, 0x00,
        0x21, 0x1A, 0xF7, 0xAA, 0x63, 0x98, 0xFD, 0x3B, 0x03, 0x00, 0x48, 0x1A, 0x8A, 0xAA, 0x31, 0x98, 0xFD, 0x3B, 0x04, 0x00,
        0x56, 0x1A, 0x71, 0xAA, 0x3B, 0x98, 0xFD, 0x3B, 0x05, 0x00, 0x4D, 0x1A, 0x81, 0xAA, 0x7C, 0x98, 0xFD, 0x3B, 0x06, 0x00,
        0x43, 0x1A, 0xBE, 0xAA, 0xF5, 0x98, 0xFD, 0x3B, 0x07, 0x00, 0x38, 0x1A, 0x16, 0xAB, 0x8A, 0x99, 0xFD, 0x3B, 0x08, 0x00,
        0x39, 0x1A, 0x7B, 0xAB, 0x37, 0x9A, 0xFC, 0x3B, 0x0D, 0x00, 0xE8, 0x1A, 0xE6, 0xAC, 0x0A, 0x9D, 0xFA, 0x3B, 0x0E, 0x00,
        0x26, 0x1B, 0x14, 0xAD, 0x41, 0x9D, 0xFA, 0x3B, 0x0F, 0x00, 0x67, 0x1B, 0x3A, 0xAD, 0x7F, 0x9D, 0xF9, 0x3B, 0x10, 0x00,
        0x44, 0x1B, 0x58, 0xAD, 0xA2, 0x9D, 0xF9, 0x3B, 0x11, 0x00, 0x22, 0x1B, 0x62, 0xAD, 0xC6, 0x9D, 0xF9, 0x3B, 0x12, 0x00,
        0xE3, 0x1A, 0x5C, 0xAD, 0xDB, 0x9D, 0xF9, 0x3B, 0x15, 0x00, 0x34, 0x1A, 0x26, 0xAD, 0xD1, 0x9D, 0xF9, 0x3B, 0x17, 0x00,
        0xEB, 0x19, 0xFD, 0xAC, 0x9A, 0x9D, 0xFA, 0x3B, 0x1A, 0x00, 0x3B, 0x19, 0xAE, 0xAC, 0x52, 0x9D, 0xFA, 0x3B, 0x1D, 0x00,
        0x92, 0x18, 0x58, 0xAC, 0xF0, 0x9C, 0xFB, 0x3B, 0x20, 0x00, 0xE8, 0x16, 0x03, 0xAC, 0x63, 0x9C, 0xFC, 0x3B, 0x24, 0x00,
        0x39, 0x16, 0xE3, 0xAA, 0x35, 0x9C, 0xFD, 0x3B, 0x29, 0x00, 0xD1, 0x14, 0xBA, 0xA9, 0xED, 0x99, 0xFE, 0x3B, 0x2B, 0x00,
        0x87, 0x12, 0x48, 0xA9, 0x51, 0x98, 0xFE, 0x3B, 0x2D, 0x00, 0x64, 0x10, 0xE5, 0xA8, 0x07, 0x97, 0xFE, 0x3B, 0x30, 0x00,
        0x06, 0x10, 0x75, 0xA8, 0xCC, 0x96, 0xFF, 0x3B, 0x32, 0x00, 0xBA, 0x12, 0x38, 0xA8, 0xF0, 0x96, 0xFF, 0x3B, 0x33, 0x00,
        0x2B, 0x14, 0x22, 0xA8, 0x3F, 0x97, 0xFF, 0x3B, 0x35, 0x00, 0xA0, 0x15, 0x4F, 0xA8, 0xC6, 0x97, 0xFF, 0x3B, 0x39, 0x00,
        0x15, 0x18, 0xC9, 0xA8, 0x4E, 0x98, 0xFF, 0x3B, 0x3D, 0x00, 0x00, 0x18, 0x4F, 0xA9, 0xB1, 0x98, 0xFE, 0x3B, 0x40, 0x00,
        0x38, 0x16, 0xBD, 0xA9, 0x90, 0x97, 0xFE, 0x3B, 0x44, 0x00, 0x15, 0x18, 0x57, 0xAA, 0x0B, 0x97, 0xFD, 0x3B, 0x49, 0x00,
        0xFD, 0x18, 0xF9, 0xAA, 0xA1, 0x97, 0xFD, 0x3B, 0x4C, 0x00, 0xB6, 0x19, 0x58, 0xAB, 0x03, 0x99, 0xFD, 0x3B, 0x50, 0x00,
        0x65, 0x19, 0x88, 0xAB, 0xB2, 0x9A, 0xFC, 0x3B, 0x54, 0x00, 0xAB, 0x19, 0xA8, 0xAB, 0x96, 0x9B, 0xFC, 0x3B, 0x57, 0x00,
        0xF3, 0x19, 0x99, 0xAB, 0x02, 0x9C, 0xFC, 0x3B, 0x5C, 0x00, 0xF7, 0x19, 0x69, 0xAB, 0x21, 0x9C, 0xFD, 0x3B, 0x60, 0x00,
        0x6F, 0x1A, 0x38, 0xAB, 0xC8, 0x9A, 0xFD, 0x3B, 0x64, 0x00, 0x0C, 0x1A, 0x21, 0xAB, 0x6F, 0x98, 0xFD, 0x3B, 0x01, 0x00,
        0x00, 0x00, 0x48, 0x01, 0x11, 0x00, 0x13, 0x00, 0xC2, 0x41, 0xDB, 0xD9, 0x00, 0x00, 0x02, 0x00, 0x00, 0x00, 0x7A, 0x99,
        0x51, 0x80, 0x7B, 0x99, 0x00, 0x3C, 0x64, 0x00, 0x74, 0x99, 0x4B, 0x80, 0x75, 0x99, 0x00, 0x3C, 0x01, 0x00, 0x00, 0x00,
        0x58, 0xAE, 0xEF, 0x0D, 0x58, 0x2E, 0x69, 0xC6, 0x80, 0xBC, 0x00, 0x00, 0x08, 0x00, 0x00, 0x00, 0xA9, 0x83, 0x29, 0x80,
        0xC0, 0x83, 0x00, 0x3C, 0x04, 0x00, 0x0B, 0x06, 0x1A, 0x80, 0x68, 0x06, 0x00, 0x3C, 0x08, 0x00, 0xAF, 0x82, 0x41, 0x80,
        0xF4, 0x82, 0x00, 0x3C, 0x21, 0x00, 0x7B, 0x01, 0x42, 0x80, 0x5A, 0x01, 0x00, 0x3C, 0x34, 0x00, 0xBC, 0x82, 0x26, 0x03,
        0x3F, 0x84, 0x00, 0x3C, 0x5E, 0x00, 0x39, 0x03, 0x00, 0x00, 0x13, 0x03, 0x00, 0x3C, 0x63, 0x00, 0xDE, 0x80, 0x70, 0x00,
        0xB8, 0x04, 0x00, 0x3C, 0x64, 0x00, 0xAB, 0x86, 0x6B, 0x80, 0xE6, 0x86, 0x00, 0x3C, 0x00, 0x00, 0x91, 0xA9, 0x96, 0x37,
        0x00, 0x00, 0x0B, 0x00, 0x00, 0x00, 0x3B, 0x05, 0x09, 0x80, 0x0E, 0x00, 0x00, 0x3C, 0x04, 0x00, 0x68, 0x88, 0x4A, 0x00,
        0x1C, 0x00, 0x00, 0x3C, 0x08, 0x00, 0xFA, 0x03, 0x28, 0x80, 0x0B, 0x80, 0x00, 0x3C, 0x21, 0x00, 0x03, 0x82, 0x0F, 0x80,
        0x0D, 0x80, 0x00, 0x3C, 0x24, 0x00, 0x50, 0x08, 0xC1, 0x82, 0x1D, 0x05, 0x00, 0x3C, 0x27, 0x00, 0xDE, 0x86, 0x26, 0x01,
        0xCA, 0x00, 0x00, 0x3C, 0x31, 0x00, 0x19, 0x02, 0xA4, 0x85, 0x14, 0x83, 0x00, 0x3C, 0x47, 0x00, 0xB1, 0x02, 0xAB, 0x05,
        0x05, 0x83, 0x00, 0x3C, 0x5E, 0x00, 0x76, 0x84, 0x14, 0x80, 0x35, 0x00, 0x00, 0x3C, 0x63, 0x00, 0xBC, 0x82, 0xF5, 0x03,
        0xCA, 0x00, 0x00, 0x3C, 0x64, 0x00, 0xCB, 0x08, 0x1F, 0x80, 0x34, 0x80, 0x00, 0x3C, 0x00, 0x00, 0x1A, 0xA4, 0xF2, 0xD2,
        0x00, 0x00, 0x0B, 0x00, 0x00, 0x00, 0x3B, 0x05, 0x09, 0x80, 0x0E, 0x00, 0x00, 0x3C, 0x04, 0x00, 0x68, 0x88, 0x4A, 0x00,
        0x1C, 0x00, 0x00, 0x3C, 0x08, 0x00, 0xFA, 0x03, 0x28, 0x80, 0x0B, 0x80, 0x00, 0x3C, 0x21, 0x00, 0x03, 0x82, 0x0F, 0x80,
        0x0D, 0x80, 0x00, 0x3C, 0x24, 0x00, 0x50, 0x08, 0xC1, 0x82, 0x1D, 0x05, 0x00, 0x3C, 0x27, 0x00, 0xDE, 0x86, 0x26, 0x01,
        0xCA, 0x00, 0x00, 0x3C, 0x31, 0x00, 0x19, 0x02, 0xA4, 0x85, 0x14, 0x83, 0x00, 0x3C, 0x47, 0x00, 0xB1, 0x02, 0xAB, 0x05,
        0x05, 0x83, 0x00, 0x3C, 0x5E, 0x00, 0x76, 0x84, 0x14, 0x80, 0x35, 0x00, 0x00, 0x3C, 0x63, 0x00, 0xBC, 0x82, 0xF5, 0x03,
        0xCA, 0x00, 0x00, 0x3C, 0x64, 0x00, 0xCB, 0x08, 0x1F, 0x80, 0x34, 0x80, 0x00, 0x3C, 0x00, 0x00, 0x7C, 0x78, 0xA5, 0xF4,
        0x00, 0x00, 0x47, 0x00, 0x00, 0x00, 0x25, 0xA9, 0x03, 0xA7, 0x2D, 0xB0, 0xEC, 0x3B, 0x02, 0x00, 0x0D, 0xA9, 0x3D, 0xA7,
        0x34, 0xB0, 0xEC, 0x3B, 0x03, 0x00, 0x01, 0xA9, 0x58, 0xA7, 0x37, 0xB0, 0xEC, 0x3B, 0x04, 0x00, 0xF2, 0xA8, 0x59, 0xA7,
        0x39, 0xB0, 0xEC, 0x3B, 0x05, 0x00, 0xE9, 0xA8, 0x7F, 0xA7, 0x3D, 0xB0, 0xEC, 0x3B, 0x06, 0x00, 0xD9, 0xA8, 0xAE, 0xA7,
        0x3F, 0xB0, 0xEB, 0x3B, 0x0B, 0x00, 0x9F, 0xA8, 0x05, 0xA8, 0x50, 0xB0, 0xEB, 0x3B, 0x0C, 0x00, 0x93, 0xA8, 0x18, 0xA8,
        0x53, 0xB0, 0xEB, 0x3B, 0x0D, 0x00, 0x86, 0xA8, 0x1D, 0xA8, 0x56, 0xB0, 0xEB, 0x3B, 0x0E, 0x00, 0x79, 0xA8, 0x39, 0xA8,
        0x59, 0xB0, 0xEB, 0x3B, 0x10, 0x00, 0x65, 0xA8, 0x4E, 0xA8, 0x60, 0xB0, 0xEA, 0x3B, 0x11, 0x00, 0x54, 0xA8, 0x63, 0xA8,
        0x62, 0xB0, 0xEA, 0x3B, 0x12, 0x00, 0x48, 0xA8, 0x6B, 0xA8, 0x65, 0xB0, 0xEA, 0x3B, 0x14, 0x00, 0x2F, 0xA8, 0x9C, 0xA8,
        0x6B, 0xB0, 0xEA, 0x3B, 0x15, 0x00, 0x24, 0xA8, 0xA9, 0xA8, 0x6E, 0xB0, 0xEA, 0x3B, 0x16, 0x00, 0x1B, 0xA8, 0xC3, 0xA8,
        0x72, 0xB0, 0xEA, 0x3B, 0x18, 0x00, 0xFF, 0xA7, 0xE6, 0xA8, 0x77, 0xB0, 0xE9, 0x3B, 0x1A, 0x00, 0xD1, 0xA7, 0x1A, 0xA9,
        0x7D, 0xB0, 0xE9, 0x3B, 0x1E, 0x00, 0x83, 0xA7, 0x9C, 0xA9, 0x88, 0xB0, 0xE8, 0x3B, 0x1F, 0x00, 0x75, 0xA7, 0xB3, 0xA9,
        0x8A, 0xB0, 0xE8, 0x3B, 0x20, 0x00, 0x65, 0xA7, 0xE7, 0xA9, 0x8C, 0xB0, 0xE8, 0x3B, 0x21, 0x00, 0x4D, 0xA7, 0x19, 0xAA,
        0x8B, 0xB0, 0xE8, 0x3B, 0x22, 0x00, 0x54, 0xA7, 0x49, 0xAA, 0x8D, 0xB0, 0xE8, 0x3B, 0x23, 0x00, 0x5C, 0xA7, 0x8C, 0xAA,
        0x8F, 0xB0, 0xE8, 0x3B, 0x24, 0x00, 0x62, 0xA7, 0xC4, 0xAA, 0x8F, 0xB0, 0xE7, 0x3B, 0x27, 0x00, 0x80, 0xA7, 0x94, 0xAB,
        0x8E, 0xB0, 0xE7, 0x3B, 0x28, 0x00, 0x90, 0xA7, 0xE9, 0xAB, 0x8E, 0xB0, 0xE6, 0x3B, 0x29, 0x00, 0xAE, 0xA7, 0x23, 0xAC,
        0x8C, 0xB0, 0xE6, 0x3B, 0x2A, 0x00, 0xEB, 0xA7, 0x48, 0xAC, 0x8D, 0xB0, 0xE6, 0x3B, 0x2B, 0x00, 0x0C, 0xA8, 0x6B, 0xAC,
        0x8B, 0xB0, 0xE5, 0x3B, 0x2E, 0x00, 0x58, 0xA8, 0xEA, 0xAC, 0x8A, 0xB0, 0xE4, 0x3B, 0x30, 0x00, 0x91, 0xA8, 0x32, 0xAD,
        0x89, 0xB0, 0xE3, 0x3B, 0x31, 0x00, 0xB7, 0xA8, 0x44, 0xAD, 0x89, 0xB0, 0xE3, 0x3B, 0x32, 0x00, 0xD4, 0xA8, 0x57, 0xAD,
        0x86, 0xB0, 0xE3, 0x3B, 0x33, 0x00, 0xFB, 0xA8, 0x5D, 0xAD, 0x83, 0xB0, 0xE3, 0x3B, 0x34, 0x00, 0x25, 0xA9, 0x57, 0xAD,
        0x80, 0xB0, 0xE3, 0x3B, 0x36, 0x00, 0x7D, 0xA9, 0x32, 0xAD, 0x76, 0xB0, 0xE3, 0x3B, 0x37, 0x00, 0xB4, 0xA9, 0x16, 0xAD,
        0x73, 0xB0, 0xE4, 0x3B, 0x38, 0x00, 0xE2, 0xA9, 0xFD, 0xAC, 0x6C, 0xB0, 0xE4, 0x3B, 0x3A, 0x00, 0x46, 0xAA, 0xB9, 0xAC,
        0x60, 0xB0, 0xE5, 0x3B, 0x3B, 0x00, 0x78, 0xAA, 0x9A, 0xAC, 0x59, 0xB0, 0xE5, 0x3B, 0x3C, 0x00, 0xA9, 0xAA, 0x6F, 0xAC,
        0x52, 0xB0, 0xE5, 0x3B, 0x3F, 0x00, 0x35, 0xAB, 0x06, 0xAC, 0x3E, 0xB0, 0xE7, 0x3B, 0x40, 0x00, 0x65, 0xAB, 0xB2, 0xAB,
        0x37, 0xB0, 0xE7, 0x3B, 0x41, 0x00, 0x95, 0xAB, 0x42, 0xAB, 0x30, 0xB0, 0xE7, 0x3B, 0x42, 0x00, 0xA7, 0xAB, 0xD6, 0xAA,
        0x28, 0xB0, 0xE8, 0x3B, 0x44, 0x00, 0xAD, 0xAB, 0xF9, 0xA9, 0x19, 0xB0, 0xE9, 0x3B, 0x45, 0x00, 0xAE, 0xAB, 0x7D, 0xA9,
        0x11, 0xB0, 0xEA, 0x3B, 0x46, 0x00, 0xAC, 0xAB, 0x1C, 0xA9, 0x09, 0xB0, 0xEA, 0x3B, 0x48, 0x00, 0xA3, 0xAB, 0x33, 0xA8,
        0xF4, 0xAF, 0xEB, 0x3B, 0x4A, 0x00, 0x92, 0xAB, 0xE0, 0xA6, 0xDC, 0xAF, 0xEC, 0x3B, 0x4B, 0x00, 0x80, 0xAB, 0x2A, 0xA6,
        0xCF, 0xAF, 0xED, 0x3B, 0x4C, 0x00, 0x6E, 0xAB, 0x9D, 0xA5, 0xC7, 0xAF, 0xED, 0x3B, 0x4D, 0x00, 0x56, 0xAB, 0x37, 0xA5,
        0xC1, 0xAF, 0xED, 0x3B, 0x4E, 0x00, 0x38, 0xAB, 0xE2, 0xA4, 0xBE, 0xAF, 0xED, 0x3B, 0x50, 0x00, 0xEF, 0xAA, 0x94, 0xA4,
        0xBF, 0xAF, 0xEE, 0x3B, 0x51, 0x00, 0xC6, 0xAA, 0x81, 0xA4, 0xC1, 0xAF, 0xEE, 0x3B, 0x52, 0x00, 0x9B, 0xAA, 0x96, 0xA4,
        0xC4, 0xAF, 0xEE, 0x3B, 0x53, 0x00, 0x71, 0xAA, 0x84, 0xA4, 0xC7, 0xAF, 0xEE, 0x3B, 0x54, 0x00, 0x48, 0xAA, 0x88, 0xA4,
        0xCB, 0xAF, 0xEE, 0x3B, 0x55, 0x00, 0x1B, 0xAA, 0x6F, 0xA4, 0xCE, 0xAF, 0xEE, 0x3B, 0x56, 0x00, 0xE7, 0xA9, 0x94, 0xA4,
        0xD2, 0xAF, 0xEE, 0x3B, 0x58, 0x00, 0x7C, 0xA9, 0xB8, 0xA4, 0xDB, 0xAF, 0xEE, 0x3B, 0x5A, 0x00, 0x3C, 0xA9, 0x0A, 0xA5,
        0xEC, 0xAF, 0xEE, 0x3B, 0x5D, 0x00, 0x1D, 0xA9, 0x76, 0xA5, 0x05, 0xB0, 0xEE, 0x3B, 0x5E, 0x00, 0x1C, 0xA9, 0xBD, 0xA5,
        0x0B, 0xB0, 0xED, 0x3B, 0x5F, 0x00, 0x19, 0xA9, 0xED, 0xA5, 0x0F, 0xB0, 0xED, 0x3B, 0x61, 0x00, 0x22, 0xA9, 0x5B, 0xA6,
        0x1C, 0xB0, 0xED, 0x3B, 0x62, 0x00, 0x20, 0xA9, 0xAE, 0xA6, 0x21, 0xB0, 0xED, 0x3B, 0x63, 0x00, 0x26, 0xA9, 0xCA, 0xA6,
        0x27, 0xB0, 0xEC, 0x3B, 0x64, 0x00, 0x24, 0xA9, 0x07, 0xA7, 0x2D, 0xB0, 0xEC, 0x3B, 0x00, 0x00, 0xF3, 0x07, 0x9C, 0xDD,
        0x00, 0x00, 0x43, 0x00, 0x00, 0x00, 0xDD, 0x9C, 0xFF, 0x30, 0x9B, 0x28, 0xE6, 0x3B, 0x02, 0x00, 0xC7, 0x9C, 0xF7, 0x30,
        0x91, 0x28, 0xE6, 0x3B, 0x04, 0x00, 0x08, 0x9D, 0xEC, 0x30, 0x7A, 0x28, 0xE6, 0x3B, 0x07, 0x00, 0x04, 0x9D, 0xE2, 0x30,
        0x67, 0x28, 0xE7, 0x3B, 0x08, 0x00, 0xE5, 0x9C, 0xD9, 0x30, 0x64, 0x28, 0xE7, 0x3B, 0x0A, 0x00, 0x10, 0x9D, 0xD4, 0x30,
        0x50, 0x28, 0xE7, 0x3B, 0x0F, 0x00, 0x1F, 0x9D, 0xBB, 0x30, 0x29, 0x28, 0xE8, 0x3B, 0x13, 0x00, 0xCF, 0x9C, 0xAA, 0x30,
        0x19, 0x28, 0xE9, 0x3B, 0x14, 0x00, 0x9B, 0x9C, 0xA5, 0x30, 0x1A, 0x28, 0xE9, 0x3B, 0x15, 0x00, 0xBD, 0x9C, 0xA2, 0x30,
        0x0F, 0x28, 0xE9, 0x3B, 0x16, 0x00, 0x87, 0x9C, 0x9C, 0x30, 0x12, 0x28, 0xEA, 0x3B, 0x17, 0x00, 0x44, 0x9C, 0x94, 0x30,
        0x0F, 0x28, 0xEA, 0x3B, 0x18, 0x00, 0xDD, 0x9B, 0x91, 0x30, 0x12, 0x28, 0xEA, 0x3B, 0x1A, 0x00, 0x21, 0x9B, 0x84, 0x30,
        0x0A, 0x28, 0xEA, 0x3B, 0x1B, 0x00, 0x3F, 0x9A, 0x7C, 0x30, 0x12, 0x28, 0xEB, 0x3B, 0x1C, 0x00, 0x9F, 0x99, 0x77, 0x30,
        0x18, 0x28, 0xEB, 0x3B, 0x1D, 0x00, 0x99, 0x98, 0x73, 0x30, 0x2A, 0x28, 0xEB, 0x3B, 0x1E, 0x00, 0x7B, 0x98, 0x70, 0x30,
        0x2D, 0x28, 0xEB, 0x3B, 0x1F, 0x00, 0xE2, 0x97, 0x6A, 0x30, 0x3E, 0x28, 0xEB, 0x3B, 0x20, 0x00, 0x33, 0x97, 0x6B, 0x30,
        0x54, 0x28, 0xEB, 0x3B, 0x21, 0x00, 0x44, 0x96, 0x69, 0x30, 0x71, 0x28, 0xEB, 0x3B, 0x23, 0x00, 0x37, 0x96, 0x6F, 0x30,
        0xCE, 0x28, 0xEB, 0x3B, 0x26, 0x00, 0xA4, 0x96, 0x82, 0x30, 0x81, 0x29, 0xEA, 0x3B, 0x27, 0x00, 0xBF, 0x96, 0x87, 0x30,
        0xC0, 0x29, 0xE9, 0x3B, 0x28, 0x00, 0x77, 0x97, 0x8F, 0x30, 0x06, 0x2A, 0xE9, 0x3B, 0x29, 0x00, 0x61, 0x97, 0x98, 0x30,
        0x63, 0x2A, 0xE8, 0x3B, 0x2A, 0x00, 0x60, 0x97, 0xA1, 0x30, 0xB5, 0x2A, 0xE8, 0x3B, 0x2D, 0x00, 0xD8, 0x95, 0xA8, 0x30,
        0xA3, 0x2B, 0xE6, 0x3B, 0x2E, 0x00, 0xCE, 0x94, 0xAA, 0x30, 0xF8, 0x2B, 0xE6, 0x3B, 0x2F, 0x00, 0xA8, 0x94, 0xAD, 0x30,
        0x21, 0x2C, 0xE6, 0x3B, 0x30, 0x00, 0x82, 0x93, 0xAD, 0x30, 0x45, 0x2C, 0xE5, 0x3B, 0x31, 0x00, 0x99, 0x91, 0xAF, 0x30,
        0x64, 0x2C, 0xE5, 0x3B, 0x32, 0x00, 0xDE, 0x8E, 0xAD, 0x30, 0x80, 0x2C, 0xE5, 0x3B, 0x33, 0x00, 0x8C, 0x86, 0xAB, 0x30,
        0x95, 0x2C, 0xE5, 0x3B, 0x34, 0x00, 0xD5, 0x0B, 0xAA, 0x30, 0xA5, 0x2C, 0xE5, 0x3B, 0x35, 0x00, 0xB5, 0x11, 0xA6, 0x30,
        0xB1, 0x2C, 0xE5, 0x3B, 0x37, 0x00, 0xDF, 0x16, 0x9B, 0x30, 0xC1, 0x2C, 0xE5, 0x3B, 0x3A, 0x00, 0xC3, 0x1A, 0x89, 0x30,
        0xC9, 0x2C, 0xE6, 0x3B, 0x3B, 0x00, 0xCD, 0x1B, 0x84, 0x30, 0xC9, 0x2C, 0xE6, 0x3B, 0x3C, 0x00, 0x5F, 0x1C, 0x7E, 0x30,
        0xC6, 0x2C, 0xE6, 0x3B, 0x3D, 0x00, 0x00, 0x1D, 0x79, 0x30, 0xC8, 0x2C, 0xE6, 0x3B, 0x3E, 0x00, 0x7F, 0x1D, 0x71, 0x30,
        0xC9, 0x2C, 0xE6, 0x3B, 0x40, 0x00, 0x3B, 0x1E, 0x6D, 0x30, 0xC6, 0x2C, 0xE7, 0x3B, 0x41, 0x00, 0x34, 0x1E, 0x6E, 0x30,
        0xBB, 0x2C, 0xE7, 0x3B, 0x42, 0x00, 0xDA, 0x1D, 0x74, 0x30, 0xAE, 0x2C, 0xE7, 0x3B, 0x44, 0x00, 0xFE, 0x1B, 0x8A, 0x30,
        0x89, 0x2C, 0xE6, 0x3B, 0x46, 0x00, 0x93, 0x18, 0x9E, 0x30, 0x69, 0x2C, 0xE6, 0x3B, 0x47, 0x00, 0x51, 0x15, 0xAC, 0x30,
        0x57, 0x2C, 0xE5, 0x3B, 0x48, 0x00, 0xDA, 0x0D, 0xB5, 0x30, 0x45, 0x2C, 0xE5, 0x3B, 0x4A, 0x00, 0x2C, 0x96, 0xCD, 0x30,
        0x21, 0x2C, 0xE5, 0x3B, 0x4C, 0x00, 0x90, 0x9A, 0xE0, 0x30, 0xF7, 0x2B, 0xE4, 0x3B, 0x4D, 0x00, 0x0F, 0x9C, 0xE5, 0x30,
        0xD2, 0x2B, 0xE4, 0x3B, 0x4F, 0x00, 0x9D, 0x9D, 0xF7, 0x30, 0x83, 0x2B, 0xE4, 0x3B, 0x50, 0x00, 0x53, 0x9E, 0xFC, 0x30,
        0x5B, 0x2B, 0xE4, 0x3B, 0x51, 0x00, 0x03, 0x9F, 0x04, 0x31, 0x33, 0x2B, 0xE3, 0x3B, 0x53, 0x00, 0x0B, 0xA0, 0x0C, 0x31,
        0xE7, 0x2A, 0xE3, 0x3B, 0x54, 0x00, 0x5C, 0xA0, 0x12, 0x31, 0xBB, 0x2A, 0xE3, 0x3B, 0x55, 0x00, 0x98, 0xA0, 0x14, 0x31,
        0x93, 0x2A, 0xE3, 0x3B, 0x56, 0x00, 0xD2, 0xA0, 0x19, 0x31, 0x6B, 0x2A, 0xE3, 0x3B, 0x58, 0x00, 0x21, 0xA1, 0x1C, 0x31,
        0x1C, 0x2A, 0xE3, 0x3B, 0x59, 0x00, 0x29, 0xA1, 0x1A, 0x31, 0xF6, 0x29, 0xE3, 0x3B, 0x5A, 0x00, 0x19, 0xA1, 0x1A, 0x31,
        0xD3, 0x29, 0xE4, 0x3B, 0x5E, 0x00, 0x3F, 0xA0, 0x13, 0x31, 0x54, 0x29, 0xE4, 0x3B, 0x61, 0x00, 0x96, 0x9E, 0x05, 0x31,
        0xF8, 0x28, 0xE5, 0x3B, 0x62, 0x00, 0xE2, 0x9D, 0x05, 0x31, 0xDE, 0x28, 0xE5, 0x3B, 0x63, 0x00, 0x67, 0x9D, 0x01, 0x31,
        0xBA, 0x28, 0xE5, 0x3B, 0x64, 0x00, 0xDB, 0x9C, 0x00, 0x31, 0x9B, 0x28, 0xE5, 0x3B, 0x00, 0x00, 0xFA, 0xE9, 0x39, 0xD4,
        0x00, 0x00, 0x05, 0x00, 0x00, 0x00, 0xD2, 0x20, 0x9C, 0x2D, 0x9C, 0x9C, 0xF8, 0x3B, 0x14, 0x00, 0xC4, 0x20, 0x94, 0x2D,
        0xBD, 0x9C, 0xF8, 0x3B, 0x27, 0x00, 0xD4, 0x20, 0x96, 0x2D, 0xC7, 0x9C, 0xF8, 0x3B, 0x44, 0x00, 0xD2, 0x20, 0x9D, 0x2D,
        0x97, 0x9C, 0xF8, 0x3B, 0x64, 0x00, 0xD2, 0x20, 0x9D, 0x2D, 0x9C, 0x9C, 0xF8, 0x3B, 0x01, 0x00, 0x00, 0x00, 0xEC, 0x80,
        0x21, 0x00, 0x12, 0x00, 0x24, 0xC1, 0x83, 0x25, 0x00, 0x00, 0x02, 0x00, 0x00, 0x00, 0x10, 0x80, 0x0C, 0x80, 0x18, 0x00,
        0x00, 0x3C, 0x64, 0x00, 0xFB, 0x00, 0x0C, 0x80, 0x12, 0x00, 0x00, 0x3C, 0x00, 0x00, 0xF3, 0x58, 0x16, 0x21, 0x00, 0x00,
        0x4A, 0x00, 0x00, 0x00, 0xB3, 0x33, 0x30, 0xB9, 0xA7, 0xAD, 0xBC, 0x39, 0x02, 0x00, 0xCD, 0x33, 0x2A, 0xB9, 0xAE, 0xAD,
        0xBF, 0x39, 0x04, 0x00, 0xE6, 0x33, 0x26, 0xB9, 0xB2, 0xAD, 0xC1, 0x39, 0x05, 0x00, 0xEE, 0x33, 0x25, 0xB9, 0xAA, 0xAD,
        0xC1, 0x39, 0x06, 0x00, 0xF3, 0x33, 0x24, 0xB9, 0x98, 0xAD, 0xC1, 0x39, 0x07, 0x00, 0xF4, 0x33, 0x25, 0xB9, 0x7F, 0xAD,
        0xC1, 0x39, 0x0A, 0x00, 0xFB, 0x33, 0x2A, 0xB9, 0x34, 0xAD, 0xBD, 0x39, 0x0C, 0x00, 0x01, 0x34, 0x2D, 0xB9, 0xFF, 0xAC,
        0xBB, 0x39, 0x0E, 0x00, 0x03, 0x34, 0x2F, 0xB9, 0xCD, 0xAC, 0xB9, 0x39, 0x0F, 0x00, 0x05, 0x34, 0x2F, 0xB9, 0xB4, 0xAC,
        0xB9, 0x39, 0x10, 0x00, 0x06, 0x34, 0x2E, 0xB9, 0x98, 0xAC, 0xBA, 0x39, 0x11, 0x00, 0x07, 0x34, 0x2C, 0xB9, 0x79, 0xAC,
        0xBC, 0x39, 0x12, 0x00, 0x08, 0x34, 0x29, 0xB9, 0x56, 0xAC, 0xBF, 0x39, 0x14, 0x00, 0x0A, 0x34, 0x21, 0xB9, 0x15, 0xAC,
        0xC6, 0x39, 0x15, 0x00, 0x0C, 0x34, 0x1E, 0xB9, 0xEF, 0xAB, 0xC9, 0x39, 0x17, 0x00, 0x10, 0x34, 0x16, 0xB9, 0x8A, 0xAB,
        0xD0, 0x39, 0x19, 0x00, 0x15, 0x34, 0x0E, 0xB9, 0x30, 0xAB, 0xD7, 0x39, 0x1A, 0x00, 0x19, 0x34, 0x0A, 0xB9, 0x0B, 0xAB,
        0xDA, 0x39, 0x1B, 0x00, 0x1C, 0x34, 0x05, 0xB9, 0xE7, 0xAA, 0xDD, 0x39, 0x1C, 0x00, 0x1F, 0x34, 0x01, 0xB9, 0xC7, 0xAA,
        0xE0, 0x39, 0x1D, 0x00, 0x22, 0x34, 0xFD, 0xB8, 0xB1, 0xAA, 0xE3, 0x39, 0x1E, 0x00, 0x25, 0x34, 0xFA, 0xB8, 0x9F, 0xAA,
        0xE6, 0x39, 0x1F, 0x00, 0x27, 0x34, 0xF6, 0xB8, 0x90, 0xAA, 0xE9, 0x39, 0x20, 0x00, 0x2B, 0x34, 0xF2, 0xB8, 0x83, 0xAA,
        0xEB, 0x39, 0x22, 0x00, 0x34, 0x34, 0xE8, 0xB8, 0x63, 0xAA, 0xF2, 0x39, 0x23, 0x00, 0x39, 0x34, 0xE3, 0xB8, 0x57, 0xAA,
        0xF5, 0x39, 0x25, 0x00, 0x41, 0x34, 0xDB, 0xB8, 0x5D, 0xAA, 0xFB, 0x39, 0x27, 0x00, 0x47, 0x34, 0xD4, 0xB8, 0x7E, 0xAA,
        0xFF, 0x39, 0x29, 0x00, 0x4C, 0x34, 0xCD, 0xB8, 0xA8, 0xAA, 0x03, 0x3A, 0x2A, 0x00, 0x4D, 0x34, 0xCA, 0xB8, 0xC2, 0xAA,
        0x05, 0x3A, 0x2B, 0x00, 0x4F, 0x34, 0xC7, 0xB8, 0xD9, 0xAA, 0x07, 0x3A, 0x2D, 0x00, 0x53, 0x34, 0xC3, 0xB8, 0xFF, 0xAA,
        0x0A, 0x3A, 0x2E, 0x00, 0x55, 0x34, 0xC2, 0xB8, 0x0F, 0xAB, 0x0A, 0x3A, 0x2F, 0x00, 0x59, 0x34, 0xC0, 0xB8, 0x21, 0xAB,
        0x0B, 0x3A, 0x31, 0x00, 0x62, 0x34, 0xBE, 0xB8, 0x4E, 0xAB, 0x0B, 0x3A, 0x32, 0x00, 0x67, 0x34, 0xBD, 0xB8, 0x67, 0xAB,
        0x0A, 0x3A, 0x33, 0x00, 0x6D, 0x34, 0xBD, 0xB8, 0x85, 0xAB, 0x09, 0x3A, 0x34, 0x00, 0x73, 0x34, 0xBE, 0xB8, 0xAF, 0xAB,
        0x07, 0x3A, 0x36, 0x00, 0x7E, 0x34, 0xC2, 0xB8, 0x05, 0xAC, 0x01, 0x3A, 0x37, 0x00, 0x83, 0x34, 0xC4, 0xB8, 0x1D, 0xAC,
        0xFF, 0x39, 0x38, 0x00, 0x88, 0x34, 0xC7, 0xB8, 0x35, 0xAC, 0xFB, 0x39, 0x39, 0x00, 0x8C, 0x34, 0xC9, 0xB8, 0x4C, 0xAC,
        0xF8, 0x39, 0x3C, 0x00, 0x96, 0x34, 0xD2, 0xB8, 0x91, 0xAC, 0xEF, 0x39, 0x3D, 0x00, 0x97, 0x34, 0xD5, 0xB8, 0xA9, 0xAC,
        0xEC, 0x39, 0x3F, 0x00, 0x97, 0x34, 0xDB, 0xB8, 0xDF, 0xAC, 0xE6, 0x39, 0x40, 0x00, 0x97, 0x34, 0xDF, 0xB8, 0xF8, 0xAC,
        0xE3, 0x39, 0x41, 0x00, 0x98, 0x34, 0xE2, 0xB8, 0x12, 0xAD, 0xDF, 0x39, 0x42, 0x00, 0x98, 0x34, 0xE6, 0xB8, 0x29, 0xAD,
        0xDC, 0x39, 0x43, 0x00, 0x99, 0x34, 0xE9, 0xB8, 0x40, 0xAD, 0xD8, 0x39, 0x44, 0x00, 0x99, 0x34, 0xED, 0xB8, 0x56, 0xAD,
        0xD5, 0x39, 0x45, 0x00, 0x97, 0x34, 0xF0, 0xB8, 0x67, 0xAD, 0xD2, 0x39, 0x46, 0x00, 0x95, 0x34, 0xF4, 0xB8, 0x77, 0xAD,
        0xCF, 0x39, 0x47, 0x00, 0x91, 0x34, 0xF8, 0xB8, 0x82, 0xAD, 0xCD, 0x39, 0x48, 0x00, 0x8C, 0x34, 0xFB, 0xB8, 0x8A, 0xAD,
        0xCB, 0x39, 0x49, 0x00, 0x85, 0x34, 0xFF, 0xB8, 0x8B, 0xAD, 0xC8, 0x39, 0x4A, 0x00, 0x7E, 0x34, 0x03, 0xB9, 0x88, 0xAD,
        0xC6, 0x39, 0x4C, 0x00, 0x6B, 0x34, 0x0B, 0xB9, 0x75, 0xAD, 0xC4, 0x39, 0x4D, 0x00, 0x60, 0x34, 0x0E, 0xB9, 0x65, 0xAD,
        0xC3, 0x39, 0x50, 0x00, 0x3B, 0x34, 0x15, 0xB9, 0x2A, 0xAD, 0xC5, 0x39, 0x51, 0x00, 0x2F, 0x34, 0x18, 0xB9, 0x1B, 0xAD,
        0xC5, 0x39, 0x53, 0x00, 0x1A, 0x34, 0x1C, 0xB9, 0x02, 0xAD, 0xC5, 0x39, 0x54, 0x00, 0x10, 0x34, 0x1E, 0xB9, 0xF8, 0xAC,
        0xC6, 0x39, 0x56, 0x00, 0x02, 0x34, 0x20, 0xB9, 0xEC, 0xAC, 0xC6, 0x39, 0x57, 0x00, 0xF9, 0x33, 0x21, 0xB9, 0xEC, 0xAC,
        0xC7, 0x39, 0x58, 0x00, 0xF0, 0x33, 0x22, 0xB9, 0xEE, 0xAC, 0xC7, 0x39, 0x59, 0x00, 0xE9, 0x33, 0x22, 0xB9, 0xF2, 0xAC,
        0xC6, 0x39, 0x5A, 0x00, 0xE2, 0x33, 0x23, 0xB9, 0xF8, 0xAC, 0xC6, 0x39, 0x5B, 0x00, 0xDD, 0x33, 0x24, 0xB9, 0xFE, 0xAC,
        0xC5, 0x39, 0x5C, 0x00, 0xD9, 0x33, 0x25, 0xB9, 0x0A, 0xAD, 0xC5, 0x39, 0x5E, 0x00, 0xD1, 0x33, 0x27, 0xB9, 0x2C, 0xAD,
        0xC3, 0x39, 0x5F, 0x00, 0xCE, 0x33, 0x28, 0xB9, 0x3F, 0xAD, 0xC2, 0x39, 0x60, 0x00, 0xCA, 0x33, 0x29, 0xB9, 0x54, 0xAD,
        0xC1, 0x39, 0x62, 0x00, 0xC0, 0x33, 0x2C, 0xB9, 0x7E, 0xAD, 0xBF, 0x39, 0x64, 0x00, 0xB3, 0x33, 0x30, 0xB9, 0xA7, 0xAD,
        0xBC, 0x39, 0x16, 0x00, 0x00, 0x00, 0x6B, 0xB6, 0x8A, 0x30, 0x40, 0x35, 0x04, 0x00, 0x5F, 0xB6, 0x69, 0x30, 0x44, 0x35,
        0x06, 0x00, 0x5D, 0xB6, 0x5F, 0x30, 0x49, 0x35, 0x0E, 0x00, 0x66, 0xB6, 0x4A, 0x30, 0x62, 0x35, 0x11, 0x00, 0x64, 0xB6,
        0x47, 0x30, 0x69, 0x35, 0x17, 0x00, 0x4D, 0xB6, 0x4F, 0x30, 0x71, 0x35, 0x1D, 0x00, 0x33, 0xB6, 0x52, 0x30, 0x71, 0x35,
        0x21, 0x00, 0x23, 0xB6, 0x53, 0x30, 0x6F, 0x35, 0x25, 0x00, 0x11, 0xB6, 0x4E, 0x30, 0x6C, 0x35, 0x2C, 0x00, 0xFC, 0xB5,
        0x4C, 0x30, 0x63, 0x35, 0x31, 0x00, 0xF6, 0xB5, 0x43, 0x30, 0x5A, 0x35, 0x33, 0x00, 0xF4, 0xB5, 0x3B, 0x30, 0x55, 0x35,
        0x3A, 0x00, 0x04, 0xB6, 0x16, 0x30, 0x45, 0x35, 0x3F, 0x00, 0x15, 0xB6, 0x08, 0x30, 0x3C, 0x35, 0x45, 0x00, 0x2B, 0xB6,
        0xFF, 0x2F, 0x31, 0x35, 0x49, 0x00, 0x3A, 0xB6, 0x09, 0x30, 0x30, 0x35, 0x4C, 0x00, 0x44, 0xB6, 0x1C, 0x30, 0x33, 0x35,
        0x52, 0x00, 0x52, 0xB6, 0x54, 0x30, 0x42, 0x35, 0x56, 0x00, 0x58, 0xB6, 0x6E, 0x30, 0x49, 0x35, 0x5B, 0x00, 0x5D, 0xB6,
        0x7E, 0x30, 0x49, 0x35, 0x63, 0x00, 0x69, 0xB6, 0x88, 0x30, 0x41, 0x35, 0x64, 0x00, 0x6B, 0xB6, 0x8A, 0x30, 0x40, 0x35,
        0xD4, 0x62, 0x52, 0xF6, 0x00, 0x00, 0x12, 0x00, 0x00, 0x00, 0x1E, 0x80, 0x7D, 0x00, 0x97, 0x80, 0x00, 0x3C, 0x05, 0x00,
        0x15, 0x81, 0xEA, 0x91, 0x68, 0x01, 0x00, 0x3C, 0x0F, 0x00, 0x7B, 0x02, 0x8D, 0x9C, 0x3D, 0x85, 0x00, 0x3C, 0x14, 0x00,
        0x5A, 0x81, 0x75, 0x9D, 0xAD, 0x00, 0x00, 0x3C, 0x17, 0x00, 0x2A, 0x84, 0x2F, 0x9D, 0xFF, 0x03, 0x00, 0x3C, 0x19, 0x00,
        0x1B, 0x00, 0x95, 0x9C, 0x51, 0x82, 0x00, 0x3C, 0x1D, 0x00, 0xA9, 0x00, 0xF0, 0x98, 0x89, 0x82, 0x00, 0x3C, 0x23, 0x00,
        0x85, 0x01, 0xE2, 0x94, 0xA0, 0x00, 0x00, 0x3C, 0x26, 0x00, 0xA2, 0x80, 0x45, 0x86, 0x28, 0x00, 0x00, 0x3C, 0x2F, 0x00,
        0xE2, 0x83, 0xE5, 0x05, 0x6D, 0x80, 0x00, 0x3C, 0x3F, 0x00, 0xF8, 0x80, 0x42, 0x8C, 0xD2, 0x00, 0x00, 0x3C, 0x45, 0x00,
        0x57, 0x81, 0x79, 0x0C, 0xC9, 0x00, 0x00, 0x3C, 0x4A, 0x00, 0x1B, 0x00, 0x4E, 0x16, 0x07, 0x00, 0x00, 0x3C, 0x50, 0x00,
        0x99, 0x80, 0xD0, 0x18, 0x7E, 0x00, 0x00, 0x3C, 0x54, 0x00, 0x00, 0x01, 0x1C, 0x1A, 0x90, 0x80, 0x00, 0x3C, 0x5C, 0x00,
        0xBE, 0x01, 0xDC, 0x17, 0x93, 0x87, 0x00, 0x3C, 0x63, 0x00, 0x44, 0x82, 0x53, 0x03, 0xAE, 0x80, 0x00, 0x3C, 0x64, 0x00,
        0x45, 0x81, 0x5C, 0x80, 0xB3, 0x00, 0x00, 0x3C, 0x01, 0x00, 0x00, 0x00, 0x12, 0x80, 0x0C, 0x80, 0x62, 0x80, 0xC6, 0x58,
        0x95, 0xF7, 0x00, 0x00, 0x10, 0x00, 0x00, 0x00, 0x26, 0x00, 0xF9, 0x05, 0x01, 0x00, 0x00, 0x3C, 0x14, 0x00, 0x62, 0x02,
        0x62, 0x96, 0x12, 0x00, 0x00, 0x3C, 0x19, 0x00, 0x6D, 0x80, 0x06, 0x95, 0x0D, 0x00, 0x00, 0x3C, 0x1E, 0x00, 0x13, 0x02,
        0x2F, 0x8C, 0x1A, 0x00, 0x00, 0x3C, 0x2A, 0x00, 0xE1, 0x01, 0x26, 0x12, 0x1A, 0x00, 0x00, 0x3C, 0x40, 0x00, 0x45, 0x80,
        0xF2, 0x91, 0x16, 0x80, 0x00, 0x3C, 0x46, 0x00, 0x4E, 0x80, 0x3E, 0x96, 0x04, 0x80, 0x00, 0x3C, 0x4A, 0x00, 0xC9, 0x81,
        0x92, 0x99, 0x3A, 0x00, 0x00, 0x3C, 0x4F, 0x00, 0x79, 0x80, 0xCE, 0x9A, 0x6E, 0x00, 0x00, 0x3C, 0x53, 0x00, 0x34, 0x82,
        0x66, 0x9C, 0x25, 0x00, 0x00, 0x3C, 0x56, 0x00, 0xE2, 0x81, 0x25, 0x9C, 0x3A, 0x00, 0x00, 0x3C, 0x59, 0x00, 0xC3, 0x80,
        0x3E, 0x9A, 0x46, 0x00, 0x00, 0x3C, 0x5B, 0x00, 0x99, 0x83, 0x26, 0x9A, 0x36, 0x07, 0x00, 0x3C, 0x5F, 0x00, 0x11, 0x01,
        0x33, 0x96, 0x8B, 0x02, 0x00, 0x3C, 0x62, 0x00, 0xE3, 0x80, 0xBF, 0x8B, 0x0C, 0x80, 0x00, 0x3C, 0x64, 0x00, 0x54, 0x80,
        0x8C, 0x81, 0x25, 0x00, 0x00, 0x3C, 0x01, 0x00, 0x00, 0x00, 0x14, 0x80, 0x0C, 0x00, 0x7B, 0x80, 0x8E, 0x28, 0x3A, 0xA2,
        0x00, 0x00, 0x34, 0x00, 0x00, 0x00, 0x94, 0x21, 0x7C, 0x2D, 0xA2, 0xA0, 0xF8, 0x3B, 0x01, 0x00, 0x23, 0x20, 0x4C, 0x2D,
        0x48, 0xA0, 0xF9, 0x3B, 0x03, 0x00, 0x43, 0x16, 0xE0, 0x2C, 0x11, 0x9F, 0xFA, 0x3B, 0x04, 0x00, 0x91, 0x94, 0xA3, 0x2C,
        0x6E, 0x9E, 0xFB, 0x3B, 0x05, 0x00, 0x52, 0x99, 0x61, 0x2C, 0xF5, 0x9D, 0xFB, 0x3B, 0x06, 0x00, 0xE7, 0x98, 0x1F, 0x2C,
        0xB9, 0x9D, 0xFC, 0x3B, 0x08, 0x00, 0x4D, 0x0B, 0x52, 0x2B, 0x80, 0x9D, 0xFD, 0x3B, 0x0A, 0x00, 0x32, 0x1A, 0xA0, 0x2A,
        0x1A, 0x9D, 0xFD, 0x3B, 0x0B, 0x00, 0x99, 0x1C, 0x5A, 0x2A, 0xE7, 0x9C, 0xFD, 0x3B, 0x0C, 0x00, 0x2C, 0x1E, 0x2E, 0x2A,
        0xC3, 0x9C, 0xFE, 0x3B, 0x0E, 0x00, 0xAB, 0x20, 0x1D, 0x2A, 0xB0, 0x9C, 0xFE, 0x3B, 0x11, 0x00, 0x47, 0x23, 0x1F, 0x2A,
        0x0B, 0x9D, 0xFD, 0x3B, 0x13, 0x00, 0xA1, 0x24, 0x17, 0x2A, 0x67, 0x9D, 0xFD, 0x3B, 0x15, 0x00, 0x7D, 0x25, 0x35, 0x2A,
        0xCB, 0x9D, 0xFD, 0x3B, 0x18, 0x00, 0x6F, 0x26, 0x84, 0x2A, 0x77, 0x9E, 0xFD, 0x3B, 0x1A, 0x00, 0xE6, 0x26, 0xD0, 0x2A,
        0xBE, 0x9E, 0xFC, 0x3B, 0x1C, 0x00, 0x3E, 0x27, 0x22, 0x2B, 0x0A, 0x9F, 0xFC, 0x3B, 0x1F, 0x00, 0x81, 0x27, 0xCF, 0x2B,
        0xF2, 0x9F, 0xFB, 0x3B, 0x20, 0x00, 0x7F, 0x27, 0x02, 0x2C, 0x0F, 0xA0, 0xFB, 0x3B, 0x22, 0x00, 0x51, 0x27, 0x21, 0x2C,
        0xCB, 0x9F, 0xFB, 0x3B, 0x24, 0x00, 0xF3, 0x26, 0x3B, 0x2C, 0x7F, 0x9F, 0xFB, 0x3B, 0x28, 0x00, 0xF5, 0x25, 0x88, 0x2C,
        0x27, 0xA0, 0xFA, 0x3B, 0x2A, 0x00, 0x74, 0x25, 0x9E, 0x2C, 0x9F, 0xA0, 0xFA, 0x3B, 0x2C, 0x00, 0xF7, 0x24, 0xA8, 0x2C,
        0xFE, 0xA0, 0xFA, 0x3B, 0x2E, 0x00, 0x6F, 0x24, 0xB1, 0x2C, 0xDE, 0xA0, 0xFA, 0x3B, 0x30, 0x00, 0x59, 0x23, 0xA6, 0x2C,
        0x76, 0xA0, 0xFA, 0x3B, 0x32, 0x00, 0x3D, 0x21, 0x87, 0x2C, 0xA3, 0x9F, 0xFB, 0x3B, 0x33, 0x00, 0x0A, 0x20, 0x72, 0x2C,
        0xE1, 0x9E, 0xFB, 0x3B, 0x36, 0x00, 0x85, 0x0F, 0x48, 0x2C, 0xB8, 0x9C, 0xFB, 0x3B, 0x3A, 0x00, 0xA5, 0xA0, 0xF7, 0x2B,
        0x4D, 0x97, 0xFC, 0x3B, 0x3D, 0x00, 0xA2, 0xA3, 0x7F, 0x2B, 0xF3, 0x88, 0xFC, 0x3B, 0x40, 0x00, 0xF9, 0xA4, 0x16, 0x2B,
        0x3D, 0x04, 0xFC, 0x3B, 0x42, 0x00, 0xBA, 0xA5, 0xEA, 0x2A, 0xFA, 0x11, 0xFC, 0x3B, 0x44, 0x00, 0x59, 0xA6, 0xD4, 0x2A,
        0xA3, 0x15, 0xFC, 0x3B, 0x46, 0x00, 0x9D, 0xA6, 0xCB, 0x2A, 0x30, 0x17, 0xFC, 0x3B, 0x47, 0x00, 0x8C, 0xA6, 0xC9, 0x2A,
        0x7A, 0x17, 0xFC, 0x3B, 0x48, 0x00, 0x5B, 0xA6, 0xC4, 0x2A, 0xD7, 0x16, 0xFD, 0x3B, 0x4A, 0x00, 0x7F, 0xA5, 0xB6, 0x2A,
        0x8E, 0x15, 0xFD, 0x3B, 0x4C, 0x00, 0x2B, 0xA4, 0x93, 0x2A, 0xDC, 0x11, 0xFD, 0x3B, 0x4E, 0x00, 0xCF, 0xA0, 0x41, 0x2A,
        0x9D, 0x8F, 0xFD, 0x3B, 0x51, 0x00, 0xAC, 0x14, 0xD4, 0x29, 0x5B, 0x99, 0xFE, 0x3B, 0x53, 0x00, 0x42, 0x1F, 0xB4, 0x29,
        0x37, 0x9C, 0xFE, 0x3B, 0x54, 0x00, 0xE5, 0x20, 0xAC, 0x29, 0xD5, 0x9C, 0xFE, 0x3B, 0x56, 0x00, 0xAD, 0x22, 0xA9, 0x29,
        0xB1, 0x9D, 0xFE, 0x3B, 0x57, 0x00, 0x2C, 0x23, 0xC0, 0x29, 0xEC, 0x9D, 0xFE, 0x3B, 0x58, 0x00, 0x90, 0x23, 0xEA, 0x29,
        0x0C, 0x9E, 0xFE, 0x3B, 0x5A, 0x00, 0xE7, 0x23, 0x71, 0x2A, 0x1F, 0x9E, 0xFD, 0x3B, 0x5B, 0x00, 0xEF, 0x23, 0xC8, 0x2A,
        0x0B, 0x9E, 0xFD, 0x3B, 0x5D, 0x00, 0x89, 0x23, 0x9D, 0x2B, 0x3D, 0x9E, 0xFC, 0x3B, 0x60, 0x00, 0x80, 0x22, 0x82, 0x2C,
        0x1B, 0x9F, 0xFB, 0x3B, 0x63, 0x00, 0xBC, 0x21, 0x3F, 0x2D, 0x52, 0xA0, 0xF9, 0x3B, 0x64, 0x00, 0x94, 0x21, 0x7B, 0x2D,
        0xA2, 0xA0, 0xF8, 0x3B, 0x01, 0x00, 0x00, 0x00, 0xB4, 0x85, 0x00, 0x00, 0xC1, 0x8F, 0x90, 0x23, 0xD1, 0x50, 0x00, 0x00,
        0x02, 0x00, 0x00, 0x00, 0x9C, 0xAA, 0x31, 0x80, 0x22, 0x00, 0xFD, 0x3B, 0x64, 0x00, 0x9E, 0xAA, 0x32, 0x80, 0x18, 0x00,
        0xFD, 0x3B, 0x01, 0x00, 0x00, 0x00, 0x00, 0x80, 0x7A, 0x80, 0x02, 0x80, 0x14, 0xB3, 0x40, 0xB4, 0x00, 0x00, 0x02, 0x00,
        0x00, 0x00, 0xEC, 0x93, 0xD6, 0x2C, 0x5A, 0x1A, 0xFA, 0x3B, 0x64, 0x00, 0xCA, 0x93, 0xD6, 0x2C, 0x5A, 0x1A, 0xFA, 0x3B,
        0x00, 0x00, 0xCB, 0xCC, 0x3F, 0xDE, 0x00, 0x00, 0x02, 0x00, 0x00, 0x00, 0x16, 0x17, 0xF4, 0x29, 0x71, 0x25, 0xFD, 0x3B,
        0x64, 0x00, 0x06, 0x17, 0xF4, 0x29, 0x71, 0x25, 0xFD, 0x3B, 0x00, 0x00, 0x34, 0xF4, 0x5D, 0x9B, 0x00, 0x00, 0x30, 0x00,
        0x00, 0x00, 0xBE, 0xAD, 0xD5, 0x35, 0x65, 0x29, 0x68, 0x3B, 0x03, 0x00, 0x8C, 0xAD, 0xCE, 0x35, 0x4F, 0x29, 0x6A, 0x3B,
        0x04, 0x00, 0x7F, 0xAD, 0xCE, 0x35, 0x4D, 0x29, 0x6A, 0x3B, 0x05, 0x00, 0x79, 0xAD, 0xD1, 0x35, 0x53, 0x29, 0x6A, 0x3B,
        0x06, 0x00, 0x7C, 0xAD, 0xD7, 0x35, 0x5D, 0x29, 0x69, 0x3B, 0x09, 0x00, 0x97, 0xAD, 0xF1, 0x35, 0x94, 0x29, 0x63, 0x3B,
        0x0D, 0x00, 0xB4, 0xAD, 0x15, 0x36, 0xE0, 0x29, 0x5B, 0x3B, 0x0F, 0x00, 0xC6, 0xAD, 0x24, 0x36, 0xF0, 0x29, 0x58, 0x3B,
        0x10, 0x00, 0xD3, 0xAD, 0x2B, 0x36, 0xE9, 0x29, 0x56, 0x3B, 0x11, 0x00, 0xE3, 0xAD, 0x32, 0x36, 0xD4, 0x29, 0x54, 0x3B,
        0x13, 0x00, 0x09, 0xAE, 0x3F, 0x36, 0x83, 0x29, 0x51, 0x3B, 0x15, 0x00, 0x2A, 0xAE, 0x4A, 0x36, 0x2F, 0x29, 0x4F, 0x3B,
        0x17, 0x00, 0x43, 0xAE, 0x52, 0x36, 0xD6, 0x28, 0x4D, 0x3B, 0x19, 0x00, 0x56, 0xAE, 0x56, 0x36, 0x74, 0x28, 0x4C, 0x3B,
        0x1A, 0x00, 0x5A, 0xAE, 0x59, 0x36, 0x46, 0x28, 0x4C, 0x3B, 0x1C, 0x00, 0x65, 0xAE, 0x5B, 0x36, 0xC5, 0x27, 0x4B, 0x3B,
        0x20, 0x00, 0x6E, 0xAE, 0x58, 0x36, 0x7F, 0x26, 0x4C, 0x3B, 0x23, 0x00, 0x58, 0xAE, 0x55, 0x36, 0x1F, 0x25, 0x4D, 0x3B,
        0x25, 0x00, 0x45, 0xAE, 0x4F, 0x36, 0x60, 0x24, 0x4F, 0x3B, 0x28, 0x00, 0x29, 0xAE, 0x41, 0x36, 0x44, 0x23, 0x52, 0x3B,
        0x2A, 0x00, 0x1B, 0xAE, 0x39, 0x36, 0x73, 0x22, 0x55, 0x3B, 0x2D, 0x00, 0x05, 0xAE, 0x2A, 0x36, 0x60, 0x21, 0x58, 0x3B,
        0x2E, 0x00, 0xF9, 0xAD, 0x26, 0x36, 0x19, 0x21, 0x59, 0x3B, 0x30, 0x00, 0xD9, 0xAD, 0x19, 0x36, 0x7F, 0x20, 0x5C, 0x3B,
        0x31, 0x00, 0xC1, 0xAD, 0x12, 0x36, 0x33, 0x20, 0x5E, 0x3B, 0x33, 0x00, 0x8D, 0xAD, 0x00, 0x36, 0x46, 0x1F, 0x62, 0x3B,
        0x35, 0x00, 0x51, 0xAD, 0xEE, 0x35, 0xEA, 0x1F, 0x66, 0x3B, 0x3A, 0x00, 0xC2, 0xAC, 0xC0, 0x35, 0x65, 0x21, 0x71, 0x3B,
        0x3D, 0x00, 0x82, 0xAC, 0xAA, 0x35, 0xA2, 0x22, 0x76, 0x3B, 0x41, 0x00, 0x47, 0xAC, 0x91, 0x35, 0x71, 0x24, 0x7B, 0x3B,
        0x44, 0x00, 0x1A, 0xAC, 0x81, 0x35, 0x3F, 0x25, 0x7E, 0x3B, 0x46, 0x00, 0x0D, 0xAC, 0x7B, 0x35, 0xC1, 0x25, 0x7F, 0x3B,
        0x48, 0x00, 0x16, 0xAC, 0x7C, 0x35, 0x4F, 0x26, 0x7F, 0x3B, 0x49, 0x00, 0x25, 0xAC, 0x7F, 0x35, 0x9E, 0x26, 0x7E, 0x3B,
        0x4B, 0x00, 0x50, 0xAC, 0x8A, 0x35, 0x2C, 0x27, 0x7C, 0x3B, 0x4C, 0x00, 0x6C, 0xAC, 0x92, 0x35, 0x77, 0x27, 0x7A, 0x3B,
        0x4D, 0x00, 0x90, 0xAC, 0x9C, 0x35, 0xB5, 0x27, 0x77, 0x3B, 0x51, 0x00, 0x2E, 0xAD, 0xC7, 0x35, 0x3D, 0x28, 0x6D, 0x3B,
        0x53, 0x00, 0x70, 0xAD, 0xD9, 0x35, 0x6E, 0x28, 0x69, 0x3B, 0x55, 0x00, 0xA2, 0xAD, 0xE6, 0x35, 0x8B, 0x28, 0x66, 0x3B,
        0x56, 0x00, 0xB4, 0xAD, 0xEA, 0x35, 0x93, 0x28, 0x65, 0x3B, 0x57, 0x00, 0xBE, 0xAD, 0xEE, 0x35, 0x9B, 0x28, 0x64, 0x3B,
        0x59, 0x00, 0xCC, 0xAD, 0xF1, 0x35, 0xA9, 0x28, 0x63, 0x3B, 0x5B, 0x00, 0xD2, 0xAD, 0xF0, 0x35, 0xB4, 0x28, 0x63, 0x3B,
        0x5D, 0x00, 0xCD, 0xAD, 0xEC, 0x35, 0xCD, 0x28, 0x64, 0x3B, 0x5F, 0x00, 0xC4, 0xAD, 0xE5, 0x35, 0xE9, 0x28, 0x65, 0x3B,
        0x63, 0x00, 0xBD, 0xAD, 0xD7, 0x35, 0x47, 0x29, 0x68, 0x3B, 0x64, 0x00, 0xBE, 0xAD, 0xD5, 0x35, 0x65, 0x29, 0x68, 0x3B,
        0x00, 0x00, 0x45, 0x7B, 0xD9, 0x24, 0x00, 0x00, 0x2F, 0x00, 0x00, 0x00, 0x9E, 0xAF, 0x12, 0x37, 0xDB, 0x28, 0x1B, 0x3B,
        0x03, 0x00, 0x4F, 0xAF, 0x10, 0x37, 0xC4, 0x28, 0x1D, 0x3B, 0x04, 0x00, 0x3B, 0xAF, 0x11, 0x37, 0xB3, 0x28, 0x1D, 0x3B,
        0x05, 0x00, 0x31, 0xAF, 0x12, 0x37, 0x93, 0x28, 0x1D, 0x3B, 0x06, 0x00, 0x34, 0xAF, 0x13, 0x37, 0x61, 0x28, 0x1D, 0x3B,
        0x08, 0x00, 0x49, 0xAF, 0x17, 0x37, 0xCA, 0x27, 0x1C, 0x3B, 0x0C, 0x00, 0x5D, 0xAF, 0x22, 0x37, 0xEE, 0x25, 0x19, 0x3B,
        0x0E, 0x00, 0x64, 0xAF, 0x28, 0x37, 0x1D, 0x25, 0x18, 0x3B, 0x10, 0x00, 0x69, 0xAF, 0x2D, 0x37, 0x93, 0x24, 0x17, 0x3B,
        0x12, 0x00, 0x72, 0xAF, 0x2D, 0x37, 0x5C, 0x24, 0x17, 0x3B, 0x15, 0x00, 0x74, 0xAF, 0x2D, 0x37, 0x65, 0x24, 0x17, 0x3B,
        0x18, 0x00, 0x60, 0xAF, 0x30, 0x37, 0x94, 0x24, 0x16, 0x3B, 0x1B, 0x00, 0x3F, 0xAF, 0x3A, 0x37, 0xCF, 0x24, 0x14, 0x3B,
        0x1F, 0x00, 0x11, 0xAF, 0x45, 0x37, 0x4C, 0x25, 0x12, 0x3B, 0x21, 0x00, 0xF0, 0xAE, 0x4E, 0x37, 0x9A, 0x25, 0x10, 0x3B,
        0x25, 0x00, 0x99, 0xAE, 0x69, 0x37, 0x5A, 0x26, 0x0A, 0x3B, 0x29, 0x00, 0x52, 0xAE, 0x81, 0x37, 0x2A, 0x27, 0x05, 0x3B,
        0x2B, 0x00, 0x39, 0xAE, 0x8C, 0x37, 0x9F, 0x27, 0x02, 0x3B, 0x2C, 0x00, 0x2B, 0xAE, 0x91, 0x37, 0xCE, 0x27, 0x01, 0x3B,
        0x2F, 0x00, 0xF6, 0xAD, 0x9C, 0x37, 0xFE, 0x27, 0xFE, 0x3A, 0x31, 0x00, 0xC0, 0xAD, 0xA7, 0x37, 0x02, 0x28, 0xFC, 0x3A,
        0x33, 0x00, 0x7F, 0xAD, 0xB5, 0x37, 0xFB, 0x27, 0xF9, 0x3A, 0x36, 0x00, 0x1B, 0xAD, 0xC8, 0x37, 0x65, 0x27, 0xF5, 0x3A,
        0x38, 0x00, 0xDD, 0xAC, 0xD2, 0x37, 0xF3, 0x26, 0xF3, 0x3A, 0x3A, 0x00, 0xA4, 0xAC, 0xD8, 0x37, 0x71, 0x26, 0xF2, 0x3A,
        0x3C, 0x00, 0x76, 0xAC, 0xDD, 0x37, 0xDC, 0x25, 0xF1, 0x3A, 0x3E, 0x00, 0x5B, 0xAC, 0xDE, 0x37, 0x5B, 0x25, 0xF1, 0x3A,
        0x41, 0x00, 0x3C, 0xAC, 0xDE, 0x37, 0x93, 0x24, 0xF2, 0x3A, 0x43, 0x00, 0x26, 0xAC, 0xDE, 0x37, 0xF3, 0x23, 0xF2, 0x3A,
        0x44, 0x00, 0x1F, 0xAC, 0xDD, 0x37, 0x66, 0x23, 0xF3, 0x3A, 0x46, 0x00, 0x21, 0xAC, 0xD7, 0x37, 0x6D, 0x22, 0xF4, 0x3A,
        0x48, 0x00, 0x3F, 0xAC, 0xCA, 0x37, 0x9E, 0x21, 0xF7, 0x3A, 0x49, 0x00, 0x5A, 0xAC, 0xC2, 0x37, 0x32, 0x21, 0xFA, 0x3A,
        0x4A, 0x00, 0x79, 0xAC, 0xB8, 0x37, 0xD8, 0x20, 0xFC, 0x3A, 0x4C, 0x00, 0xCC, 0xAC, 0xA0, 0x37, 0x5D, 0x20, 0x02, 0x3B,
        0x4D, 0x00, 0x00, 0xAD, 0x93, 0x37, 0x55, 0x20, 0x05, 0x3B, 0x4E, 0x00, 0x39, 0xAD, 0x84, 0x37, 0x82, 0x20, 0x08, 0x3B,
        0x50, 0x00, 0xAE, 0xAD, 0x69, 0x37, 0xFE, 0x20, 0x0E, 0x3B, 0x52, 0x00, 0x1C, 0xAE, 0x50, 0x37, 0xDD, 0x21, 0x13, 0x3B,
        0x54, 0x00, 0x7D, 0xAE, 0x3C, 0x37, 0xE7, 0x22, 0x17, 0x3B, 0x55, 0x00, 0xA4, 0xAE, 0x34, 0x37, 0x9D, 0x23, 0x18, 0x3B,
        0x56, 0x00, 0xC7, 0xAE, 0x2E, 0x37, 0x24, 0x24, 0x19, 0x3B, 0x58, 0x00, 0xFB, 0xAE, 0x25, 0x37, 0xDB, 0x24, 0x1A, 0x3B,
        0x5B, 0x00, 0x32, 0xAF, 0x1B, 0x37, 0xFF, 0x25, 0x1C, 0x3B, 0x62, 0x00, 0x80, 0xAF, 0x15, 0x37, 0x75, 0x28, 0x1B, 0x3B,
        0x63, 0x00, 0x8F, 0xAF, 0x13, 0x37, 0xAB, 0x28, 0x1B, 0x3B, 0x64, 0x00, 0x9E, 0xAF, 0x12, 0x37, 0xDB, 0x28, 0x1B, 0x3B,
        0x00, 0x00, 0x73, 0x68, 0x81, 0x53, 0x00, 0x00, 0x27, 0x00, 0x00, 0x00, 0x66, 0x01, 0x24, 0x34, 0x43, 0x01, 0xBA, 0x3B,
        0x03, 0x00, 0x96, 0x80, 0x0C, 0x34, 0xF9, 0x80, 0xBD, 0x3B, 0x0E, 0x00, 0xCA, 0x84, 0x22, 0x33, 0xBB, 0x04, 0xCC, 0x3B,
        0x0F, 0x00, 0xE7, 0x80, 0x07, 0x33, 0x1D, 0x81, 0xCE, 0x3B, 0x10, 0x00, 0x92, 0x01, 0xE7, 0x32, 0x07, 0x01, 0xD0, 0x3B,
        0x11, 0x00, 0xF1, 0x01, 0xC0, 0x32, 0x98, 0x02, 0xD2, 0x3B, 0x14, 0x00, 0x18, 0x03, 0x34, 0x32, 0xE6, 0x81, 0xD9, 0x3B,
        0x17, 0x00, 0x46, 0x80, 0xB8, 0x31, 0xC2, 0x80, 0xDF, 0x3B, 0x1B, 0x00, 0x06, 0x80, 0x26, 0x31, 0x49, 0x80, 0xE5, 0x3B,
        0x1C, 0x00, 0x4A, 0x01, 0x05, 0x31, 0x37, 0x81, 0xE7, 0x3B, 0x20, 0x00, 0x6E, 0x00, 0xA8, 0x30, 0xBA, 0x00, 0xEA, 0x3B,
        0x23, 0x00, 0xD3, 0x00, 0x4B, 0x30, 0x24, 0x00, 0xED, 0x3B, 0x24, 0x00, 0x98, 0x08, 0x34, 0x30, 0x78, 0x82, 0xEE, 0x3B,
        0x25, 0x00, 0x39, 0x00, 0x24, 0x30, 0xC4, 0x80, 0xEF, 0x3B, 0x2A, 0x00, 0x09, 0x81, 0x05, 0x30, 0x0D, 0x81, 0xF0, 0x3B,
        0x2C, 0x00, 0x75, 0x81, 0x04, 0x30, 0x30, 0x88, 0xF0, 0x3B, 0x2E, 0x00, 0x34, 0x81, 0x10, 0x30, 0x9E, 0x81, 0xEF, 0x3B,
        0x30, 0x00, 0x11, 0x00, 0x2D, 0x30, 0x33, 0x80, 0xEE, 0x3B, 0x31, 0x00, 0x24, 0x80, 0x40, 0x30, 0x52, 0x80, 0xEE, 0x3B,
        0x33, 0x00, 0x89, 0x80, 0x72, 0x30, 0x28, 0x80, 0xEC, 0x3B, 0x35, 0x00, 0xB4, 0x00, 0xC6, 0x30, 0x2A, 0x00, 0xE9, 0x3B,
        0x3B, 0x00, 0x04, 0x07, 0xE1, 0x31, 0x53, 0x04, 0xDD, 0x3B, 0x3E, 0x00, 0xD0, 0x81, 0x68, 0x32, 0xCB, 0x80, 0xD7, 0x3B,
        0x43, 0x00, 0x3F, 0x06, 0x43, 0x33, 0x2F, 0x03, 0xCB, 0x3B, 0x44, 0x00, 0x37, 0x01, 0x6C, 0x33, 0xC8, 0x00, 0xC8, 0x3B,
        0x46, 0x00, 0xAB, 0x00, 0xAF, 0x33, 0x97, 0x01, 0xC4, 0x3B, 0x48, 0x00, 0x97, 0x80, 0xDF, 0x33, 0x94, 0x80, 0xC1, 0x3B,
        0x49, 0x00, 0x67, 0x00, 0xF0, 0x33, 0x75, 0x01, 0xC0, 0x3B, 0x4B, 0x00, 0x03, 0x82, 0x02, 0x34, 0xC1, 0x80, 0xBF, 0x3B,
        0x4C, 0x00, 0x1E, 0x81, 0x01, 0x34, 0x1C, 0x81, 0xBF, 0x3B, 0x4D, 0x00, 0xCE, 0x00, 0xF8, 0x33, 0x25, 0x00, 0xC0, 0x3B,
        0x51, 0x00, 0x73, 0x02, 0xB1, 0x33, 0x9D, 0x00, 0xC4, 0x3B, 0x55, 0x00, 0x59, 0x81, 0x82, 0x33, 0x80, 0x80, 0xC7, 0x3B,
        0x57, 0x00, 0xC1, 0x80, 0x77, 0x33, 0x23, 0x81, 0xC7, 0x3B, 0x59, 0x00, 0x62, 0x01, 0x7C, 0x33, 0xDA, 0x00, 0xC7, 0x3B,
        0x5B, 0x00, 0x75, 0x00, 0x8E, 0x33, 0x09, 0x80, 0xC6, 0x3B, 0x5D, 0x00, 0x3A, 0x01, 0xAC, 0x33, 0xBF, 0x00, 0xC4, 0x3B,
        0x60, 0x00, 0xEE, 0x09, 0xEA, 0x33, 0x41, 0x02, 0xC0, 0x3B, 0x64, 0x00, 0x79, 0x80, 0x24, 0x34, 0x5B, 0x00, 0xBA, 0x3B,
        0x01, 0x00, 0x00, 0x00, 0x4C, 0x00, 0x22, 0x80, 0x0A, 0x00, 0xCB, 0x19, 0xC4, 0x44, 0x00, 0x00, 0x2C, 0x00, 0x00, 0x00,
        0x18, 0x01, 0xA8, 0x33, 0x2C, 0x80, 0xC4, 0x3B, 0x03, 0x00, 0x63, 0x00, 0x97, 0x33, 0x3E, 0x80, 0xC6, 0x3B, 0x07, 0x00,
        0x19, 0x83, 0x70, 0x33, 0xCE, 0x81, 0xC8, 0x3B, 0x09, 0x00, 0xD1, 0x03, 0x67, 0x33, 0xD7, 0x88, 0xC8, 0x3B, 0x0D, 0x00,
        0x7A, 0x07, 0x59, 0x33, 0xFD, 0x88, 0xC9, 0x3B, 0x0F, 0x00, 0x4C, 0x06, 0x42, 0x33, 0x80, 0x84, 0xCB, 0x3B, 0x11, 0x00,
        0x72, 0x08, 0x18, 0x33, 0xF3, 0x85, 0xCD, 0x3B, 0x12, 0x00, 0xD8, 0x80, 0xFA, 0x32, 0xA4, 0x00, 0xCF, 0x3B, 0x16, 0x00,
        0x55, 0x00, 0x6C, 0x32, 0xFD, 0x85, 0xD6, 0x3B, 0x18, 0x00, 0x3D, 0x00, 0x1F, 0x32, 0xB6, 0x00, 0xDA, 0x3B, 0x1C, 0x00,
        0xFD, 0x00, 0x67, 0x31, 0x35, 0x81, 0xE3, 0x3B, 0x1F, 0x00, 0x0D, 0x80, 0xEF, 0x30, 0x01, 0x00, 0xE8, 0x3B, 0x20, 0x00,
        0xF1, 0x80, 0xBF, 0x30, 0x0A, 0x88, 0xE9, 0x3B, 0x21, 0x00, 0x03, 0x00, 0x86, 0x30, 0xAE, 0x00, 0xEB, 0x3B, 0x24, 0x00,
        0xFB, 0x04, 0x86, 0x2F, 0x2A, 0x05, 0xF2, 0x3B, 0x25, 0x00, 0x34, 0x00, 0x16, 0x2F, 0x4B, 0x80, 0xF3, 0x3B, 0x2A, 0x00,
        0x66, 0x00, 0x36, 0x2D, 0xFE, 0x03, 0xF9, 0x3B, 0x2B, 0x00, 0x9F, 0x00, 0xDA, 0x2C, 0x76, 0x01, 0xFA, 0x3B, 0x2C, 0x00,
        0x4F, 0x80, 0x8C, 0x2C, 0x65, 0x00, 0xFB, 0x3B, 0x2D, 0x00, 0x3E, 0x8A, 0x51, 0x2C, 0x9D, 0x81, 0xFB, 0x3B, 0x30, 0x00,
        0x7C, 0x88, 0x84, 0x2B, 0x41, 0x88, 0xFC, 0x3B, 0x33, 0x00, 0x3B, 0x00, 0x3C, 0x2A, 0x66, 0x01, 0xFE, 0x3B, 0x35, 0x00,
        0x85, 0x83, 0x2E, 0x2A, 0xB1, 0x03, 0xFE, 0x3B, 0x36, 0x00, 0xE2, 0x80, 0x3E, 0x2A, 0x28, 0x81, 0xFE, 0x3B, 0x38, 0x00,
        0x6B, 0x00, 0x8F, 0x2A, 0x4B, 0x80, 0xFD, 0x3B, 0x3A, 0x00, 0xEB, 0x00, 0x22, 0x2B, 0x1C, 0x02, 0xFD, 0x3B, 0x3C, 0x00,
        0x33, 0x80, 0xD6, 0x2B, 0x81, 0x81, 0xFC, 0x3B, 0x3E, 0x00, 0x13, 0x80, 0x5E, 0x2C, 0x79, 0x81, 0xFB, 0x3B, 0x42, 0x00,
        0x1E, 0x00, 0x6B, 0x2D, 0xC5, 0x81, 0xF9, 0x3B, 0x44, 0x00, 0x1A, 0x81, 0x00, 0x2E, 0xD1, 0x80, 0xF7, 0x3B, 0x46, 0x00,
        0x0E, 0x00, 0xA4, 0x2E, 0x0B, 0x81, 0xF5, 0x3B, 0x48, 0x00, 0x4F, 0x01, 0x70, 0x2F, 0x53, 0x01, 0xF2, 0x3B, 0x4A, 0x00,
        0x97, 0x00, 0x33, 0x30, 0x96, 0x80, 0xEE, 0x3B, 0x4C, 0x00, 0x72, 0x00, 0xB5, 0x30, 0x0F, 0x00, 0xEA, 0x3B, 0x4E, 0x00,
        0x11, 0x00, 0x2A, 0x31, 0x65, 0x00, 0xE5, 0x3B, 0x51, 0x00, 0x05, 0x02, 0xC8, 0x31, 0x5F, 0x84, 0xDE, 0x3B, 0x52, 0x00,
        0x4F, 0x00, 0xFA, 0x31, 0xCC, 0x00, 0xDC, 0x3B, 0x54, 0x00, 0x1C, 0x81, 0x4F, 0x32, 0xC9, 0x80, 0xD8, 0x3B, 0x55, 0x00,
        0x80, 0x00, 0x6E, 0x32, 0xC9, 0x80, 0xD6, 0x3B, 0x57, 0x00, 0x9F, 0x80, 0x9C, 0x32, 0x3A, 0x84, 0xD4, 0x3B, 0x5B, 0x00,
        0xB6, 0x80, 0xF4, 0x32, 0x62, 0x80, 0xCF, 0x3B, 0x60, 0x00, 0x1F, 0x80, 0x4C, 0x33, 0x0E, 0x08, 0xCA, 0x3B, 0x63, 0x00,
        0x79, 0x01, 0x91, 0x33, 0x9A, 0x00, 0xC6, 0x3B, 0x64, 0x00, 0x1B, 0x81, 0xA9, 0x33, 0x43, 0x00, 0xC4, 0x3B, 0x01, 0x00,
        0x00, 0x00, 0x4C, 0x00, 0x21, 0x00, 0x0B, 0x00, 0xF5, 0x6C, 0x40, 0x51, 0x00, 0x00, 0x1B, 0x00, 0x00, 0x00, 0x68, 0x33,
        0x9B, 0x35, 0x8F, 0x9F, 0x43, 0x3B, 0x04, 0x00, 0x97, 0x33, 0x8B, 0x35, 0x7A, 0xA2, 0x42, 0x3B, 0x09, 0x00, 0xDB, 0x33,
        0x73, 0x35, 0x26, 0xA5, 0x42, 0x3B, 0x0F, 0x00, 0x17, 0x34, 0x54, 0x35, 0x97, 0xA7, 0x42, 0x3B, 0x11, 0x00, 0x26, 0x34,
        0x46, 0x35, 0x52, 0xA8, 0x42, 0x3B, 0x14, 0x00, 0x3F, 0x34, 0x2A, 0x35, 0x4D, 0xA9, 0x43, 0x3B, 0x19, 0x00, 0x60, 0x34,
        0x05, 0x35, 0xA9, 0xAA, 0x43, 0x3B, 0x1C, 0x00, 0x70, 0x34, 0xF1, 0x34, 0x64, 0xAB, 0x43, 0x3B, 0x20, 0x00, 0x7F, 0x34,
        0xE1, 0x34, 0xFE, 0xAB, 0x43, 0x3B, 0x23, 0x00, 0x88, 0x34, 0xD0, 0x34, 0x4D, 0xAC, 0x44, 0x3B, 0x24, 0x00, 0x8A, 0x34,
        0xCB, 0x34, 0x61, 0xAC, 0x44, 0x3B, 0x26, 0x00, 0x8C, 0x34, 0xC8, 0x34, 0x6E, 0xAC, 0x44, 0x3B, 0x2A, 0x00, 0x8B, 0x34,
        0xC7, 0x34, 0x73, 0xAC, 0x45, 0x3B, 0x2E, 0x00, 0x86, 0x34, 0xCA, 0x34, 0x5F, 0xAC, 0x45, 0x3B, 0x31, 0x00, 0x80, 0x34,
        0xD1, 0x34, 0x42, 0xAC, 0x45, 0x3B, 0x33, 0x00, 0x7B, 0x34, 0xD8, 0x34, 0x24, 0xAC, 0x45, 0x3B, 0x36, 0x00, 0x6F, 0x34,
        0xED, 0x34, 0x98, 0xAB, 0x44, 0x3B, 0x3D, 0x00, 0x4D, 0x34, 0x23, 0x35, 0xDC, 0xA9, 0x42, 0x3B, 0x43, 0x00, 0x2A, 0x34,
        0x55, 0x35, 0x36, 0xA8, 0x3F, 0x3B, 0x46, 0x00, 0x19, 0x34, 0x69, 0x35, 0x1B, 0xA7, 0x3E, 0x3B, 0x49, 0x00, 0x0C, 0x34,
        0x76, 0x35, 0x2C, 0xA6, 0x3D, 0x3B, 0x4C, 0x00, 0x01, 0x34, 0x7B, 0x35, 0xBC, 0xA5, 0x3E, 0x3B, 0x52, 0x00, 0xEC, 0x33,
        0x6F, 0x35, 0xE0, 0xA5, 0x42, 0x3B, 0x57, 0x00, 0xD5, 0x33, 0x6B, 0x35, 0xCC, 0xA5, 0x44, 0x3B, 0x5A, 0x00, 0xC2, 0x33,
        0x6E, 0x35, 0x5F, 0xA5, 0x45, 0x3B, 0x5D, 0x00, 0xAB, 0x33, 0x77, 0x35, 0xAB, 0xA4, 0x45, 0x3B, 0x64, 0x00, 0x68, 0x33,
        0x9A, 0x35, 0xAF, 0x9F, 0x43, 0x3B, 0x00, 0x00, 0x7B, 0x30, 0x4E, 0xFD, 0x00, 0x00, 0x04, 0x00, 0x00, 0x00, 0xE4, 0x27,
        0x03, 0x85, 0x78, 0x00, 0xFF, 0x3B, 0x21, 0x00, 0xEE, 0x27, 0xE8, 0x08, 0xCD, 0x05, 0xFF, 0x3B, 0x61, 0x00, 0xDF, 0x27,
        0x0C, 0x87, 0x30, 0x82, 0xFF, 0x3B, 0x64, 0x00, 0xE3, 0x27, 0x1D, 0x04, 0x90, 0x80, 0xFF, 0x3B, 0x01, 0x00, 0x00, 0x00,
        0x6C, 0x9F, 0xFF, 0xA1, 0x42, 0x8E, 0x4F, 0x1C, 0xB8, 0x2F, 0x00, 0x00, 0x25, 0x00, 0x00, 0x00, 0x80, 0xAF, 0x82, 0x31,
        0xFC, 0xAB, 0xCF, 0x3B, 0x02, 0x00, 0xAB, 0xAF, 0x36, 0x31, 0x15, 0xAC, 0xD1, 0x3B, 0x05, 0x00, 0xEF, 0xAF, 0xB4, 0x30,
        0x31, 0xAC, 0xD5, 0x3B, 0x06, 0x00, 0x03, 0xB0, 0x8F, 0x30, 0x39, 0xAC, 0xD6, 0x3B, 0x07, 0x00, 0x0D, 0xB0, 0x70, 0x30,
        0x44, 0xAC, 0xD7, 0x3B, 0x08, 0x00, 0x16, 0xB0, 0x5B, 0x30, 0x57, 0xAC, 0xD7, 0x3B, 0x09, 0x00, 0x1D, 0xB0, 0x54, 0x30,
        0x6C, 0xAC, 0xD7, 0x3B, 0x0C, 0x00, 0x32, 0xB0, 0x5A, 0x30, 0xBF, 0xAC, 0xD5, 0x3B, 0x0F, 0x00, 0x46, 0xB0, 0x6D, 0x30,
        0x0A, 0xAD, 0xD3, 0x3B, 0x12, 0x00, 0x59, 0xB0, 0x82, 0x30, 0x32, 0xAD, 0xD2, 0x3B, 0x16, 0x00, 0x72, 0xB0, 0x9C, 0x30,
        0x38, 0xAD, 0xD0, 0x3B, 0x19, 0x00, 0x84, 0xB0, 0xAD, 0x30, 0x21, 0xAD, 0xCF, 0x3B, 0x1D, 0x00, 0x98, 0xB0, 0xB1, 0x30,
        0xDC, 0xAC, 0xCE, 0x3B, 0x1F, 0x00, 0xA2, 0xB0, 0xAD, 0x30, 0xAC, 0xAC, 0xCF, 0x3B, 0x20, 0x00, 0xA7, 0xB0, 0xA7, 0x30,
        0x8B, 0xAC, 0xCF, 0x3B, 0x23, 0x00, 0xB2, 0xB0, 0x89, 0x30, 0xE2, 0xAB, 0xD1, 0x3B, 0x25, 0x00, 0xB9, 0xB0, 0x72, 0x30,
        0xFC, 0xAA, 0xD2, 0x3B, 0x28, 0x00, 0xC0, 0xB0, 0x51, 0x30, 0xBF, 0xA9, 0xD4, 0x3B, 0x2C, 0x00, 0xC9, 0xB0, 0x1F, 0x30,
        0xEB, 0xA7, 0xD7, 0x3B, 0x32, 0x00, 0xD2, 0xB0, 0xDA, 0x2F, 0x53, 0xA4, 0xD9, 0x3B, 0x33, 0x00, 0xD2, 0xB0, 0xC6, 0x2F,
        0x66, 0xA3, 0xD9, 0x3B, 0x36, 0x00, 0xD6, 0xB0, 0xA8, 0x2F, 0x3D, 0xA2, 0xD9, 0x3B, 0x39, 0x00, 0xDA, 0xB0, 0x83, 0x2F,
        0x21, 0xA2, 0xDA, 0x3B, 0x3C, 0x00, 0xE0, 0xB0, 0x45, 0x2F, 0x3B, 0xA2, 0xDB, 0x3B, 0x42, 0x00, 0xEC, 0xB0, 0x97, 0x2E,
        0xF8, 0xA2, 0xDC, 0x3B, 0x45, 0x00, 0xEE, 0xB0, 0x52, 0x2E, 0x04, 0xA4, 0xDD, 0x3B, 0x47, 0x00, 0xEE, 0xB0, 0x37, 0x2E,
        0x9E, 0xA4, 0xDD, 0x3B, 0x48, 0x00, 0xEF, 0xB0, 0x35, 0x2E, 0xFE, 0xA4, 0xDD, 0x3B, 0x4A, 0x00, 0xED, 0xB0, 0x45, 0x2E,
        0x30, 0xA6, 0xDD, 0x3B, 0x4C, 0x00, 0xE7, 0xB0, 0x6D, 0x2E, 0x88, 0xA7, 0xDC, 0x3B, 0x4F, 0x00, 0xD5, 0xB0, 0xCB, 0x2E,
        0xB1, 0xA8, 0xDB, 0x3B, 0x52, 0x00, 0xBC, 0xB0, 0x50, 0x2F, 0x96, 0xA9, 0xDA, 0x3B, 0x55, 0x00, 0x9A, 0xB0, 0xE7, 0x2F,
        0x4A, 0xAA, 0xD8, 0x3B, 0x59, 0x00, 0x63, 0xB0, 0x5F, 0x30, 0xDC, 0xAA, 0xD6, 0x3B, 0x5E, 0x00, 0x17, 0xB0, 0xEE, 0x30,
        0x74, 0xAB, 0xD3, 0x3B, 0x63, 0x00, 0x9B, 0xAF, 0x6C, 0x31, 0xE6, 0xAB, 0xD0, 0x3B, 0x64, 0x00, 0x80, 0xAF, 0x82, 0x31,
        0xF9, 0xAB, 0xCF, 0x3B, 0x00, 0x00, 0x24, 0xF7, 0x51, 0xC4, 0x00, 0x00, 0x02, 0x00, 0x00, 0x00, 0xFD, 0x3B, 0x33, 0x28,
        0xB4, 0x28, 0x7C, 0xA3, 0x64, 0x00, 0xFD, 0x3B, 0x33, 0x28, 0xB2, 0x28, 0x6B, 0xA3, 0x01, 0x00, 0x00, 0x00, 0x5B, 0x2B,
        0xBA, 0x23, 0x3E, 0x9A, 0x34, 0x44, 0xCF, 0xFF, 0x00, 0x00, 0x03, 0x00, 0x00, 0x00, 0x2C, 0xAA, 0x2C, 0xB7, 0x9D, 0x2A,
        0x21, 0x3B, 0x5C, 0x00, 0x30, 0xAA, 0x2D, 0xB7, 0x97, 0x2A, 0x21, 0x3B, 0x64, 0x00, 0x2E, 0xAA, 0x2C, 0xB7, 0x9A, 0x2A,
        0x21, 0x3B, 0x00, 0x00, 0x5D, 0x4D, 0x7A, 0xCD, 0x00, 0x00, 0x02, 0x00, 0x00, 0x00, 0xF0, 0xAC, 0x30, 0xB7, 0x2B, 0x2B,
        0x1B, 0x3B, 0x64, 0x00, 0xF1, 0xAC, 0x30, 0xB7, 0x29, 0x2B, 0x1B, 0x3B, 0x00, 0x00, 0x2B, 0xC2, 0x80, 0xD7, 0x00, 0x00,
        0x07, 0x00, 0x00, 0x00, 0x3A, 0x2C, 0x15, 0xB8, 0x16, 0x18, 0xDC, 0x3A, 0x01, 0x00, 0x38, 0x2C, 0x16, 0xB8, 0x43, 0x18,
        0xDC, 0x3A, 0x3A, 0x00, 0x3A, 0x2C, 0x16, 0xB8, 0x84, 0x17, 0xDC, 0x3A, 0x48, 0x00, 0x38, 0x2C, 0x15, 0xB8, 0x98, 0x18,
        0xDC, 0x3A, 0x4C, 0x00, 0x3B, 0x2C, 0x16, 0xB8, 0x10, 0x18, 0xDC, 0x3A, 0x63, 0x00, 0x38, 0x2C, 0x16, 0xB8, 0x73, 0x17,
        0xDC, 0x3A, 0x64, 0x00, 0x39, 0x2C, 0x15, 0xB8, 0xFB, 0x17, 0xDC, 0x3A, 0x01, 0x00, 0x00, 0x00, 0xC4, 0x80, 0x00, 0x00,
        0x21, 0x00, 0x77, 0x56, 0x43, 0xFF, 0x00, 0x00, 0x02, 0x00, 0x00, 0x00, 0x65, 0x2E, 0xCC, 0xB6, 0x9D, 0x28, 0x31, 0x3B,
        0x64, 0x00, 0x65, 0x2E, 0xCC, 0xB6, 0x9C, 0x28, 0x31, 0x3B, 0x01, 0x00, 0x00, 0x00, 0xAE, 0x80, 0x0B, 0x80, 0x15, 0x00,
        0xA5, 0xFF, 0x33, 0xF1, 0x00, 0x00, 0x02, 0x00, 0x00, 0x00, 0x06, 0x29, 0xCD, 0x2A, 0x18, 0xA1, 0xFB, 0x3B, 0x64, 0x00,
        0x02, 0x29, 0xCE, 0x2A, 0x0E, 0xA1, 0xFB, 0x3B, 0x00, 0x00, 0x60, 0x60, 0xA3, 0xB1, 0x00, 0x00, 0x0C, 0x00, 0x00, 0x00,
        0x29, 0xA7, 0x08, 0xAA, 0x8D, 0x3B, 0x39, 0xB5, 0x28, 0x00, 0x29, 0xA7, 0x08, 0xAA, 0x8D, 0x3B, 0x39, 0xB5, 0x29, 0x00,
        0x29, 0xA7, 0x0C, 0xAA, 0x8C, 0x3B, 0x39, 0xB5, 0x2D, 0x00, 0x33, 0xA7, 0x02, 0xAA, 0x8D, 0x3B, 0x39, 0xB5, 0x2E, 0x00,
        0x30, 0xA7, 0x07, 0xAA, 0x8C, 0x3B, 0x39, 0xB5, 0x3D, 0x00, 0x2B, 0xA7, 0x08, 0xAA, 0x8D, 0x3B, 0x38, 0xB5, 0x40, 0x00,
        0x2D, 0xA7, 0x04, 0xAA, 0x8C, 0x3B, 0x3A, 0xB5, 0x43, 0x00, 0x1F, 0xA7, 0x06, 0xAA, 0x8D, 0x3B, 0x39, 0xB5, 0x45, 0x00,
        0x28, 0xA7, 0x07, 0xAA, 0x8D, 0x3B, 0x39, 0xB5, 0x46, 0x00, 0x34, 0xA7, 0x00, 0xAA, 0x8C, 0x3B, 0x3A, 0xB5, 0x48, 0x00,
        0x27, 0xA7, 0x06, 0xAA, 0x8D, 0x3B, 0x39, 0xB5, 0x64, 0x00, 0x29, 0xA7, 0x08, 0xAA, 0x8D, 0x3B, 0x39, 0xB5, 0x01, 0x00,
        0x00, 0x00, 0x5B, 0x2B, 0xBA, 0x23, 0x40, 0x1A, 0x66, 0xB0, 0x98, 0x55, 0x00, 0x00, 0x01, 0x00, 0x00, 0x00, 0xD8, 0x22,
        0x6C, 0xB5, 0x8D, 0xAB, 0x83, 0x3B, 0x00, 0x00, 0x7E, 0x07, 0xF9, 0x49, 0x00, 0x00, 0x01, 0x00, 0x00, 0x00, 0x76, 0x2C,
        0xD0, 0xB5, 0x3C, 0x22, 0x6F, 0x3B, 0x00, 0x00, 0x73, 0x35, 0x09, 0x5B, 0x00, 0x00, 0x01, 0x00, 0x00, 0x00, 0x53, 0xAE,
        0xF6, 0xB6, 0x57, 0x29, 0x27, 0x3B, 0x01, 0x00, 0x00, 0x00, 0xC6, 0x80, 0x03, 0x80, 0x22, 0x00, 0xD1, 0xAA, 0x4F, 0x2C,
        0x00, 0x00, 0x02, 0x00, 0x00, 0x00, 0x32, 0xB0, 0xBD, 0xB5, 0x74, 0x2E, 0x5A, 0x3B, 0x64, 0x00, 0x32, 0xB0, 0xBD, 0xB5,
        0x74, 0x2E, 0x59, 0x3B, 0x01, 0x00, 0x00, 0x00, 0xAF, 0x80, 0x08, 0x00, 0x15, 0x00, 0x94, 0x77, 0x0F, 0xE8, 0x00, 0x00,
        0x02, 0x00, 0x00, 0x00, 0x03, 0x23, 0x61, 0x2D, 0xC4, 0x27, 0xF8, 0x3B, 0x64, 0x00, 0x01, 0x23, 0x61, 0x2D, 0xC5, 0x27,
        0xF8, 0x3B, 0x00, 0x00, 0x89, 0x7C, 0x4D, 0x2C, 0x00, 0x00, 0x02, 0x00, 0x00, 0x00, 0x6E, 0x1D, 0x40, 0xB0, 0x85, 0xA0,
        0xEE, 0x3B, 0x64, 0x00, 0x7B, 0x1D, 0x3F, 0xB0, 0x85, 0xA0, 0xEE, 0x3B, 0x00, 0x00, 0xBC, 0xD7, 0x9B, 0x85, 0x00, 0x00,
        0x02, 0x00, 0x00, 0x00, 0x70, 0x81, 0xF5, 0xB5, 0x6B, 0x00, 0x6D, 0x3B, 0x64, 0x00, 0x8A, 0x80, 0xF5, 0xB5, 0x64, 0x00,
        0x6D, 0x3B, 0x00, 0x00, 0xD1, 0x24, 0x43, 0x3D, 0x00, 0x00, 0x02, 0x00, 0x00, 0x00, 0xEA, 0x00, 0xF7, 0xB7, 0xCD, 0x00,
        0xF0, 0x3A, 0x64, 0x00, 0xE4, 0x00, 0xF7, 0xB7, 0xAB, 0x81, 0xF0, 0x3A, 0x00, 0x00, 0xE4, 0xBB, 0xF3, 0xE5, 0x00, 0x00,
        0x02, 0x00, 0x00, 0x00, 0x44, 0x80, 0xC1, 0xB8, 0x46, 0x00, 0x6F, 0x3A, 0x64, 0x00, 0xDF, 0x80, 0xC1, 0xB8, 0x01, 0x00,
        0x6F, 0x3A, 0x00, 0x00, 0x86, 0x6C, 0x11, 0x66, 0x00, 0x00, 0x02, 0x00, 0x00, 0x00, 0x4A, 0x80, 0xEF, 0xB2, 0x52, 0x00,
        0xCF, 0x3B, 0x64, 0x00, 0xF1, 0x00, 0xEF, 0xB2, 0x4D, 0x80, 0xCF, 0x3B, 0x00, 0x00, 0xCC, 0x12, 0xD0, 0x40, 0x00, 0x00,
        0x02, 0x00, 0x00, 0x00, 0xCE, 0xA0, 0xD4, 0xAF, 0xE6, 0xA6, 0xF0, 0x3B, 0x64, 0x00, 0xD0, 0xA0, 0xD4, 0xAF, 0xE6, 0xA6,
        0xF0, 0x3B, 0x00, 0x00, 0xBB, 0x42, 0x77, 0x79, 0x00, 0x00, 0x02, 0x00, 0x00, 0x00, 0x66, 0x27, 0x6F, 0xB5, 0x5F, 0xA7,
        0x84, 0x3B, 0x64, 0x00, 0x65, 0x27, 0x6F, 0xB5, 0x5F, 0xA7, 0x84, 0x3B, 0x00, 0x00, 0x7D, 0x97, 0xFF, 0x62, 0x00, 0x00,
        0x01, 0x00, 0x00, 0x00, 0x30, 0x12, 0x95, 0xB6, 0x50, 0x24, 0x4A, 0x3B, 0x00, 0x00, 0x5C, 0xBD, 0x12, 0xC5, 0x00, 0x00,
        0x01, 0x00, 0x00, 0x00, 0xFA, 0x25, 0x18, 0xB7, 0xCA, 0x29, 0x29, 0x3B, 0x00, 0x00, 0xF6, 0x92, 0xB5, 0xD9, 0x00, 0x00,
        0x02, 0x00, 0x00, 0x00, 0xDB, 0xA1, 0xF3, 0xAC, 0x10, 0x22, 0xFA, 0x3B, 0x64, 0x00, 0xDC, 0xA1, 0xF4, 0xAC, 0x0E, 0x22,
        0xFA, 0x3B, 0x00, 0x00, 0xE7, 0xE6, 0x83, 0xBC, 0x00, 0x00, 0x02, 0x00, 0x00, 0x00, 0x10, 0x00, 0xB9, 0xB4, 0x15, 0x00,
        0xA5, 0x3B, 0x64, 0x00, 0x68, 0x80, 0xB9, 0xB4, 0x64, 0x00, 0xA5, 0x3B, 0x00, 0x00, 0x7F, 0x12, 0xA9, 0x74, 0x00, 0x00,
        0x02, 0x00, 0x00, 0x00, 0x15, 0x00, 0xBC, 0xB4, 0x4D, 0x80, 0xA4, 0x3B, 0x64, 0x00, 0x24, 0x00, 0xBB, 0xB4, 0x80, 0x80,
        0xA4, 0x3B, 0x00, 0x00, 0xDB, 0xAB, 0x54, 0xCC, 0x00, 0x00, 0x02, 0x00, 0x00, 0x00, 0x05, 0x80, 0x69, 0xB2, 0x07, 0x80,
        0xD6, 0x3B, 0x64, 0x00, 0x4A, 0x00, 0x69, 0xB2, 0xAC, 0x80, 0xD6, 0x3B, 0x00, 0x00, 0xBC, 0x59, 0x67, 0xEF, 0x00, 0x00,
        0x02, 0x00, 0x00, 0x00, 0x02, 0x00, 0xD1, 0xB3, 0x02, 0x00, 0xC2, 0x3B, 0x64, 0x00, 0xBC, 0x00, 0xD1, 0xB3, 0x67, 0x80,
        0xC2, 0x3B, 0x00, 0x00, 0x25, 0x2A, 0xD9, 0x7B, 0x00, 0x00, 0x02, 0x00, 0x00, 0x00, 0x01, 0x80, 0x74, 0xB3, 0x04, 0x00,
        0xC8, 0x3B, 0x64, 0x00, 0x03, 0x00, 0x75, 0xB3, 0x0B, 0x00, 0xC8, 0x3B, 0x00, 0x00, 0x4F, 0x31, 0xD5, 0x6A, 0x00, 0x00,
        0x02, 0x00, 0x00, 0x00, 0x59, 0x23, 0x35, 0xB2, 0x75, 0xA7, 0xD8, 0x3B, 0x64, 0x00, 0x5B, 0x23, 0x35, 0xB2, 0x75, 0xA7,
        0xD8, 0x3B, 0x00, 0x00, 0x3B, 0xFD, 0x3F, 0xAA, 0x00, 0x00, 0x02, 0x00, 0x00, 0x00, 0x5A, 0xA9, 0x2D, 0xAE, 0xA3, 0x28,
        0xF3, 0x3B, 0x64, 0x00, 0x59, 0xA9, 0x2F, 0xAE, 0xA2, 0x28, 0xF3, 0x3B, 0x00, 0x00, 0x54, 0x94, 0x79, 0x0C, 0x00, 0x00,
        0x02, 0x00, 0x00, 0x00, 0xC7, 0x2A, 0x9F, 0xAF, 0xCB, 0xA3, 0xEE, 0x3B, 0x64, 0x00, 0xC7, 0x2A, 0xA0, 0xAF, 0xCA, 0xA3,
        0xEE, 0x3B, 0x00, 0x00, 0x0D, 0x9F, 0x1A, 0x93, 0x00, 0x00, 0x02, 0x00, 0x00, 0x00, 0x84, 0xA5, 0x6D, 0xB3, 0x10, 0x1D,
        0xC8, 0x3B, 0x64, 0x00, 0x84, 0xA5, 0x6D, 0xB3, 0x11, 0x1D, 0xC8, 0x3B, 0x00, 0x00, 0xD5, 0xE3, 0xDC, 0x21, 0x00, 0x00,
        0x02, 0x00, 0x00, 0x00, 0xAE, 0xA0, 0xBE, 0xB1, 0xE9, 0x24, 0xDE, 0x3B, 0x64, 0x00, 0xAE, 0xA0, 0xBE, 0xB1, 0xE8, 0x24,
        0xDE, 0x3B, 0x00, 0x00, 0x15, 0xF1, 0x6F, 0x52, 0x00, 0x00, 0x00, 0x00, 0x2F, 0x00, 0x00, 0x00, 0xAE, 0xA0, 0xA7, 0x67,
        0x80, 0x29, 0x55, 0xA8, 0x06, 0x17, 0x8C, 0x7E, 0x4E, 0x30, 0x02, 0x00, 0xAE, 0xA0, 0xD5, 0xB1, 0x56, 0xB1, 0x00, 0x5C,
        0xD6, 0x3B, 0x99, 0x7E, 0x4E, 0x30, 0x05, 0x00, 0xAE, 0xA0, 0x11, 0xD4, 0x10, 0xB2, 0x40, 0xF5, 0x90, 0x3C, 0xB0, 0x7E,
        0x4E, 0x30, 0x0D, 0x00, 0xAE, 0xA0, 0xEE, 0x9B, 0xCD, 0xB2, 0x20, 0xA8, 0x4D, 0x3D, 0xF3, 0x7E, 0x4E, 0x30, 0x10, 0x00,
        0xAE, 0xA0, 0x7C, 0x56, 0xFC, 0xB2, 0x80, 0x4C, 0x7C, 0x3D, 0x0B, 0x7F, 0x4E, 0x30, 0x12, 0x00, 0xAE, 0xA0, 0xAC, 0x33,
        0x0C, 0xB3, 0x90, 0x2F, 0x8C, 0x3D, 0x19, 0x7F, 0x4E, 0x30, 0x14, 0x00, 0xAE, 0xA0, 0x09, 0xBA, 0x1E, 0xB3, 0x90, 0x8B,
        0x98, 0x3D, 0x2B, 0x7F, 0x4E, 0x30, 0x16, 0x00, 0xAE, 0xA0, 0x73, 0xCF, 0x22, 0xB3, 0x10, 0xD9, 0xA2, 0x3D, 0x2F, 0x7F,
        0x4E, 0x30, 0x17, 0x00, 0xAE, 0xA0, 0xB7, 0x4D, 0x2D, 0xB3, 0xE0, 0x19, 0xA7, 0x3D, 0x3A, 0x7F, 0x4E, 0x30, 0x18, 0x00,
        0xAE, 0xA0, 0x3B, 0xDA, 0x30, 0xB3, 0xD0, 0xAC, 0xAA, 0x3D, 0x3E, 0x7F, 0x4E, 0x30, 0x19, 0x00, 0xAE, 0xA0, 0x9E, 0x83,
        0x2D, 0xB3, 0xB0, 0x87, 0xAD, 0x3D, 0x3A, 0x7F, 0x4E, 0x30, 0x1A, 0x00, 0xAE, 0xA0, 0x30, 0x07, 0x3C, 0xB3, 0x30, 0x96,
        0xAF, 0x3D, 0x49, 0x7F, 0x4E, 0x30, 0x1B, 0x00, 0xAE, 0xA0, 0x41, 0x01, 0x37, 0xB3, 0x00, 0xCE, 0xB0, 0x3D, 0x44, 0x7F,
        0x4E, 0x30, 0x1C, 0x00, 0xAE, 0xA0, 0x21, 0x5C, 0x37, 0xB3, 0x10, 0x2F, 0xB1, 0x3D, 0x44, 0x7F, 0x4E, 0x30, 0x1D, 0x00,
        0xAE, 0xA0, 0x01, 0xF6, 0x36, 0xB3, 0xF0, 0xC8, 0xB0, 0x3D, 0x44, 0x7F, 0x4E, 0x30, 0x1E, 0x00, 0xAE, 0xA0, 0xF0, 0x8C,
        0x2F, 0xB3, 0x20, 0x91, 0xAF, 0x3D, 0x3C, 0x7F, 0x4E, 0x30, 0x1F, 0x00, 0xAE, 0xA0, 0x8E, 0xCE, 0x33, 0xB3, 0x50, 0xA1,
        0xAD, 0x3D, 0x41, 0x7F, 0x4E, 0x30, 0x21, 0x00, 0xAE, 0xA0, 0x88, 0xE6, 0x27, 0xB3, 0x80, 0xF0, 0xA7, 0x3D, 0x35, 0x7F,
        0x4E, 0x30, 0x23, 0x00, 0xAE, 0xA0, 0x50, 0x31, 0x26, 0xB3, 0x40, 0x03, 0xA0, 0x3D, 0x33, 0x7F, 0x4E, 0x30, 0x25, 0x00,
        0xAE, 0xA0, 0x66, 0x1A, 0x16, 0xB3, 0xE0, 0x16, 0x96, 0x3D, 0x23, 0x7F, 0x4E, 0x30, 0x27, 0x00, 0xAE, 0xA0, 0x9A, 0x6A,
        0x0A, 0xB3, 0xD0, 0x72, 0x8A, 0x3D, 0x17, 0x7F, 0x4E, 0x30, 0x29, 0x00, 0xAE, 0xA0, 0xBD, 0x84, 0x03, 0xB3, 0x40, 0xA9,
        0x7A, 0x3D, 0x10, 0x7F, 0x4E, 0x30, 0x2C, 0x00, 0xAE, 0xA0, 0x0F, 0xB2, 0xCE, 0xB2, 0xE0, 0xB1, 0x4E, 0x3D, 0xF4, 0x7E,
        0x4E, 0x30, 0x2F, 0x00, 0xAE, 0xA0, 0xFF, 0x2B, 0xAB, 0xB2, 0x60, 0xC6, 0x1E, 0x3D, 0xE2, 0x7E, 0x4E, 0x30, 0x36, 0x00,
        0xAE, 0xA0, 0xA1, 0x3A, 0xD2, 0xB1, 0x00, 0x88, 0x20, 0x3C, 0xA6, 0x7E, 0x4E, 0x30, 0x3D, 0x00, 0xAE, 0xA0, 0x27, 0x63,
        0x26, 0x32, 0xC0, 0x85, 0xA6, 0xBC, 0x62, 0x7E, 0x4E, 0x30, 0x40, 0x00, 0xAE, 0xA0, 0x09, 0xC0, 0x6F, 0x32, 0xE0, 0x56,
        0x04, 0xBD, 0x50, 0x7E, 0x4E, 0x30, 0x42, 0x00, 0xAE, 0xA0, 0x22, 0x94, 0x95, 0x32, 0xA0, 0x0C, 0x22, 0xBD, 0x41, 0x7E,
        0x4E, 0x30, 0x44, 0x00, 0xAE, 0xA0, 0x5C, 0x50, 0xBC, 0x32, 0xE0, 0x67, 0x3C, 0xBD, 0x2D, 0x7E, 0x4E, 0x30, 0x46, 0x00,
        0xAE, 0xA0, 0xF3, 0x67, 0xC6, 0x32, 0x60, 0xE3, 0x52, 0xBD, 0x28, 0x7E, 0x4E, 0x30, 0x48, 0x00, 0xAE, 0xA0, 0xC5, 0x4A,
        0xD8, 0x32, 0x40, 0xC7, 0x64, 0xBD, 0x1F, 0x7E, 0x4E, 0x30, 0x49, 0x00, 0xAE, 0xA0, 0x8C, 0x1E, 0xDF, 0x32, 0x60, 0x9B,
        0x6B, 0xBD, 0x1C, 0x7E, 0x4E, 0x30, 0x4A, 0x00, 0xAE, 0xA0, 0xF1, 0xB3, 0xF0, 0x32, 0x20, 0xC2, 0x70, 0xBD, 0x13, 0x7E,
        0x4E, 0x30, 0x4B, 0x00, 0xAE, 0xA0, 0xD4, 0xB3, 0xE7, 0x32, 0x40, 0x31, 0x74, 0xBD, 0x18, 0x7E, 0x4E, 0x30, 0x4C, 0x00,
        0xAE, 0xA0, 0xB6, 0x7F, 0xE9, 0x32, 0x40, 0xFD, 0x75, 0xBD, 0x17, 0x7E, 0x4E, 0x30, 0x4D, 0x00, 0xAE, 0xA0, 0x36, 0x2B,
        0xDD, 0x32, 0x60, 0x30, 0x76, 0xBD, 0x1D, 0x7E, 0x4E, 0x30, 0x4E, 0x00, 0xAE, 0xA0, 0x35, 0xBC, 0xF4, 0x32, 0xA0, 0xCA,
        0x74, 0xBD, 0x11, 0x7E, 0x4E, 0x30, 0x4F, 0x00, 0xAE, 0xA0, 0x32, 0xD2, 0xF1, 0x32, 0x60, 0xE0, 0x71, 0xBD, 0x13, 0x7E,
        0x4E, 0x30, 0x50, 0x00, 0xAE, 0xA0, 0xCD, 0xFE, 0xE0, 0x32, 0xC0, 0x7B, 0x6D, 0xBD, 0x1B, 0x7E, 0x4E, 0x30, 0x51, 0x00,
        0xAE, 0xA0, 0xE8, 0x13, 0xDB, 0x32, 0x00, 0x9D, 0x67, 0xBD, 0x1E, 0x7E, 0x4E, 0x30, 0x52, 0x00, 0xAE, 0xA0, 0x80, 0x55,
        0xE0, 0x32, 0xA0, 0x62, 0x60, 0xBD, 0x1B, 0x7E, 0x4E, 0x30, 0x54, 0x00, 0xAE, 0xA0, 0xCE, 0x51, 0xCE, 0x32, 0x60, 0x6A,
        0x4E, 0xBD, 0x24, 0x7E, 0x4E, 0x30, 0x56, 0x00, 0xAE, 0xA0, 0x19, 0x9C, 0xB8, 0x32, 0xE0, 0xA6, 0x38, 0xBD, 0x2F, 0x7E,
        0x4E, 0x30, 0x59, 0x00, 0xAE, 0xA0, 0x53, 0x00, 0x93, 0x32, 0xE0, 0x08, 0x13, 0xBD, 0x42, 0x7E, 0x4E, 0x30, 0x61, 0x00,
        0xAE, 0xA0, 0x28, 0xA6, 0x43, 0x31, 0x80, 0x97, 0x13, 0xBC, 0x80, 0x7E, 0x4E, 0x30, 0x63, 0x00, 0xAE, 0xA0, 0xBD, 0xC0,
        0xB9, 0x30, 0x00, 0x92, 0x3A, 0xBB, 0x86, 0x7E, 0x4E, 0x30, 0x64, 0x00, 0xAE, 0xA0, 0x9F, 0x01, 0xC4, 0x2C, 0x77, 0x1B,
        0x44, 0x1A, 0x8C, 0x7E, 0x4E, 0x30, 0xB8, 0xE7, 0x9A, 0xE1, 0x00, 0x00, 0x42, 0x00, 0x00, 0x00, 0x02, 0x80, 0x13, 0x00,
        0x86, 0x30, 0xEB, 0x3B, 0x01, 0x00, 0x95, 0x94, 0x72, 0x8E, 0x8D, 0x30, 0xEB, 0x3B, 0x03, 0x00, 0x0A, 0x9B, 0x01, 0x8C,
        0x98, 0x30, 0xEB, 0x3B, 0x06, 0x00, 0x69, 0x9F, 0x05, 0x0B, 0xAF, 0x30, 0xEA, 0x3B, 0x0A, 0x00, 0x74, 0xA2, 0xDA, 0x12,
        0xCE, 0x30, 0xE9, 0x3B, 0x0C, 0x00, 0xE1, 0xA3, 0x3E, 0x15, 0xDD, 0x30, 0xE8, 0x3B, 0x0E, 0x00, 0xA2, 0xA4, 0x84, 0x17,
        0xED, 0x30, 0xE7, 0x3B, 0x10, 0x00, 0x53, 0xA5, 0x10, 0x18, 0xFB, 0x30, 0xE7, 0x3B, 0x12, 0x00, 0xFA, 0xA5, 0xF4, 0x17,
        0x06, 0x31, 0xE6, 0x3B, 0x14, 0x00, 0x91, 0xA6, 0x2E, 0x18, 0x11, 0x31, 0xE5, 0x3B, 0x16, 0x00, 0x19, 0xA7, 0x40, 0x18,
        0x19, 0x31, 0xE5, 0x3B, 0x17, 0x00, 0x50, 0xA7, 0x31, 0x18, 0x1B, 0x31, 0xE5, 0x3B, 0x18, 0x00, 0x7B, 0xA7, 0x18, 0x18,
        0x1C, 0x31, 0xE5, 0x3B, 0x19, 0x00, 0x9F, 0xA7, 0xC2, 0x17, 0x1C, 0x31, 0xE5, 0x3B, 0x1A, 0x00, 0xBE, 0xA7, 0x31, 0x17,
        0x1B, 0x31, 0xE5, 0x3B, 0x1B, 0x00, 0xD6, 0xA7, 0xA6, 0x16, 0x19, 0x31, 0xE5, 0x3B, 0x1D, 0x00, 0xEC, 0xA7, 0xAA, 0x15,
        0x13, 0x31, 0xE5, 0x3B, 0x1E, 0x00, 0xEA, 0xA7, 0xD4, 0x14, 0x0E, 0x31, 0xE5, 0x3B, 0x1F, 0x00, 0xDF, 0xA7, 0xCE, 0x12,
        0x07, 0x31, 0xE6, 0x3B, 0x20, 0x00, 0xCE, 0xA7, 0x72, 0x0D, 0xFF, 0x30, 0xE6, 0x3B, 0x22, 0x00, 0x99, 0xA7, 0x46, 0x93,
        0xEA, 0x30, 0xE7, 0x3B, 0x25, 0x00, 0x2F, 0xA7, 0x24, 0x99, 0xCC, 0x30, 0xE8, 0x3B, 0x26, 0x00, 0x03, 0xA7, 0x6F, 0x9A,
        0xC0, 0x30, 0xE9, 0x3B, 0x27, 0x00, 0xD1, 0xA6, 0xC1, 0x9B, 0xB3, 0x30, 0xE9, 0x3B, 0x29, 0x00, 0x60, 0xA6, 0x2A, 0x9D,
        0x92, 0x30, 0xEA, 0x3B, 0x2A, 0x00, 0x23, 0xA6, 0xD7, 0x9D, 0x81, 0x30, 0xEB, 0x3B, 0x2B, 0x00, 0xE3, 0xA5, 0xB8, 0x9E,
        0x71, 0x30, 0xEC, 0x3B, 0x2E, 0x00, 0x17, 0xA5, 0x02, 0xA1, 0x3E, 0x30, 0xED, 0x3B, 0x30, 0x00, 0x84, 0xA4, 0xF8, 0xA1,
        0x1A, 0x30, 0xEF, 0x3B, 0x32, 0x00, 0xD6, 0xA3, 0xF0, 0xA2, 0xE9, 0x2F, 0xF0, 0x3B, 0x34, 0x00, 0x9B, 0xA2, 0xC3, 0xA3,
        0xA2, 0x2F, 0xF1, 0x3B, 0x36, 0x00, 0x60, 0xA1, 0x3F, 0xA4, 0x5C, 0x2F, 0xF2, 0x3B, 0x37, 0x00, 0xC0, 0xA0, 0x72, 0xA4,
        0x3A, 0x2F, 0xF2, 0x3B, 0x38, 0x00, 0x20, 0xA0, 0xA9, 0xA4, 0x1A, 0x2F, 0xF3, 0x3B, 0x3A, 0x00, 0xC5, 0x9D, 0x11, 0xA5,
        0xDD, 0x2E, 0xF4, 0x3B, 0x3C, 0x00, 0x03, 0x9B, 0x67, 0xA5, 0xA1, 0x2E, 0xF5, 0x3B, 0x3D, 0x00, 0xE0, 0x98, 0x8A, 0xA5,
        0x82, 0x2E, 0xF5, 0x3B, 0x3F, 0x00, 0x6C, 0x8E, 0xD1, 0xA5, 0x4E, 0x2E, 0xF6, 0x3B, 0x40, 0x00, 0x30, 0x10, 0xF8, 0xA5,
        0x39, 0x2E, 0xF6, 0x3B, 0x42, 0x00, 0x54, 0x18, 0x40, 0xA6, 0x16, 0x2E, 0xF6, 0x3B, 0x43, 0x00, 0xF8, 0x19, 0x57, 0xA6,
        0x06, 0x2E, 0xF6, 0x3B, 0x44, 0x00, 0xA1, 0x1B, 0x63, 0xA6, 0xF7, 0x2D, 0xF6, 0x3B, 0x45, 0x00, 0x99, 0x1C, 0x66, 0xA6,
        0xEA, 0x2D, 0xF7, 0x3B, 0x46, 0x00, 0x46, 0x1D, 0x69, 0xA6, 0xE0, 0x2D, 0xF7, 0x3B, 0x47, 0x00, 0xDC, 0x1D, 0x6D, 0xA6,
        0xD9, 0x2D, 0xF7, 0x3B, 0x48, 0x00, 0x5A, 0x1E, 0x70, 0xA6, 0xD6, 0x2D, 0xF7, 0x3B, 0x49, 0x00, 0xCC, 0x1E, 0x70, 0xA6,
        0xD7, 0x2D, 0xF7, 0x3B, 0x4A, 0x00, 0x27, 0x1F, 0x65, 0xA6, 0xDD, 0x2D, 0xF7, 0x3B, 0x4B, 0x00, 0x5E, 0x1F, 0x4C, 0xA6,
        0xE3, 0x2D, 0xF7, 0x3B, 0x4C, 0x00, 0x71, 0x1F, 0x26, 0xA6, 0xEB, 0x2D, 0xF7, 0x3B, 0x4D, 0x00, 0x6E, 0x1F, 0xF9, 0xA5,
        0xF5, 0x2D, 0xF6, 0x3B, 0x4E, 0x00, 0x63, 0x1F, 0xCA, 0xA5, 0x04, 0x2E, 0xF6, 0x3B, 0x4F, 0x00, 0x4E, 0x1F, 0x97, 0xA5,
        0x18, 0x2E, 0xF6, 0x3B, 0x50, 0x00, 0x30, 0x1F, 0x62, 0xA5, 0x31, 0x2E, 0xF6, 0x3B, 0x52, 0x00, 0xCE, 0x1E, 0xE7, 0xA4,
        0x6C, 0x2E, 0xF5, 0x3B, 0x55, 0x00, 0xD8, 0x1D, 0x2E, 0xA4, 0xCB, 0x2E, 0xF4, 0x3B, 0x56, 0x00, 0x73, 0x1D, 0xD7, 0xA3,
        0xED, 0x2E, 0xF4, 0x3B, 0x58, 0x00, 0xB6, 0x1C, 0xA8, 0xA2, 0x3B, 0x2F, 0xF3, 0x3B, 0x5A, 0x00, 0x03, 0x1C, 0x64, 0xA1,
        0x8C, 0x2F, 0xF2, 0x3B, 0x5B, 0x00, 0x1A, 0x1B, 0xCB, 0xA0, 0xB5, 0x2F, 0xF1, 0x3B, 0x5D, 0x00, 0xC8, 0x18, 0x57, 0x9F,
        0x05, 0x30, 0xF0, 0x3B, 0x5F, 0x00, 0xA9, 0x15, 0x19, 0x9D, 0x2D, 0x30, 0xEE, 0x3B, 0x61, 0x00, 0xA9, 0x12, 0xD4, 0x99,
        0x55, 0x30, 0xED, 0x3B, 0x62, 0x00, 0x5E, 0x10, 0x91, 0x97, 0x67, 0x30, 0xED, 0x3B, 0x63, 0x00, 0x44, 0x0C, 0x58, 0x93,
        0x78, 0x30, 0xEC, 0x3B, 0x64, 0x00, 0x03, 0x80, 0x13, 0x00, 0x86, 0x30, 0xEB, 0x3B, 0x36, 0x00, 0x00, 0x00, 0x03, 0x80,
        0x5F, 0x24, 0x4F, 0x3C, 0xBB, 0x45, 0x60, 0xBF, 0x87, 0xD4, 0x0B, 0xB3, 0x02, 0x00, 0x03, 0x80, 0x65, 0x24, 0x4F, 0x3C,
        0x17, 0x97, 0x5E, 0xBF, 0xCC, 0xC4, 0x54, 0x3B, 0x04, 0x00, 0x03, 0x80, 0x6B, 0x24, 0x4F, 0x3C, 0xF9, 0xB5, 0x5C, 0xBF,
        0x73, 0xDD, 0xE1, 0x3B, 0x07, 0x00, 0x03, 0x80, 0x75, 0x24, 0x4F, 0x3C, 0x31, 0xA9, 0x59, 0xBF, 0x77, 0x3D, 0x53, 0x3C,
        0x0D, 0x00, 0x03, 0x80, 0x8A, 0x24, 0x4F, 0x3C, 0x2B, 0x5D, 0x53, 0xBF, 0x8C, 0x73, 0xD1, 0x3C, 0x10, 0x00, 0x03, 0x80,
        0x94, 0x24, 0x4F, 0x3C, 0x9F, 0x71, 0x50, 0xBF, 0x5F, 0x4D, 0x01, 0x3D, 0x12, 0x00, 0x03, 0x80, 0x9A, 0x24, 0x4F, 0x3C,
        0xCF, 0xAF, 0x4E, 0xBF, 0xBD, 0x3C, 0x10, 0x3D, 0x14, 0x00, 0x03, 0x80, 0x9F, 0x24, 0x4F, 0x3C, 0x4F, 0x24, 0x4D, 0xBF,
        0x12, 0x89, 0x1D, 0x3D, 0x15, 0x00, 0x03, 0x80, 0xA2, 0x24, 0x4F, 0x3C, 0x85, 0x76, 0x4C, 0xBF, 0x59, 0x71, 0x23, 0x3D,
        0x16, 0x00, 0x03, 0x80, 0xA4, 0x24, 0x4F, 0x3C, 0x9D, 0xDA, 0x4B, 0xBF, 0x95, 0xC9, 0x28, 0x3D, 0x17, 0x00, 0x03, 0x80,
        0xA6, 0x24, 0x4F, 0x3C, 0x29, 0x53, 0x4B, 0xBF, 0xB1, 0x84, 0x2D, 0x3D, 0x18, 0x00, 0x03, 0x80, 0xA7, 0x24, 0x4F, 0x3C,
        0xC9, 0xE0, 0x4A, 0xBF, 0x7D, 0x95, 0x31, 0x3D, 0x19, 0x00, 0x03, 0x80, 0xA9, 0x24, 0x4F, 0x3C, 0x11, 0x86, 0x4A, 0xBF,
        0x18, 0xEF, 0x34, 0x3D, 0x1A, 0x00, 0x03, 0x80, 0xAA, 0x24, 0x4F, 0x3C, 0x43, 0x44, 0x4A, 0xBF, 0x1B, 0x84, 0x37, 0x3D,
        0x1B, 0x00, 0x03, 0x80, 0xAA, 0x24, 0x4F, 0x3C, 0x8F, 0x1E, 0x4A, 0xBF, 0xA6, 0x47, 0x39, 0x3D, 0x1C, 0x00, 0x03, 0x80,
        0xAB, 0x24, 0x4F, 0x3C, 0x6B, 0x12, 0x4A, 0xBF, 0xA4, 0x2C, 0x3A, 0x3D, 0x1D, 0x00, 0x03, 0x80, 0xAB, 0x24, 0x4F, 0x3C,
        0xD7, 0x1F, 0x4A, 0xBF, 0xCB, 0x25, 0x3A, 0x3D, 0x1E, 0x00, 0x03, 0x80, 0xAA, 0x24, 0x4F, 0x3C, 0x73, 0x47, 0x4A, 0xBF,
        0x39, 0x26, 0x39, 0x3D, 0x1F, 0x00, 0x03, 0x80, 0xAA, 0x24, 0x4F, 0x3C, 0x11, 0x86, 0x4A, 0xBF, 0xDF, 0x46, 0x37, 0x3D,
        0x20, 0x00, 0x03, 0x80, 0xA9, 0x24, 0x4F, 0x3C, 0x21, 0xD9, 0x4A, 0xBF, 0x67, 0xAF, 0x34, 0x3D, 0x21, 0x00, 0x03, 0x80,
        0xA7, 0x24, 0x4F, 0x3C, 0xB7, 0x3E, 0x4B, 0xBF, 0x05, 0x69, 0x31, 0x3D, 0x22, 0x00, 0x03, 0x80, 0xA6, 0x24, 0x4F, 0x3C,
        0x31, 0xB6, 0x4B, 0xBF, 0x9E, 0x7C, 0x2D, 0x3D, 0x24, 0x00, 0x03, 0x80, 0xA2, 0x24, 0x4F, 0x3C, 0xA3, 0xD7, 0x4C, 0xBF,
        0xD7, 0xD5, 0x23, 0x3D, 0x26, 0x00, 0x03, 0x80, 0x9D, 0x24, 0x4F, 0x3C, 0x7F, 0x34, 0x4E, 0xBF, 0x09, 0x03, 0x18, 0x3D,
        0x28, 0x00, 0x03, 0x80, 0x97, 0x24, 0x4F, 0x3C, 0x61, 0xC6, 0x4F, 0xBF, 0x2E, 0x4C, 0x0A, 0x3D, 0x2A, 0x00, 0x03, 0x80,
        0x91, 0x24, 0x4F, 0x3C, 0x5B, 0x84, 0x51, 0xBF, 0xAD, 0xF2, 0xF5, 0x3C, 0x2D, 0x00, 0x03, 0x80, 0x87, 0x24, 0x4F, 0x3C,
        0x0B, 0x65, 0x54, 0xBF, 0x3C, 0x2C, 0xC3, 0x3C, 0x30, 0x00, 0x03, 0x80, 0x7C, 0x24, 0x4F, 0x3C, 0x9B, 0x7E, 0x57, 0xBF,
        0xD5, 0x51, 0x8C, 0x3C, 0x37, 0x00, 0x03, 0x80, 0x61, 0x24, 0x4F, 0x3C, 0xDF, 0x16, 0x5F, 0xBF, 0x1A, 0x48, 0x64, 0x3A,
        0x3B, 0x00, 0x03, 0x80, 0x52, 0x24, 0x4F, 0x3C, 0x57, 0x9B, 0x63, 0xBF, 0x46, 0x09, 0x02, 0xBC, 0x3E, 0x00, 0x03, 0x80,
        0x48, 0x24, 0x4F, 0x3C, 0xE7, 0xE2, 0x66, 0xBF, 0x0C, 0x99, 0x63, 0xBC, 0x40, 0x00, 0x03, 0x80, 0x42, 0x24, 0x4F, 0x3C,
        0x2F, 0xEE, 0x68, 0xBF, 0xCC, 0xB9, 0x8E, 0xBC, 0x42, 0x00, 0x03, 0x80, 0x3D, 0x24, 0x4F, 0x3C, 0x4D, 0xCF, 0x6A, 0xBF,
        0xF6, 0x1E, 0xA8, 0xBC, 0x44, 0x00, 0x03, 0x80, 0x39, 0x24, 0x4F, 0x3C, 0x63, 0x7B, 0x6C, 0xBF, 0xDF, 0x6B, 0xBD, 0xBC,
        0x45, 0x00, 0x03, 0x80, 0x37, 0x24, 0x4F, 0x3C, 0x6D, 0x3A, 0x6D, 0xBF, 0x5E, 0x5C, 0xC6, 0xBC, 0x46, 0x00, 0x03, 0x80,
        0x35, 0x24, 0x4F, 0x3C, 0x97, 0xE7, 0x6D, 0xBF, 0xC7, 0x10, 0xCE, 0xBC, 0x47, 0x00, 0x03, 0x80, 0x34, 0x24, 0x4F, 0x3C,
        0x91, 0x81, 0x6E, 0xBF, 0x4F, 0x77, 0xD4, 0xBC, 0x48, 0x00, 0x03, 0x80, 0x33, 0x24, 0x4F, 0x3C, 0xBD, 0x07, 0x6F, 0xBF,
        0x7F, 0x68, 0xD9, 0xBC, 0x49, 0x00, 0x03, 0x80, 0x32, 0x24, 0x4F, 0x3C, 0xFF, 0x74, 0x6F, 0xBF, 0x39, 0xBA, 0xDC, 0xBC,
        0x4A, 0x00, 0x03, 0x80, 0x32, 0x24, 0x4F, 0x3C, 0x25, 0xC6, 0x6F, 0xBF, 0x72, 0x6A, 0xDE, 0xBC, 0x4B, 0x00, 0x03, 0x80,
        0x32, 0x24, 0x4F, 0x3C, 0x73, 0xFC, 0x6F, 0xBF, 0x4B, 0x91, 0xDE, 0xBC, 0x4C, 0x00, 0x03, 0x80, 0x32, 0x24, 0x4F, 0x3C,
        0xEF, 0x17, 0x70, 0xBF, 0x46, 0x46, 0xDD, 0xBC, 0x4D, 0x00, 0x03, 0x80, 0x33, 0x24, 0x4F, 0x3C, 0x91, 0x18, 0x70, 0xBF,
        0xB8, 0xA1, 0xDA, 0xBC, 0x4E, 0x00, 0x03, 0x80, 0x34, 0x24, 0x4F, 0x3C, 0x4B, 0x00, 0x70, 0xBF, 0x25, 0xBB, 0xD6, 0xBC,
        0x4F, 0x00, 0x03, 0x80, 0x35, 0x24, 0x4F, 0x3C, 0xD1, 0xCD, 0x6F, 0xBF, 0xE1, 0xAA, 0xD1, 0xBC, 0x50, 0x00, 0x03, 0x80,
        0x36, 0x24, 0x4F, 0x3C, 0x0F, 0x83, 0x6F, 0xBF, 0xA3, 0x88, 0xCB, 0xBC, 0x51, 0x00, 0x03, 0x80, 0x37, 0x24, 0x4F, 0x3C,
        0x07, 0x20, 0x6F, 0xBF, 0x23, 0x6C, 0xC4, 0xBC, 0x52, 0x00, 0x03, 0x80, 0x39, 0x24, 0x4F, 0x3C, 0x41, 0xA7, 0x6E, 0xBF,
        0xB7, 0x6D, 0xBC, 0xBC, 0x54, 0x00, 0x03, 0x80, 0x3D, 0x24, 0x4F, 0x3C, 0x85, 0x7D, 0x6D, 0xBF, 0xF5, 0x29, 0xAA, 0xBC,
        0x56, 0x00, 0x03, 0x80, 0x41, 0x24, 0x4F, 0x3C, 0x6F, 0x16, 0x6C, 0xBF, 0x88, 0x7C, 0x95, 0xBC, 0x59, 0x00, 0x03, 0x80,
        0x48, 0x24, 0x4F, 0x3C, 0x4F, 0xAB, 0x69, 0xBF, 0xF4, 0x2A, 0x67, 0xBC, 0x5F, 0x00, 0x03, 0x80, 0x56, 0x24, 0x4F, 0x3C,
        0x1B, 0x59, 0x64, 0xBF, 0xFA, 0x88, 0xBA, 0xBB, 0x62, 0x00, 0x03, 0x80, 0x5C, 0x24, 0x4F, 0x3C, 0xC3, 0xCC, 0x61, 0xBF,
        0xD2, 0x0D, 0x05, 0xBB, 0x64, 0x00, 0x03, 0x80, 0x5F, 0x24, 0x4F, 0x3C, 0xBB, 0x45, 0x60, 0xBF, 0x87, 0xD4, 0x0B, 0xB3,
        0xB0, 0x4D, 0xDA, 0xDC, 0x00, 0x00, 0x00, 0x00, 0x01, 0x00, 0x00, 0x00, 0x03, 0x80, 0x88, 0x60, 0x34, 0x35, 0xF4, 0x35,
        0xAD, 0xBF, 0x5E, 0x29, 0xC6, 0xBE, 0xC4, 0x3F, 0xC6, 0xA6, 0x00, 0x00, 0x00, 0x00, 0x01, 0x00, 0x00, 0x00, 0x03, 0x80,
        0x3B, 0xB2, 0x33, 0x35, 0xF4, 0x35, 0xAD, 0xBF, 0x5E, 0x29, 0xC6, 0xBE, 0x86, 0xA8, 0x1D, 0x7E, 0x00, 0x00, 0x00, 0x00,
        0x01, 0x00, 0x00, 0x00, 0x03, 0x80, 0x4A, 0x99, 0x13, 0x35, 0xF4, 0x35, 0xAD, 0xBF, 0x5E, 0x29, 0xC6, 0xBE, 0x9A, 0x2B,
        0x9A, 0xD6, 0x00, 0x00, 0x00, 0x00, 0x01, 0x00, 0x00, 0x00, 0x03, 0x80, 0x15, 0x6C, 0x08, 0x35, 0xF4, 0x35, 0xAD, 0xBF,
        0x5E, 0x29, 0xC6, 0xBE,
    };
    inline constexpr uint8_t kKliffIdleLod[] = {
        0x50, 0x41, 0x52, 0x20, 0x02, 0x03, 0x00, 0x01, 0x02, 0x03, 0x04, 0x05, 0x06, 0x07, 0x08, 0x09, 0x9F, 0x01, 0x00, 0x00,
        0xE8, 0xE4, 0x06, 0x4E, 0x00, 0x00, 0x80, 0x3F, 0x00, 0x00, 0x80, 0x3F, 0x00, 0x00, 0x80, 0x3F, 0x1F, 0x00, 0x00, 0xB0,
        0xF1, 0xE2, 0x35, 0xB4, 0xE6, 0xEF, 0x7F, 0xB4, 0x00, 0x00, 0x80, 0x3F, 0x17, 0xA9, 0x1F, 0xB3, 0xF4, 0x35, 0xAD, 0x3F,
        0x5E, 0x29, 0xC6, 0x3E, 0x00, 0x00, 0x80, 0x3F, 0x00, 0x00, 0x80, 0x3F, 0x00, 0x00, 0x80, 0x3F, 0x1F, 0x00, 0x00, 0xB0,
        0xF1, 0xE2, 0x35, 0xB4, 0xE6, 0xEF, 0x7F, 0xB4, 0x00, 0x00, 0x80, 0x3F, 0xF0, 0xC3, 0x23, 0xB3, 0xFC, 0xA9, 0xB1, 0x3F,
        0x9E, 0x41, 0xCB, 0x3E, 0x71, 0xE5, 0x78, 0x3F, 0x56, 0x55, 0x55, 0x40, 0x05, 0x00, 0x00, 0x00, 0x1F, 0x00, 0x06, 0x00,
        0x00, 0x00, 0x00, 0x00, 0x18, 0x02, 0x00, 0x00, 0xF3, 0x58, 0x16, 0x21, 0x00, 0x02, 0x00, 0x0F, 0xD6, 0xFA, 0x2E, 0x11,
        0x0F, 0xD6, 0xFA, 0x2E, 0x01, 0x00, 0xF3, 0x05, 0x0B, 0x45, 0x7B, 0xD9, 0x24, 0x00, 0x02, 0x00, 0xF8, 0x1C, 0x02, 0x39,
        0x11, 0xF8, 0x1C, 0x03, 0x39, 0x00, 0x24, 0xC1, 0x83, 0x25, 0x00, 0x02, 0x00, 0x00, 0x00, 0x00, 0x40, 0x11, 0x00, 0x00,
        0x00, 0x40, 0x00, 0x4F, 0x1C, 0xB8, 0x2F, 0x00, 0x02, 0x00, 0xF8, 0x0B, 0xFC, 0x3E, 0x11, 0xF9, 0x0B, 0xFC, 0x3E, 0x00,
        0x38, 0xB9, 0x77, 0x37, 0x00, 0x02, 0x00, 0x00, 0x00, 0x00, 0x40, 0x11, 0x00, 0x00, 0x00, 0x40, 0x01, 0x00, 0xFE, 0x00,
        0x00, 0x3A, 0x9A, 0x73, 0x3C, 0x00, 0x02, 0x00, 0x00, 0x00, 0x00, 0x40, 0x11, 0x00, 0x00, 0x00, 0x40, 0x02, 0x00, 0x00,
        0x00, 0x00, 0x11, 0x00, 0x00, 0x00, 0xCB, 0x19, 0xC4, 0x44, 0x00, 0x02, 0x00, 0x00, 0x0F, 0x00, 0x3E, 0x11, 0x00, 0x10,
        0x00, 0x3E, 0x01, 0x00, 0x00, 0x00, 0x00, 0x90, 0x23, 0xD1, 0x50, 0x00, 0x02, 0x00, 0xFD, 0x00, 0x00, 0x40, 0x11, 0xFD,
        0x00, 0x00, 0x40, 0x01, 0x00, 0x00, 0x00, 0x00, 0xF5, 0x6C, 0x40, 0x51, 0x00, 0x02, 0x00, 0x0F, 0x16, 0x00, 0x3A, 0x11,
        0x0F, 0x17, 0x00, 0x3A, 0x00, 0x73, 0x68, 0x81, 0x53, 0x00, 0x02, 0x00, 0x00, 0x11, 0x00, 0x3E, 0x11, 0x00, 0x11, 0x00,
        0x3E, 0x01, 0x00, 0x00, 0x00, 0x00, 0x02, 0x4D, 0x31, 0x59, 0x00, 0x02, 0x00, 0x00, 0x2E, 0x00, 0x2D, 0x11, 0x00, 0x2D,
        0x00, 0x2D, 0x00, 0x6F, 0x4D, 0x66, 0x67, 0x00, 0x01, 0x00, 0x00, 0x00, 0x00, 0x40, 0x00, 0x34, 0xF4, 0x5D, 0x9B, 0x00,
        0x02, 0x00, 0xFA, 0x17, 0x03, 0x3B, 0x11, 0xFA, 0x17, 0x03, 0x3B, 0x00, 0x8E, 0x28, 0x3A, 0xA2, 0x00, 0x02, 0x00, 0x01,
        0x05, 0xFF, 0x40, 0x11, 0x01, 0x06, 0xFF, 0x40, 0x01, 0x00, 0x00, 0x00, 0x00, 0x77, 0x26, 0x80, 0xAB, 0x00, 0x03, 0x00,
        0x00, 0x34, 0x00, 0x26, 0x0C, 0x01, 0x34, 0x00, 0x26, 0x11, 0x00, 0x34, 0x00, 0x26, 0x00, 0x60, 0x60, 0xA3, 0xB1, 0x00,
        0x02, 0x00, 0xFE, 0xFD, 0x3C, 0xEB, 0x11, 0xFE, 0xFD, 0x3C, 0xEB, 0x01, 0x00, 0x02, 0x00, 0x00, 0x14, 0xB3, 0x40, 0xB4,
        0x00, 0x02, 0x00, 0x00, 0x05, 0x00, 0x40, 0x11, 0x00, 0x05, 0x00, 0x40, 0x00, 0x37, 0x13, 0x1D, 0xBC, 0x00, 0x02, 0x00,
        0xFC, 0xEF, 0xFA, 0x3D, 0x11, 0xFC, 0xEF, 0xFA, 0x3D, 0x00, 0x04, 0x5A, 0x35, 0xBF, 0x00, 0x02, 0x00, 0x00, 0x00, 0x00,
        0x40, 0x11, 0x00, 0x00, 0x00, 0x40, 0x01, 0x00, 0x00, 0x00, 0x00, 0x24, 0xF7, 0x51, 0xC4, 0x00, 0x02, 0x00, 0x40, 0x02,
        0x02, 0xFF, 0x11, 0x40, 0x02, 0x02, 0xFF, 0x01, 0x00, 0x02, 0x00, 0x00, 0x0D, 0x91, 0xFA, 0xCC, 0x00, 0x02, 0x00, 0xFE,
        0xF8, 0x00, 0x40, 0x11, 0xFE, 0xF8, 0x00, 0x40, 0x01, 0x00, 0x00, 0x00, 0x00, 0x09, 0x91, 0x7D, 0xD1, 0x00, 0x03, 0x00,
        0x08, 0xEF, 0x09, 0x3D, 0x0E, 0x08, 0xF1, 0x08, 0x3D, 0x11, 0x08, 0xEF, 0x09, 0x3D, 0x00, 0xC9, 0x0A, 0xE9, 0xD2, 0x00,
        0x02, 0x00, 0x00, 0xFC, 0x00, 0x40, 0x11, 0x00, 0xFC, 0x00, 0x40, 0x01, 0x00, 0x00, 0x00, 0x00, 0xFA, 0xE9, 0x39, 0xD4,
        0x00, 0x02, 0x00, 0x01, 0x06, 0x00, 0x40, 0x11, 0x01, 0x06, 0x00, 0x40, 0x01, 0x00, 0x00, 0x00, 0x00, 0x66, 0x9D, 0xAB,
        0xD9, 0x00, 0x03, 0x00, 0x00, 0xEE, 0xFF, 0x3D, 0x08, 0x01, 0xF2, 0xFF, 0x3E, 0x11, 0x00, 0xEE, 0x00, 0x3D, 0x01, 0x00,
        0x00, 0x00, 0x00, 0xF3, 0x07, 0x9C, 0xDD, 0x00, 0x02, 0x00, 0x00, 0x0A, 0x02, 0x3F, 0x11, 0x00, 0x0A, 0x02, 0x3F, 0x00,
        0xCB, 0xCC, 0x3F, 0xDE, 0x00, 0x02, 0x00, 0x00, 0x03, 0x01, 0x40, 0x11, 0x00, 0x03, 0x01, 0x40, 0x00, 0x7C, 0x78, 0xA5,
        0xF4, 0x00, 0x02, 0x00, 0xFD, 0xFE, 0xF8, 0x3F, 0x11, 0xFD, 0xFE, 0xF8, 0x3F, 0x00, 0xD4, 0x62, 0x52, 0xF6, 0x00, 0x02,
        0x00, 0x00, 0x00, 0x00, 0x40, 0x11, 0x00, 0x00, 0x00, 0x40, 0x01, 0x00, 0x00, 0x00, 0x00, 0xC6, 0x58, 0x95, 0xF7, 0x00,
        0x02, 0x00, 0x00, 0x00, 0x00, 0x40, 0x11, 0x00, 0x00, 0x00, 0x40, 0x01, 0x00, 0x00, 0x00, 0x00, 0x7B, 0x30, 0x4E, 0xFD,
        0x00, 0x02, 0x00, 0x02, 0x00, 0x00, 0x40, 0x11, 0x02, 0x00, 0x00, 0x40, 0x01, 0x00, 0x00, 0x00, 0x00, 0x15, 0xF1, 0x6F,
        0x52, 0x00, 0x00, 0x00, 0x00, 0x04, 0x00, 0x00, 0x00, 0x00, 0x00, 0x00, 0x00, 0x00, 0x00, 0x1D, 0x00, 0x01, 0x80, 0x86,
        0x2D, 0x00, 0x00, 0x4D, 0x00, 0x00, 0x00, 0xB2, 0xAB, 0x00, 0x00, 0x64, 0x00, 0x00, 0x00, 0x00, 0x00, 0x00, 0x00, 0x86,
        0xA8, 0x1D, 0x7E, 0x00, 0x00, 0x00, 0x00, 0x01, 0x00, 0x00, 0x00, 0x09, 0x00, 0x6A, 0xBD, 0x31, 0xB6, 0xC4, 0x3F, 0xC6,
        0xA6, 0x00, 0x00, 0x00, 0x00, 0x01, 0x00, 0x00, 0x00, 0x0B, 0x00, 0x6A, 0xBD, 0x31, 0xB6, 0x9A, 0x2B, 0x9A, 0xD6, 0x00,
        0x00, 0x00, 0x00, 0x01, 0x00, 0x00, 0x00, 0x09, 0x00, 0x6A, 0xBD, 0x31, 0xB6, 0xB0, 0x4D, 0xDA, 0xDC, 0x00, 0x00, 0x00,
        0x00, 0x01, 0x00, 0x00, 0x00, 0x0B, 0x00, 0x6A, 0xBD, 0x31, 0xB6, 0xB8, 0xE7, 0x9A, 0xE1, 0x00, 0x00, 0x04, 0x00, 0x00,
        0x00, 0x02, 0x80, 0x13, 0x00, 0x86, 0x30, 0xEB, 0x3B, 0x34, 0x00, 0x9B, 0xA2, 0xC3, 0xA3, 0xA2, 0x2F, 0xF1, 0x3B, 0x5D,
        0x00, 0xC8, 0x18, 0x57, 0x9F, 0x05, 0x30, 0xF0, 0x3B, 0x64, 0x00, 0x03, 0x80, 0x13, 0x00, 0x86, 0x30, 0xEB, 0x3B, 0x05,
        0x00, 0x00, 0x00, 0x79, 0x22, 0x02, 0xBB, 0x01, 0x80, 0x1C, 0x00, 0x79, 0x22, 0x51, 0xBA, 0xD1, 0x29, 0x30, 0x00, 0x79,
        0x22, 0xBC, 0xBA, 0x63, 0x24, 0x4B, 0x00, 0x79, 0x22, 0x80, 0xBB, 0xF5, 0xA6, 0x64, 0x00, 0x79, 0x22, 0x02, 0xBB, 0x01,
        0x80,
    };
    inline constexpr uint8_t kKliffIdleMeta[] = {
        0xFF, 0xFF, 0x04, 0x00, 0x00, 0x00, 0x00, 0x00, 0x00, 0x00, 0x00, 0x00, 0x00, 0x00, 0x0F, 0x00, 0x00, 0x00, 0x01, 0x00,
        0x11, 0x00, 0x00, 0x00, 0x41, 0x6E, 0x69, 0x6D, 0x61, 0x74, 0x69, 0x6F, 0x6E, 0x4D, 0x65, 0x74, 0x61, 0x44, 0x61, 0x74,
        0x61, 0x00, 0x00, 0x00, 0x00, 0x00, 0x00, 0x01, 0x00, 0x00, 0x00, 0x51, 0x00, 0x00, 0x00, 0x00, 0x00, 0x00, 0x00, 0xFF,
        0xFF, 0xFF, 0xFF, 0xFF, 0xFF, 0xFF, 0xFF, 0x4B, 0x00, 0x00, 0x00, 0x06, 0x00, 0x00, 0x00, 0x00, 0x00, 0x00, 0x00, 0x00,
        0x00, 0x05, 0x05, 0x00, 0x00, 0x00, 0x00, 0x01, 0x00, 0x00, 0x00, 0x00, 0x00, 0x54, 0x55, 0x55, 0x40, 0x01, 0x02, 0x02,
        0x40, 0x00, 0x00, 0x00, 0x00, 0x00, 0x00, 0x00, 0x07, 0x00, 0x00, 0x00, 0x00, 0x00, 0x00, 0x00, 0x00, 0x00, 0x00, 0x00,
        0x17, 0x00, 0x01, 0x80, 0x39, 0x2D, 0x00, 0x00, 0x21, 0x00, 0x01, 0x80, 0x40, 0x2D, 0x00, 0x00, 0x2F, 0x00, 0x00, 0x80,
        0xF6, 0x28, 0x00, 0x00, 0x46, 0x00, 0x00, 0x00, 0x97, 0xAA, 0x00, 0x00, 0x50, 0x00, 0x00, 0x00, 0x6C, 0xAB, 0x00, 0x00,
        0x64, 0x00, 0x00, 0x00, 0x00, 0x00, 0x00, 0x00, 0x56, 0x55, 0x55, 0x40,
    };
    inline constexpr uint8_t kSteadyClip[] = {
        0x50, 0x41, 0x52, 0x20, 0x02, 0x03, 0x00, 0x01, 0x02, 0x03, 0x04, 0x05, 0x06, 0x07, 0x08, 0x09, 0x0F, 0x00, 0x00, 0xC0,
        0x12, 0x00, 0xEB, 0x82, 0xA8, 0xEC, 0x9E, 0x90, 0x3B, 0xEB, 0xB9, 0x97, 0xEC, 0x9E, 0x90, 0xEB, 0xA3, 0xA8, 0x3B, 0x00,
        0x00, 0x00, 0x80, 0x3F, 0x00, 0x00, 0x80, 0x3F, 0x00, 0x00, 0x80, 0x3F, 0x07, 0x00, 0xD0, 0x33, 0xD7, 0xBF, 0xEF, 0x33,
        0xD5, 0xFF, 0x6F, 0x32, 0x00, 0x00, 0x80, 0x3F, 0x60, 0x58, 0x49, 0xAE, 0x36, 0x33, 0x85, 0x1B, 0xC1, 0x51, 0xB5, 0xAF,
        0x00, 0x00, 0x80, 0x3F, 0x00, 0x00, 0x80, 0x3F, 0x00, 0x00, 0x80, 0x3F, 0x07, 0x00, 0xD0, 0x33, 0xD7, 0xBF, 0xEF, 0x33,
        0xD5, 0xFF, 0x6F, 0x32, 0x00, 0x00, 0x80, 0x3F, 0x60, 0x58, 0x49, 0xAE, 0x36, 0x33, 0x85, 0x1B, 0xC1, 0x51, 0xB5, 0xAF,
        0x00, 0x00, 0x00, 0x00, 0x55, 0x55, 0x55, 0x40, 0x05, 0x00, 0x01, 0x00, 0xE8, 0x00, 0x00, 0x00, 0x8B, 0xE1, 0x5D, 0x5C,
        0x00, 0x00, 0x02, 0x00, 0x00, 0x00, 0x0F, 0x80, 0x00, 0x80, 0x00, 0x80, 0x00, 0x3C, 0x64, 0x00, 0x0F, 0x80, 0x00, 0x80,
        0x00, 0x80, 0x00, 0x3C, 0x02, 0x00, 0x00, 0x00, 0x00, 0x04, 0x02, 0x80, 0x00, 0x00, 0x64, 0x00, 0x00, 0x04, 0x02, 0x80,
        0x00, 0x00, 0x38, 0xB9, 0x77, 0x37, 0x00, 0x00, 0x02, 0x00, 0x00, 0x00, 0x0E, 0x80, 0x00, 0x80, 0x00, 0x80, 0x00, 0x3C,
        0x64, 0x00, 0x0E, 0x80, 0x00, 0x80, 0x00, 0x80, 0x00, 0x3C, 0x02, 0x00, 0x00, 0x00, 0x00, 0x00, 0x1A, 0x80, 0x00, 0x80,
        0x64, 0x00, 0x00, 0x00, 0x1A, 0x80, 0x00, 0x80, 0x90, 0x23, 0xD1, 0x50, 0x00, 0x00, 0x02, 0x00, 0x00, 0x00, 0x0F, 0x80,
        0x00, 0x80, 0x00, 0x80, 0x00, 0x3C, 0x64, 0x00, 0x0F, 0x80, 0x00, 0x80, 0x00, 0x80, 0x00, 0x3C, 0x02, 0x00, 0x00, 0x00,
        0x00, 0x00, 0x00, 0x00, 0x00, 0x80, 0x64, 0x00, 0x00, 0x00, 0x00, 0x00, 0x00, 0x80, 0x67, 0xD4, 0x82, 0xF8, 0x00, 0x00,
        0x02, 0x00, 0x00, 0x00, 0xE5, 0xB0, 0x01, 0x00, 0x00, 0x00, 0xE8, 0x3B, 0x64, 0x00, 0xE5, 0xB0, 0x01, 0x00, 0x00, 0x00,
        0xE8, 0x3B, 0x02, 0x00, 0x00, 0x00, 0x01, 0x00, 0x02, 0x00, 0x00, 0x00, 0x64, 0x00, 0x01, 0x00, 0x02, 0x00, 0x00, 0x00,
        0x3C, 0x44, 0x92, 0xC3, 0x00, 0x00, 0x02, 0x00, 0x00, 0x00, 0xE5, 0xB0, 0x01, 0x00, 0x00, 0x00, 0xE8, 0x3B, 0x64, 0x00,
        0xE5, 0xB0, 0x01, 0x00, 0x00, 0x00, 0xE8, 0x3B, 0x02, 0x00, 0x00, 0x00, 0x01, 0x00, 0x02, 0x00, 0x00, 0x00, 0x64, 0x00,
        0x01, 0x00, 0x02, 0x00, 0x00, 0x00, 0xB8, 0xE7, 0x9A, 0xE1, 0x00, 0x00, 0x02, 0x00, 0x00, 0x00, 0xE5, 0x30, 0x03, 0x80,
        0x00, 0x80, 0xE8, 0x3B, 0x64, 0x00, 0xE5, 0x30, 0x03, 0x80, 0x00, 0x80, 0xE8, 0x3B, 0x02, 0x00, 0x00, 0x00, 0xE5, 0x30,
        0x0B, 0xAB, 0x15, 0x33, 0x46, 0xCE, 0xBA, 0x3F, 0x2C, 0x15, 0xAC, 0xB4, 0x64, 0x00, 0xE5, 0x30, 0x0B, 0xAB, 0x15, 0x33,
        0x46, 0xCE, 0xBA, 0x3F, 0x2C, 0x15, 0xAC, 0xB4,
    };
    inline constexpr uint8_t kSteadyLod[] = {
        0x50, 0x41, 0x52, 0x20, 0x02, 0x03, 0x00, 0x01, 0x02, 0x03, 0x04, 0x05, 0x06, 0x07, 0x08, 0x09, 0x9F, 0x01, 0x00, 0x00,
        0xE0, 0x01, 0xD2, 0x87, 0x00, 0x00, 0x80, 0x3F, 0x00, 0x00, 0x80, 0x3F, 0x00, 0x00, 0x80, 0x3F, 0x07, 0x00, 0xD0, 0x33,
        0xD7, 0xBF, 0xEF, 0x33, 0xD5, 0xFF, 0x6F, 0x32, 0x00, 0x00, 0x80, 0x3F, 0x60, 0x58, 0x49, 0xAE, 0x36, 0x33, 0x85, 0x1B,
        0xC1, 0x51, 0xB5, 0xAF, 0x00, 0x00, 0x80, 0x3F, 0x00, 0x00, 0x80, 0x3F, 0x00, 0x00, 0x80, 0x3F, 0x07, 0x00, 0xD0, 0x33,
        0xD7, 0xBF, 0xEF, 0x33, 0xD5, 0xFF, 0x6F, 0x32, 0x00, 0x00, 0x80, 0x3F, 0x60, 0x58, 0x49, 0xAE, 0x36, 0x33, 0x85, 0x1B,
        0xC1, 0x51, 0xB5, 0xAF, 0x00, 0x00, 0x00, 0x00, 0x55, 0x55, 0x55, 0x40, 0x05, 0x00, 0x00, 0x00, 0x01, 0x00, 0x01, 0x00,
        0x00, 0x00, 0x00, 0x00, 0x36, 0x00, 0x00, 0x00, 0x38, 0xB9, 0x77, 0x37, 0x00, 0x02, 0x00, 0x00, 0x00, 0x00, 0x40, 0x11,
        0x00, 0x00, 0x00, 0x40, 0x02, 0x00, 0x00, 0x00, 0x00, 0x11, 0x00, 0x00, 0x00, 0xB8, 0xE7, 0x9A, 0xE1, 0x00, 0x00, 0x02,
        0x00, 0x00, 0x00, 0xE5, 0x30, 0x03, 0x80, 0x00, 0x80, 0xE8, 0x3B, 0x64, 0x00, 0xE5, 0x30, 0x03, 0x80, 0x00, 0x80, 0xE8,
        0x3B, 0x02, 0x00, 0x00, 0x00, 0x01, 0x00, 0xD6, 0x3D, 0x05, 0x80, 0x64, 0x00, 0x01, 0x00, 0xD6, 0x3D, 0x05, 0x80,
    };
    inline constexpr uint8_t kLeanWalkClip[] = {
        0x50, 0x41, 0x52, 0x20, 0x02, 0x03, 0x00, 0x01, 0x02, 0x03, 0x04, 0x05, 0x06, 0x07, 0x08, 0x09, 0x0F, 0x00, 0x00, 0xC0,
        0x12, 0x00, 0xEB, 0x82, 0xA8, 0xEC, 0x9E, 0x90, 0x3B, 0xEB, 0xB9, 0x97, 0xEC, 0x9E, 0x90, 0xEB, 0xA3, 0xA8, 0x3B, 0x00,
        0x00, 0x00, 0x80, 0x3F, 0x00, 0x00, 0x80, 0x3F, 0x00, 0x00, 0x80, 0x3F, 0x1F, 0x00, 0x00, 0xB0, 0xF1, 0xE2, 0x35, 0xB4,
        0xE6, 0xEF, 0x7F, 0xB4, 0x00, 0x00, 0x80, 0x3F, 0x17, 0xA9, 0x1F, 0xB3, 0xF4, 0x35, 0xAD, 0x3F, 0x5E, 0x29, 0xC6, 0x3E,
        0x00, 0x00, 0x80, 0x3F, 0x00, 0x00, 0x80, 0x3F, 0x00, 0x00, 0x80, 0x3F, 0x1F, 0x00, 0x00, 0xB0, 0xF1, 0xE2, 0x35, 0xB4,
        0xE6, 0xEF, 0x7F, 0xB4, 0x00, 0x00, 0x80, 0x3F, 0xF0, 0xC3, 0x23, 0xB3, 0xFC, 0xA9, 0xB1, 0x3F, 0x9E, 0x41, 0xCB, 0x3E,
        0x71, 0xE5, 0x78, 0x3F, 0x55, 0x55, 0x55, 0x40, 0x44, 0x00, 0x06, 0x00, 0xFA, 0x1A, 0x00, 0x00, 0x6C, 0x14, 0xBB, 0x50,
        0x00, 0x00, 0x02, 0x00, 0x00, 0x00, 0x86, 0xB0, 0x0E, 0x80, 0x03, 0x80, 0xEB, 0x3B, 0x64, 0x00, 0x86, 0xB0, 0x0E, 0x80,
        0x03, 0x80, 0xEB, 0x3B, 0x02, 0x00, 0x00, 0x00, 0x06, 0x80, 0xB8, 0x34, 0x51, 0x32, 0x64, 0x00, 0x06, 0x80, 0xB8, 0x34,
        0x51, 0x32, 0x3A, 0x9A, 0x73, 0x3C, 0x00, 0x00, 0x02, 0x00, 0x00, 0x00, 0x40, 0x80, 0xE9, 0x80, 0x0E, 0x80, 0x00, 0x3C,
        0x64, 0x00, 0x40, 0x80, 0xE9, 0x80, 0x0E, 0x80, 0x00, 0x3C, 0x02, 0x00, 0x00, 0x00, 0x02, 0x00, 0x00, 0x01, 0x00, 0x80,
        0x64, 0x00, 0x02, 0x00, 0x00, 0x01, 0x00, 0x80, 0x38, 0xB9, 0x77, 0x37, 0x00, 0x00, 0x02, 0x00, 0x00, 0x00, 0x56, 0x00,
        0xB8, 0x80, 0x1C, 0x80, 0x00, 0x3C, 0x64, 0x00, 0x56, 0x00, 0xB8, 0x80, 0x1C, 0x80, 0x00, 0x3C, 0x02, 0x00, 0x00, 0x00,
        0x82, 0xAB, 0xA7, 0xA3, 0x7C, 0x1A, 0x64, 0x00, 0x82, 0xAB, 0xA7, 0xA3, 0x7C, 0x1A, 0x04, 0x5A, 0x35, 0xBF, 0x00, 0x00,
        0x02, 0x00, 0x00, 0x00, 0x31, 0x80, 0xE5, 0x00, 0x0E, 0x80, 0x00, 0x3C, 0x64, 0x00, 0x31, 0x80, 0xE5, 0x00, 0x0E, 0x80,
        0x00, 0x3C, 0x02, 0x00, 0x00, 0x00, 0xDA, 0x1C, 0x0A, 0x80, 0x63, 0x11, 0x64, 0x00, 0xDA, 0x1C, 0x0A, 0x80, 0x63, 0x11,
        0x0D, 0x91, 0xFA, 0xCC, 0x00, 0x00, 0x65, 0x00, 0x00, 0x00, 0x31, 0xA7, 0x55, 0xB0, 0xB1, 0x1A, 0xEC, 0x3B, 0x01, 0x00,
        0x31, 0xA7, 0x55, 0xB0, 0xB1, 0x1A, 0xEC, 0x3B, 0x02, 0x00, 0x31, 0xA7, 0x55, 0xB0, 0xB1, 0x1A, 0xEC, 0x3B, 0x03, 0x00,
        0x31, 0xA7, 0x55, 0xB0, 0xB1, 0x1A, 0xEC, 0x3B, 0x04, 0x00, 0x31, 0xA7, 0x55, 0xB0, 0xB1, 0x1A, 0xEC, 0x3B, 0x05, 0x00,
        0x31, 0xA7, 0x55, 0xB0, 0xB1, 0x1A, 0xEC, 0x3B, 0x06, 0x00, 0x31, 0xA7, 0x55, 0xB0, 0xB1, 0x1A, 0xEC, 0x3B, 0x07, 0x00,
        0x31, 0xA7, 0x55, 0xB0, 0xB1, 0x1A, 0xEC, 0x3B, 0x08, 0x00, 0x31, 0xA7, 0x55, 0xB0, 0xB1, 0x1A, 0xEC, 0x3B, 0x09, 0x00,
        0x31, 0xA7, 0x55, 0xB0, 0xB1, 0x1A, 0xEC, 0x3B, 0x0A, 0x00, 0x31, 0xA7, 0x55, 0xB0, 0xB1, 0x1A, 0xEC, 0x3B, 0x0B, 0x00,
        0x31, 0xA7, 0x55, 0xB0, 0xB1, 0x1A, 0xEC, 0x3B, 0x0C, 0x00, 0x31, 0xA7, 0x55, 0xB0, 0xB1, 0x1A, 0xEC, 0x3B, 0x0D, 0x00,
        0x31, 0xA7, 0x55, 0xB0, 0xB1, 0x1A, 0xEC, 0x3B, 0x0E, 0x00, 0x31, 0xA7, 0x55, 0xB0, 0xB1, 0x1A, 0xEC, 0x3B, 0x0F, 0x00,
        0x31, 0xA7, 0x55, 0xB0, 0xB1, 0x1A, 0xEC, 0x3B, 0x10, 0x00, 0x31, 0xA7, 0x55, 0xB0, 0xB1, 0x1A, 0xEC, 0x3B, 0x11, 0x00,
        0x31, 0xA7, 0x55, 0xB0, 0xB1, 0x1A, 0xEC, 0x3B, 0x12, 0x00, 0x31, 0xA7, 0x55, 0xB0, 0xB1, 0x1A, 0xEC, 0x3B, 0x13, 0x00,
        0x31, 0xA7, 0x55, 0xB0, 0xB1, 0x1A, 0xEC, 0x3B, 0x14, 0x00, 0x31, 0xA7, 0x55, 0xB0, 0xB1, 0x1A, 0xEC, 0x3B, 0x15, 0x00,
        0x31, 0xA7, 0x55, 0xB0, 0xB1, 0x1A, 0xEC, 0x3B, 0x16, 0x00, 0x31, 0xA7, 0x55, 0xB0, 0xB1, 0x1A, 0xEC, 0x3B, 0x17, 0x00,
        0x31, 0xA7, 0x55, 0xB0, 0xB1, 0x1A, 0xEC, 0x3B, 0x18, 0x00, 0x31, 0xA7, 0x55, 0xB0, 0xB1, 0x1A, 0xEC, 0x3B, 0x19, 0x00,
        0x31, 0xA7, 0x55, 0xB0, 0xB1, 0x1A, 0xEC, 0x3B, 0x1A, 0x00, 0x31, 0xA7, 0x55, 0xB0, 0xB1, 0x1A, 0xEC, 0x3B, 0x1B, 0x00,
        0x31, 0xA7, 0x55, 0xB0, 0xB1, 0x1A, 0xEC, 0x3B, 0x1C, 0x00, 0x31, 0xA7, 0x55, 0xB0, 0xB1, 0x1A, 0xEC, 0x3B, 0x1D, 0x00,
        0x31, 0xA7, 0x55, 0xB0, 0xB1, 0x1A, 0xEC, 0x3B, 0x1E, 0x00, 0x31, 0xA7, 0x55, 0xB0, 0xB1, 0x1A, 0xEC, 0x3B, 0x1F, 0x00,
        0x31, 0xA7, 0x55, 0xB0, 0xB1, 0x1A, 0xEC, 0x3B, 0x20, 0x00, 0x31, 0xA7, 0x55, 0xB0, 0xB1, 0x1A, 0xEC, 0x3B, 0x21, 0x00,
        0x31, 0xA7, 0x55, 0xB0, 0xB1, 0x1A, 0xEC, 0x3B, 0x22, 0x00, 0x31, 0xA7, 0x55, 0xB0, 0xB1, 0x1A, 0xEC, 0x3B, 0x23, 0x00,
        0x31, 0xA7, 0x55, 0xB0, 0xB1, 0x1A, 0xEC, 0x3B, 0x24, 0x00, 0x31, 0xA7, 0x55, 0xB0, 0xB1, 0x1A, 0xEC, 0x3B, 0x25, 0x00,
        0x31, 0xA7, 0x55, 0xB0, 0xB1, 0x1A, 0xEC, 0x3B, 0x26, 0x00, 0x31, 0xA7, 0x55, 0xB0, 0xB1, 0x1A, 0xEC, 0x3B, 0x27, 0x00,
        0x31, 0xA7, 0x55, 0xB0, 0xB1, 0x1A, 0xEC, 0x3B, 0x28, 0x00, 0x31, 0xA7, 0x55, 0xB0, 0xB1, 0x1A, 0xEC, 0x3B, 0x29, 0x00,
        0x31, 0xA7, 0x55, 0xB0, 0xB1, 0x1A, 0xEC, 0x3B, 0x2A, 0x00, 0x31, 0xA7, 0x55, 0xB0, 0xB1, 0x1A, 0xEC, 0x3B, 0x2B, 0x00,
        0x31, 0xA7, 0x55, 0xB0, 0xB1, 0x1A, 0xEC, 0x3B, 0x2C, 0x00, 0x31, 0xA7, 0x55, 0xB0, 0xB1, 0x1A, 0xEC, 0x3B, 0x2D, 0x00,
        0x31, 0xA7, 0x55, 0xB0, 0xB1, 0x1A, 0xEC, 0x3B, 0x2E, 0x00, 0x31, 0xA7, 0x55, 0xB0, 0xB1, 0x1A, 0xEC, 0x3B, 0x2F, 0x00,
        0x31, 0xA7, 0x55, 0xB0, 0xB1, 0x1A, 0xEC, 0x3B, 0x30, 0x00, 0x31, 0xA7, 0x55, 0xB0, 0xB1, 0x1A, 0xEC, 0x3B, 0x31, 0x00,
        0x31, 0xA7, 0x55, 0xB0, 0xB1, 0x1A, 0xEC, 0x3B, 0x32, 0x00, 0x31, 0xA7, 0x55, 0xB0, 0xB1, 0x1A, 0xEC, 0x3B, 0x33, 0x00,
        0x31, 0xA7, 0x55, 0xB0, 0xB1, 0x1A, 0xEC, 0x3B, 0x34, 0x00, 0x31, 0xA7, 0x55, 0xB0, 0xB1, 0x1A, 0xEC, 0x3B, 0x35, 0x00,
        0x31, 0xA7, 0x55, 0xB0, 0xB1, 0x1A, 0xEC, 0x3B, 0x36, 0x00, 0x31, 0xA7, 0x55, 0xB0, 0xB1, 0x1A, 0xEC, 0x3B, 0x37, 0x00,
        0x31, 0xA7, 0x55, 0xB0, 0xB1, 0x1A, 0xEC, 0x3B, 0x38, 0x00, 0x31, 0xA7, 0x55, 0xB0, 0xB1, 0x1A, 0xEC, 0x3B, 0x39, 0x00,
        0x31, 0xA7, 0x55, 0xB0, 0xB1, 0x1A, 0xEC, 0x3B, 0x3A, 0x00, 0x31, 0xA7, 0x55, 0xB0, 0xB1, 0x1A, 0xEC, 0x3B, 0x3B, 0x00,
        0x31, 0xA7, 0x55, 0xB0, 0xB1, 0x1A, 0xEC, 0x3B, 0x3C, 0x00, 0x31, 0xA7, 0x55, 0xB0, 0xB1, 0x1A, 0xEC, 0x3B, 0x3D, 0x00,
        0x31, 0xA7, 0x55, 0xB0, 0xB1, 0x1A, 0xEC, 0x3B, 0x3E, 0x00, 0x31, 0xA7, 0x55, 0xB0, 0xB1, 0x1A, 0xEC, 0x3B, 0x3F, 0x00,
        0x31, 0xA7, 0x55, 0xB0, 0xB1, 0x1A, 0xEC, 0x3B, 0x40, 0x00, 0x31, 0xA7, 0x55, 0xB0, 0xB1, 0x1A, 0xEC, 0x3B, 0x41, 0x00,
        0x31, 0xA7, 0x55, 0xB0, 0xB1, 0x1A, 0xEC, 0x3B, 0x42, 0x00, 0x31, 0xA7, 0x55, 0xB0, 0xB1, 0x1A, 0xEC, 0x3B, 0x43, 0x00,
        0x31, 0xA7, 0x55, 0xB0, 0xB1, 0x1A, 0xEC, 0x3B, 0x44, 0x00, 0x31, 0xA7, 0x55, 0xB0, 0xB1, 0x1A, 0xEC, 0x3B, 0x45, 0x00,
        0x31, 0xA7, 0x55, 0xB0, 0xB1, 0x1A, 0xEC, 0x3B, 0x46, 0x00, 0x31, 0xA7, 0x55, 0xB0, 0xB1, 0x1A, 0xEC, 0x3B, 0x47, 0x00,
        0x31, 0xA7, 0x55, 0xB0, 0xB1, 0x1A, 0xEC, 0x3B, 0x48, 0x00, 0x31, 0xA7, 0x55, 0xB0, 0xB1, 0x1A, 0xEC, 0x3B, 0x49, 0x00,
        0x31, 0xA7, 0x55, 0xB0, 0xB1, 0x1A, 0xEC, 0x3B, 0x4A, 0x00, 0x31, 0xA7, 0x55, 0xB0, 0xB1, 0x1A, 0xEC, 0x3B, 0x4B, 0x00,
        0x31, 0xA7, 0x55, 0xB0, 0xB1, 0x1A, 0xEC, 0x3B, 0x4C, 0x00, 0x31, 0xA7, 0x55, 0xB0, 0xB1, 0x1A, 0xEC, 0x3B, 0x4D, 0x00,
        0x31, 0xA7, 0x55, 0xB0, 0xB1, 0x1A, 0xEC, 0x3B, 0x4E, 0x00, 0x31, 0xA7, 0x55, 0xB0, 0xB1, 0x1A, 0xEC, 0x3B, 0x4F, 0x00,
        0x31, 0xA7, 0x55, 0xB0, 0xB1, 0x1A, 0xEC, 0x3B, 0x50, 0x00, 0x31, 0xA7, 0x55, 0xB0, 0xB1, 0x1A, 0xEC, 0x3B, 0x51, 0x00,
        0x31, 0xA7, 0x55, 0xB0, 0xB1, 0x1A, 0xEC, 0x3B, 0x52, 0x00, 0x31, 0xA7, 0x55, 0xB0, 0xB1, 0x1A, 0xEC, 0x3B, 0x53, 0x00,
        0x31, 0xA7, 0x55, 0xB0, 0xB1, 0x1A, 0xEC, 0x3B, 0x54, 0x00, 0x31, 0xA7, 0x55, 0xB0, 0xB1, 0x1A, 0xEC, 0x3B, 0x55, 0x00,
        0x31, 0xA7, 0x55, 0xB0, 0xB1, 0x1A, 0xEC, 0x3B, 0x56, 0x00, 0x31, 0xA7, 0x55, 0xB0, 0xB1, 0x1A, 0xEC, 0x3B, 0x57, 0x00,
        0x31, 0xA7, 0x55, 0xB0, 0xB1, 0x1A, 0xEC, 0x3B, 0x58, 0x00, 0x31, 0xA7, 0x55, 0xB0, 0xB1, 0x1A, 0xEC, 0x3B, 0x59, 0x00,
        0x31, 0xA7, 0x55, 0xB0, 0xB1, 0x1A, 0xEC, 0x3B, 0x5A, 0x00, 0x31, 0xA7, 0x55, 0xB0, 0xB1, 0x1A, 0xEC, 0x3B, 0x5B, 0x00,
        0x31, 0xA7, 0x55, 0xB0, 0xB1, 0x1A, 0xEC, 0x3B, 0x5C, 0x00, 0x31, 0xA7, 0x55, 0xB0, 0xB1, 0x1A, 0xEC, 0x3B, 0x5D, 0x00,
        0x31, 0xA7, 0x55, 0xB0, 0xB1, 0x1A, 0xEC, 0x3B, 0x5E, 0x00, 0x31, 0xA7, 0x55, 0xB0, 0xB1, 0x1A, 0xEC, 0x3B, 0x5F, 0x00,
        0x31, 0xA7, 0x55, 0xB0, 0xB1, 0x1A, 0xEC, 0x3B, 0x60, 0x00, 0x31, 0xA7, 0x55, 0xB0, 0xB1, 0x1A, 0xEC, 0x3B, 0x61, 0x00,
        0x31, 0xA7, 0x55, 0xB0, 0xB1, 0x1A, 0xEC, 0x3B, 0x62, 0x00, 0x31, 0xA7, 0x55, 0xB0, 0xB1, 0x1A, 0xEC, 0x3B, 0x63, 0x00,
        0x31, 0xA7, 0x55, 0xB0, 0xB1, 0x1A, 0xEC, 0x3B, 0x64, 0x00, 0x31, 0xA7, 0x55, 0xB0, 0xB1, 0x1A, 0xEC, 0x3B, 0x02, 0x00,
        0x00, 0x00, 0xC1, 0x01, 0x5A, 0x80, 0x2E, 0x00, 0x64, 0x00, 0xC1, 0x01, 0x5A, 0x80, 0x2E, 0x00, 0x09, 0x91, 0x7D, 0xD1,
        0x00, 0x00, 0x02, 0x00, 0x00, 0x00, 0xE4, 0x2F, 0x2A, 0xB4, 0x86, 0x30, 0x94, 0x3B, 0x64, 0x00, 0xE4, 0x2F, 0x2A, 0xB4,
        0x86, 0x30, 0x94, 0x3B, 0x00, 0x00, 0x37, 0x13, 0x1D, 0xBC, 0x00, 0x00, 0x02, 0x00, 0x00, 0x00, 0x24, 0xAB, 0x36, 0xB4,
        0xEE, 0xAD, 0xAB, 0x3B, 0x64, 0x00, 0x24, 0xAB, 0x36, 0xB4, 0xEE, 0xAD, 0xAB, 0x3B, 0x00, 0x00, 0xA5, 0xC1, 0x5B, 0x87,
        0x00, 0x00, 0x02, 0x00, 0x00, 0x00, 0xCF, 0x9F, 0x18, 0x00, 0x08, 0x80, 0x00, 0x3C, 0x64, 0x00, 0xCF, 0x9F, 0x18, 0x00,
        0x08, 0x80, 0x00, 0x3C, 0x00, 0x00, 0x6F, 0x4D, 0x66, 0x67, 0x00, 0x00, 0x02, 0x00, 0x00, 0x00, 0x42, 0x00, 0x0F, 0x80,
        0x20, 0x00, 0x00, 0x3C, 0x64, 0x00, 0x42, 0x00, 0x0F, 0x80, 0x20, 0x00, 0x00, 0x3C, 0x00, 0x00, 0x66, 0x9D, 0xAB, 0xD9,
        0x00, 0x00, 0x65, 0x00, 0x00, 0x00, 0x15, 0x1F, 0xAF, 0xB4, 0x72, 0xA0, 0xA6, 0x3B, 0x01, 0x00, 0x15, 0x1F, 0xAF, 0xB4,
        0x72, 0xA0, 0xA6, 0x3B, 0x02, 0x00, 0x15, 0x1F, 0xAF, 0xB4, 0x72, 0xA0, 0xA6, 0x3B, 0x03, 0x00, 0x15, 0x1F, 0xAF, 0xB4,
        0x72, 0xA0, 0xA6, 0x3B, 0x04, 0x00, 0x15, 0x1F, 0xAF, 0xB4, 0x72, 0xA0, 0xA6, 0x3B, 0x05, 0x00, 0x15, 0x1F, 0xAF, 0xB4,
        0x72, 0xA0, 0xA6, 0x3B, 0x06, 0x00, 0x15, 0x1F, 0xAF, 0xB4, 0x72, 0xA0, 0xA6, 0x3B, 0x07, 0x00, 0x15, 0x1F, 0xAF, 0xB4,
        0x72, 0xA0, 0xA6, 0x3B, 0x08, 0x00, 0x15, 0x1F, 0xAF, 0xB4, 0x72, 0xA0, 0xA6, 0x3B, 0x09, 0x00, 0x15, 0x1F, 0xAF, 0xB4,
        0x72, 0xA0, 0xA6, 0x3B, 0x0A, 0x00, 0x15, 0x1F, 0xAF, 0xB4, 0x72, 0xA0, 0xA6, 0x3B, 0x0B, 0x00, 0x15, 0x1F, 0xAF, 0xB4,
        0x72, 0xA0, 0xA6, 0x3B, 0x0C, 0x00, 0x15, 0x1F, 0xAF, 0xB4, 0x72, 0xA0, 0xA6, 0x3B, 0x0D, 0x00, 0x15, 0x1F, 0xAF, 0xB4,
        0x72, 0xA0, 0xA6, 0x3B, 0x0E, 0x00, 0x15, 0x1F, 0xAF, 0xB4, 0x72, 0xA0, 0xA6, 0x3B, 0x0F, 0x00, 0x15, 0x1F, 0xAF, 0xB4,
        0x72, 0xA0, 0xA6, 0x3B, 0x10, 0x00, 0x15, 0x1F, 0xAF, 0xB4, 0x72, 0xA0, 0xA6, 0x3B, 0x11, 0x00, 0x15, 0x1F, 0xAF, 0xB4,
        0x72, 0xA0, 0xA6, 0x3B, 0x12, 0x00, 0x15, 0x1F, 0xAF, 0xB4, 0x72, 0xA0, 0xA6, 0x3B, 0x13, 0x00, 0x15, 0x1F, 0xAF, 0xB4,
        0x72, 0xA0, 0xA6, 0x3B, 0x14, 0x00, 0x15, 0x1F, 0xAF, 0xB4, 0x72, 0xA0, 0xA6, 0x3B, 0x15, 0x00, 0x15, 0x1F, 0xAF, 0xB4,
        0x72, 0xA0, 0xA6, 0x3B, 0x16, 0x00, 0x15, 0x1F, 0xAF, 0xB4, 0x72, 0xA0, 0xA6, 0x3B, 0x17, 0x00, 0x15, 0x1F, 0xAF, 0xB4,
        0x72, 0xA0, 0xA6, 0x3B, 0x18, 0x00, 0x15, 0x1F, 0xAF, 0xB4, 0x72, 0xA0, 0xA6, 0x3B, 0x19, 0x00, 0x15, 0x1F, 0xAF, 0xB4,
        0x72, 0xA0, 0xA6, 0x3B, 0x1A, 0x00, 0x15, 0x1F, 0xAF, 0xB4, 0x72, 0xA0, 0xA6, 0x3B, 0x1B, 0x00, 0x15, 0x1F, 0xAF, 0xB4,
        0x72, 0xA0, 0xA6, 0x3B, 0x1C, 0x00, 0x15, 0x1F, 0xAF, 0xB4, 0x72, 0xA0, 0xA6, 0x3B, 0x1D, 0x00, 0x15, 0x1F, 0xAF, 0xB4,
        0x72, 0xA0, 0xA6, 0x3B, 0x1E, 0x00, 0x15, 0x1F, 0xAF, 0xB4, 0x72, 0xA0, 0xA6, 0x3B, 0x1F, 0x00, 0x15, 0x1F, 0xAF, 0xB4,
        0x72, 0xA0, 0xA6, 0x3B, 0x20, 0x00, 0x15, 0x1F, 0xAF, 0xB4, 0x72, 0xA0, 0xA6, 0x3B, 0x21, 0x00, 0x15, 0x1F, 0xAF, 0xB4,
        0x72, 0xA0, 0xA6, 0x3B, 0x22, 0x00, 0x15, 0x1F, 0xAF, 0xB4, 0x72, 0xA0, 0xA6, 0x3B, 0x23, 0x00, 0x15, 0x1F, 0xAF, 0xB4,
        0x72, 0xA0, 0xA6, 0x3B, 0x24, 0x00, 0x15, 0x1F, 0xAF, 0xB4, 0x72, 0xA0, 0xA6, 0x3B, 0x25, 0x00, 0x15, 0x1F, 0xAF, 0xB4,
        0x72, 0xA0, 0xA6, 0x3B, 0x26, 0x00, 0x15, 0x1F, 0xAF, 0xB4, 0x72, 0xA0, 0xA6, 0x3B, 0x27, 0x00, 0x15, 0x1F, 0xAF, 0xB4,
        0x72, 0xA0, 0xA6, 0x3B, 0x28, 0x00, 0x15, 0x1F, 0xAF, 0xB4, 0x72, 0xA0, 0xA6, 0x3B, 0x29, 0x00, 0x15, 0x1F, 0xAF, 0xB4,
        0x72, 0xA0, 0xA6, 0x3B, 0x2A, 0x00, 0x15, 0x1F, 0xAF, 0xB4, 0x72, 0xA0, 0xA6, 0x3B, 0x2B, 0x00, 0x15, 0x1F, 0xAF, 0xB4,
        0x72, 0xA0, 0xA6, 0x3B, 0x2C, 0x00, 0x15, 0x1F, 0xAF, 0xB4, 0x72, 0xA0, 0xA6, 0x3B, 0x2D, 0x00, 0x15, 0x1F, 0xAF, 0xB4,
        0x72, 0xA0, 0xA6, 0x3B, 0x2E, 0x00, 0x15, 0x1F, 0xAF, 0xB4, 0x72, 0xA0, 0xA6, 0x3B, 0x2F, 0x00, 0x15, 0x1F, 0xAF, 0xB4,
        0x72, 0xA0, 0xA6, 0x3B, 0x30, 0x00, 0x15, 0x1F, 0xAF, 0xB4, 0x72, 0xA0, 0xA6, 0x3B, 0x31, 0x00, 0x15, 0x1F, 0xAF, 0xB4,
        0x72, 0xA0, 0xA6, 0x3B, 0x32, 0x00, 0x15, 0x1F, 0xAF, 0xB4, 0x72, 0xA0, 0xA6, 0x3B, 0x33, 0x00, 0x15, 0x1F, 0xAF, 0xB4,
        0x72, 0xA0, 0xA6, 0x3B, 0x34, 0x00, 0x15, 0x1F, 0xAF, 0xB4, 0x72, 0xA0, 0xA6, 0x3B, 0x35, 0x00, 0x15, 0x1F, 0xAF, 0xB4,
        0x72, 0xA0, 0xA6, 0x3B, 0x36, 0x00, 0x15, 0x1F, 0xAF, 0xB4, 0x72, 0xA0, 0xA6, 0x3B, 0x37, 0x00, 0x15, 0x1F, 0xAF, 0xB4,
        0x72, 0xA0, 0xA6, 0x3B, 0x38, 0x00, 0x15, 0x1F, 0xAF, 0xB4, 0x72, 0xA0, 0xA6, 0x3B, 0x39, 0x00, 0x15, 0x1F, 0xAF, 0xB4,
        0x72, 0xA0, 0xA6, 0x3B, 0x3A, 0x00, 0x15, 0x1F, 0xAF, 0xB4, 0x72, 0xA0, 0xA6, 0x3B, 0x3B, 0x00, 0x15, 0x1F, 0xAF, 0xB4,
        0x72, 0xA0, 0xA6, 0x3B, 0x3C, 0x00, 0x15, 0x1F, 0xAF, 0xB4, 0x72, 0xA0, 0xA6, 0x3B, 0x3D, 0x00, 0x15, 0x1F, 0xAF, 0xB4,
        0x72, 0xA0, 0xA6, 0x3B, 0x3E, 0x00, 0x15, 0x1F, 0xAF, 0xB4, 0x72, 0xA0, 0xA6, 0x3B, 0x3F, 0x00, 0x15, 0x1F, 0xAF, 0xB4,
        0x72, 0xA0, 0xA6, 0x3B, 0x40, 0x00, 0x15, 0x1F, 0xAF, 0xB4, 0x72, 0xA0, 0xA6, 0x3B, 0x41, 0x00, 0x15, 0x1F, 0xAF, 0xB4,
        0x72, 0xA0, 0xA6, 0x3B, 0x42, 0x00, 0x15, 0x1F, 0xAF, 0xB4, 0x72, 0xA0, 0xA6, 0x3B, 0x43, 0x00, 0x15, 0x1F, 0xAF, 0xB4,
        0x72, 0xA0, 0xA6, 0x3B, 0x44, 0x00, 0x15, 0x1F, 0xAF, 0xB4, 0x72, 0xA0, 0xA6, 0x3B, 0x45, 0x00, 0x15, 0x1F, 0xAF, 0xB4,
        0x72, 0xA0, 0xA6, 0x3B, 0x46, 0x00, 0x15, 0x1F, 0xAF, 0xB4, 0x72, 0xA0, 0xA6, 0x3B, 0x47, 0x00, 0x15, 0x1F, 0xAF, 0xB4,
        0x72, 0xA0, 0xA6, 0x3B, 0x48, 0x00, 0x15, 0x1F, 0xAF, 0xB4, 0x72, 0xA0, 0xA6, 0x3B, 0x49, 0x00, 0x15, 0x1F, 0xAF, 0xB4,
        0x72, 0xA0, 0xA6, 0x3B, 0x4A, 0x00, 0x15, 0x1F, 0xAF, 0xB4, 0x72, 0xA0, 0xA6, 0x3B, 0x4B, 0x00, 0x15, 0x1F, 0xAF, 0xB4,
        0x72, 0xA0, 0xA6, 0x3B, 0x4C, 0x00, 0x15, 0x1F, 0xAF, 0xB4, 0x72, 0xA0, 0xA6, 0x3B, 0x4D, 0x00, 0x15, 0x1F, 0xAF, 0xB4,
        0x72, 0xA0, 0xA6, 0x3B, 0x4E, 0x00, 0x15, 0x1F, 0xAF, 0xB4, 0x72, 0xA0, 0xA6, 0x3B, 0x4F, 0x00, 0x15, 0x1F, 0xAF, 0xB4,
        0x72, 0xA0, 0xA6, 0x3B, 0x50, 0x00, 0x15, 0x1F, 0xAF, 0xB4, 0x72, 0xA0, 0xA6, 0x3B, 0x51, 0x00, 0x15, 0x1F, 0xAF, 0xB4,
        0x72, 0xA0, 0xA6, 0x3B, 0x52, 0x00, 0x15, 0x1F, 0xAF, 0xB4, 0x72, 0xA0, 0xA6, 0x3B, 0x53, 0x00, 0x15, 0x1F, 0xAF, 0xB4,
        0x72, 0xA0, 0xA6, 0x3B, 0x54, 0x00, 0x15, 0x1F, 0xAF, 0xB4, 0x72, 0xA0, 0xA6, 0x3B, 0x55, 0x00, 0x15, 0x1F, 0xAF, 0xB4,
        0x72, 0xA0, 0xA6, 0x3B, 0x56, 0x00, 0x15, 0x1F, 0xAF, 0xB4, 0x72, 0xA0, 0xA6, 0x3B, 0x57, 0x00, 0x15, 0x1F, 0xAF, 0xB4,
        0x72, 0xA0, 0xA6, 0x3B, 0x58, 0x00, 0x15, 0x1F, 0xAF, 0xB4, 0x72, 0xA0, 0xA6, 0x3B, 0x59, 0x00, 0x15, 0x1F, 0xAF, 0xB4,
        0x72, 0xA0, 0xA6, 0x3B, 0x5A, 0x00, 0x15, 0x1F, 0xAF, 0xB4, 0x72, 0xA0, 0xA6, 0x3B, 0x5B, 0x00, 0x15, 0x1F, 0xAF, 0xB4,
        0x72, 0xA0, 0xA6, 0x3B, 0x5C, 0x00, 0x15, 0x1F, 0xAF, 0xB4, 0x72, 0xA0, 0xA6, 0x3B, 0x5D, 0x00, 0x15, 0x1F, 0xAF, 0xB4,
        0x72, 0xA0, 0xA6, 0x3B, 0x5E, 0x00, 0x15, 0x1F, 0xAF, 0xB4, 0x72, 0xA0, 0xA6, 0x3B, 0x5F, 0x00, 0x15, 0x1F, 0xAF, 0xB4,
        0x72, 0xA0, 0xA6, 0x3B, 0x60, 0x00, 0x15, 0x1F, 0xAF, 0xB4, 0x72, 0xA0, 0xA6, 0x3B, 0x61, 0x00, 0x15, 0x1F, 0xAF, 0xB4,
        0x72, 0xA0, 0xA6, 0x3B, 0x62, 0x00, 0x15, 0x1F, 0xAF, 0xB4, 0x72, 0xA0, 0xA6, 0x3B, 0x63, 0x00, 0x15, 0x1F, 0xAF, 0xB4,
        0x72, 0xA0, 0xA6, 0x3B, 0x64, 0x00, 0x15, 0x1F, 0xAF, 0xB4, 0x72, 0xA0, 0xA6, 0x3B, 0x02, 0x00, 0x00, 0x00, 0xA7, 0x03,
        0x11, 0x00, 0x1D, 0x01, 0x64, 0x00, 0xA7, 0x03, 0x11, 0x00, 0x1D, 0x01, 0xC1, 0xC4, 0x7A, 0xD6, 0x00, 0x00, 0x02, 0x00,
        0x00, 0x00, 0x4F, 0x81, 0x9F, 0x00, 0x16, 0x00, 0x00, 0x3C, 0x64, 0x00, 0x4F, 0x81, 0x9F, 0x00, 0x16, 0x00, 0x00, 0x3C,
        0x02, 0x00, 0x00, 0x00, 0x08, 0x00, 0x56, 0x80, 0x01, 0x80, 0x64, 0x00, 0x08, 0x00, 0x56, 0x80, 0x01, 0x80, 0x77, 0x26,
        0x80, 0xAB, 0x00, 0x00, 0x02, 0x00, 0x00, 0x00, 0xC0, 0x80, 0x71, 0x3A, 0x4E, 0x04, 0xBF, 0x38, 0x64, 0x00, 0xC0, 0x80,
        0x71, 0x3A, 0x4E, 0x04, 0xBF, 0x38, 0x00, 0x00, 0x02, 0x4D, 0x31, 0x59, 0x00, 0x00, 0x02, 0x00, 0x00, 0x00, 0xC5, 0x80,
        0xB0, 0x39, 0x13, 0x03, 0xA0, 0x39, 0x64, 0x00, 0xC5, 0x80, 0xB0, 0x39, 0x13, 0x03, 0xA0, 0x39, 0x00, 0x00, 0xC9, 0x0A,
        0xE9, 0xD2, 0x00, 0x00, 0x65, 0x00, 0x00, 0x00, 0x82, 0x19, 0x7F, 0xAC, 0x4C, 0x99, 0xFB, 0x3B, 0x01, 0x00, 0x82, 0x19,
        0x7F, 0xAC, 0x4C, 0x99, 0xFB, 0x3B, 0x02, 0x00, 0x82, 0x19, 0x7F, 0xAC, 0x4C, 0x99, 0xFB, 0x3B, 0x03, 0x00, 0x82, 0x19,
        0x7F, 0xAC, 0x4C, 0x99, 0xFB, 0x3B, 0x04, 0x00, 0x82, 0x19, 0x7F, 0xAC, 0x4C, 0x99, 0xFB, 0x3B, 0x05, 0x00, 0x82, 0x19,
        0x7F, 0xAC, 0x4C, 0x99, 0xFB, 0x3B, 0x06, 0x00, 0x82, 0x19, 0x7F, 0xAC, 0x4C, 0x99, 0xFB, 0x3B, 0x07, 0x00, 0x82, 0x19,
        0x7F, 0xAC, 0x4C, 0x99, 0xFB, 0x3B, 0x08, 0x00, 0x82, 0x19, 0x7F, 0xAC, 0x4C, 0x99, 0xFB, 0x3B, 0x09, 0x00, 0x82, 0x19,
        0x7F, 0xAC, 0x4C, 0x99, 0xFB, 0x3B, 0x0A, 0x00, 0x82, 0x19, 0x7F, 0xAC, 0x4C, 0x99, 0xFB, 0x3B, 0x0B, 0x00, 0x82, 0x19,
        0x7F, 0xAC, 0x4C, 0x99, 0xFB, 0x3B, 0x0C, 0x00, 0x82, 0x19, 0x7F, 0xAC, 0x4C, 0x99, 0xFB, 0x3B, 0x0D, 0x00, 0x82, 0x19,
        0x7F, 0xAC, 0x4C, 0x99, 0xFB, 0x3B, 0x0E, 0x00, 0x82, 0x19, 0x7F, 0xAC, 0x4C, 0x99, 0xFB, 0x3B, 0x0F, 0x00, 0x82, 0x19,
        0x7F, 0xAC, 0x4C, 0x99, 0xFB, 0x3B, 0x10, 0x00, 0x82, 0x19, 0x7F, 0xAC, 0x4C, 0x99, 0xFB, 0x3B, 0x11, 0x00, 0x82, 0x19,
        0x7F, 0xAC, 0x4C, 0x99, 0xFB, 0x3B, 0x12, 0x00, 0x82, 0x19, 0x7F, 0xAC, 0x4C, 0x99, 0xFB, 0x3B, 0x13, 0x00, 0x82, 0x19,
        0x7F, 0xAC, 0x4C, 0x99, 0xFB, 0x3B, 0x14, 0x00, 0x82, 0x19, 0x7F, 0xAC, 0x4C, 0x99, 0xFB, 0x3B, 0x15, 0x00, 0x82, 0x19,
        0x7F, 0xAC, 0x4C, 0x99, 0xFB, 0x3B, 0x16, 0x00, 0x82, 0x19, 0x7F, 0xAC, 0x4C, 0x99, 0xFB, 0x3B, 0x17, 0x00, 0x82, 0x19,
        0x7F, 0xAC, 0x4C, 0x99, 0xFB, 0x3B, 0x18, 0x00, 0x82, 0x19, 0x7F, 0xAC, 0x4C, 0x99, 0xFB, 0x3B, 0x19, 0x00, 0x82, 0x19,
        0x7F, 0xAC, 0x4C, 0x99, 0xFB, 0x3B, 0x1A, 0x00, 0x82, 0x19, 0x7F, 0xAC, 0x4C, 0x99, 0xFB, 0x3B, 0x1B, 0x00, 0x82, 0x19,
        0x7F, 0xAC, 0x4C, 0x99, 0xFB, 0x3B, 0x1C, 0x00, 0x82, 0x19, 0x7F, 0xAC, 0x4C, 0x99, 0xFB, 0x3B, 0x1D, 0x00, 0x82, 0x19,
        0x7F, 0xAC, 0x4C, 0x99, 0xFB, 0x3B, 0x1E, 0x00, 0x82, 0x19, 0x7F, 0xAC, 0x4C, 0x99, 0xFB, 0x3B, 0x1F, 0x00, 0x82, 0x19,
        0x7F, 0xAC, 0x4C, 0x99, 0xFB, 0x3B, 0x20, 0x00, 0x82, 0x19, 0x7F, 0xAC, 0x4C, 0x99, 0xFB, 0x3B, 0x21, 0x00, 0x82, 0x19,
        0x7F, 0xAC, 0x4C, 0x99, 0xFB, 0x3B, 0x22, 0x00, 0x82, 0x19, 0x7F, 0xAC, 0x4C, 0x99, 0xFB, 0x3B, 0x23, 0x00, 0x82, 0x19,
        0x7F, 0xAC, 0x4C, 0x99, 0xFB, 0x3B, 0x24, 0x00, 0x82, 0x19, 0x7F, 0xAC, 0x4C, 0x99, 0xFB, 0x3B, 0x25, 0x00, 0x82, 0x19,
        0x7F, 0xAC, 0x4C, 0x99, 0xFB, 0x3B, 0x26, 0x00, 0x82, 0x19, 0x7F, 0xAC, 0x4C, 0x99, 0xFB, 0x3B, 0x27, 0x00, 0x82, 0x19,
        0x7F, 0xAC, 0x4C, 0x99, 0xFB, 0x3B, 0x28, 0x00, 0x82, 0x19, 0x7F, 0xAC, 0x4C, 0x99, 0xFB, 0x3B, 0x29, 0x00, 0x82, 0x19,
        0x7F, 0xAC, 0x4C, 0x99, 0xFB, 0x3B, 0x2A, 0x00, 0x82, 0x19, 0x7F, 0xAC, 0x4C, 0x99, 0xFB, 0x3B, 0x2B, 0x00, 0x82, 0x19,
        0x7F, 0xAC, 0x4C, 0x99, 0xFB, 0x3B, 0x2C, 0x00, 0x82, 0x19, 0x7F, 0xAC, 0x4C, 0x99, 0xFB, 0x3B, 0x2D, 0x00, 0x82, 0x19,
        0x7F, 0xAC, 0x4C, 0x99, 0xFB, 0x3B, 0x2E, 0x00, 0x82, 0x19, 0x7F, 0xAC, 0x4C, 0x99, 0xFB, 0x3B, 0x2F, 0x00, 0x82, 0x19,
        0x7F, 0xAC, 0x4C, 0x99, 0xFB, 0x3B, 0x30, 0x00, 0x82, 0x19, 0x7F, 0xAC, 0x4C, 0x99, 0xFB, 0x3B, 0x31, 0x00, 0x82, 0x19,
        0x7F, 0xAC, 0x4C, 0x99, 0xFB, 0x3B, 0x32, 0x00, 0x82, 0x19, 0x7F, 0xAC, 0x4C, 0x99, 0xFB, 0x3B, 0x33, 0x00, 0x82, 0x19,
        0x7F, 0xAC, 0x4C, 0x99, 0xFB, 0x3B, 0x34, 0x00, 0x82, 0x19, 0x7F, 0xAC, 0x4C, 0x99, 0xFB, 0x3B, 0x35, 0x00, 0x82, 0x19,
        0x7F, 0xAC, 0x4C, 0x99, 0xFB, 0x3B, 0x36, 0x00, 0x82, 0x19, 0x7F, 0xAC, 0x4C, 0x99, 0xFB, 0x3B, 0x37, 0x00, 0x82, 0x19,
        0x7F, 0xAC, 0x4C, 0x99, 0xFB, 0x3B, 0x38, 0x00, 0x82, 0x19, 0x7F, 0xAC, 0x4C, 0x99, 0xFB, 0x3B, 0x39, 0x00, 0x82, 0x19,
        0x7F, 0xAC, 0x4C, 0x99, 0xFB, 0x3B, 0x3A, 0x00, 0x82, 0x19, 0x7F, 0xAC, 0x4C, 0x99, 0xFB, 0x3B, 0x3B, 0x00, 0x82, 0x19,
        0x7F, 0xAC, 0x4C, 0x99, 0xFB, 0x3B, 0x3C, 0x00, 0x82, 0x19, 0x7F, 0xAC, 0x4C, 0x99, 0xFB, 0x3B, 0x3D, 0x00, 0x82, 0x19,
        0x7F, 0xAC, 0x4C, 0x99, 0xFB, 0x3B, 0x3E, 0x00, 0x82, 0x19, 0x7F, 0xAC, 0x4C, 0x99, 0xFB, 0x3B, 0x3F, 0x00, 0x82, 0x19,
        0x7F, 0xAC, 0x4C, 0x99, 0xFB, 0x3B, 0x40, 0x00, 0x82, 0x19, 0x7F, 0xAC, 0x4C, 0x99, 0xFB, 0x3B, 0x41, 0x00, 0x82, 0x19,
        0x7F, 0xAC, 0x4C, 0x99, 0xFB, 0x3B, 0x42, 0x00, 0x82, 0x19, 0x7F, 0xAC, 0x4C, 0x99, 0xFB, 0x3B, 0x43, 0x00, 0x82, 0x19,
        0x7F, 0xAC, 0x4C, 0x99, 0xFB, 0x3B, 0x44, 0x00, 0x82, 0x19, 0x7F, 0xAC, 0x4C, 0x99, 0xFB, 0x3B, 0x45, 0x00, 0x82, 0x19,
        0x7F, 0xAC, 0x4C, 0x99, 0xFB, 0x3B, 0x46, 0x00, 0x82, 0x19, 0x7F, 0xAC, 0x4C, 0x99, 0xFB, 0x3B, 0x47, 0x00, 0x82, 0x19,
        0x7F, 0xAC, 0x4C, 0x99, 0xFB, 0x3B, 0x48, 0x00, 0x82, 0x19, 0x7F, 0xAC, 0x4C, 0x99, 0xFB, 0x3B, 0x49, 0x00, 0x82, 0x19,
        0x7F, 0xAC, 0x4C, 0x99, 0xFB, 0x3B, 0x4A, 0x00, 0x82, 0x19, 0x7F, 0xAC, 0x4C, 0x99, 0xFB, 0x3B, 0x4B, 0x00, 0x82, 0x19,
        0x7F, 0xAC, 0x4C, 0x99, 0xFB, 0x3B, 0x4C, 0x00, 0x82, 0x19, 0x7F, 0xAC, 0x4C, 0x99, 0xFB, 0x3B, 0x4D, 0x00, 0x82, 0x19,
        0x7F, 0xAC, 0x4C, 0x99, 0xFB, 0x3B, 0x4E, 0x00, 0x82, 0x19, 0x7F, 0xAC, 0x4C, 0x99, 0xFB, 0x3B, 0x4F, 0x00, 0x82, 0x19,
        0x7F, 0xAC, 0x4C, 0x99, 0xFB, 0x3B, 0x50, 0x00, 0x82, 0x19, 0x7F, 0xAC, 0x4C, 0x99, 0xFB, 0x3B, 0x51, 0x00, 0x82, 0x19,
        0x7F, 0xAC, 0x4C, 0x99, 0xFB, 0x3B, 0x52, 0x00, 0x82, 0x19, 0x7F, 0xAC, 0x4C, 0x99, 0xFB, 0x3B, 0x53, 0x00, 0x82, 0x19,
        0x7F, 0xAC, 0x4C, 0x99, 0xFB, 0x3B, 0x54, 0x00, 0x82, 0x19, 0x7F, 0xAC, 0x4C, 0x99, 0xFB, 0x3B, 0x55, 0x00, 0x82, 0x19,
        0x7F, 0xAC, 0x4C, 0x99, 0xFB, 0x3B, 0x56, 0x00, 0x82, 0x19, 0x7F, 0xAC, 0x4C, 0x99, 0xFB, 0x3B, 0x57, 0x00, 0x82, 0x19,
        0x7F, 0xAC, 0x4C, 0x99, 0xFB, 0x3B, 0x58, 0x00, 0x82, 0x19, 0x7F, 0xAC, 0x4C, 0x99, 0xFB, 0x3B, 0x59, 0x00, 0x82, 0x19,
        0x7F, 0xAC, 0x4C, 0x99, 0xFB, 0x3B, 0x5A, 0x00, 0x82, 0x19, 0x7F, 0xAC, 0x4C, 0x99, 0xFB, 0x3B, 0x5B, 0x00, 0x82, 0x19,
        0x7F, 0xAC, 0x4C, 0x99, 0xFB, 0x3B, 0x5C, 0x00, 0x82, 0x19, 0x7F, 0xAC, 0x4C, 0x99, 0xFB, 0x3B, 0x5D, 0x00, 0x82, 0x19,
        0x7F, 0xAC, 0x4C, 0x99, 0xFB, 0x3B, 0x5E, 0x00, 0x82, 0x19, 0x7F, 0xAC, 0x4C, 0x99, 0xFB, 0x3B, 0x5F, 0x00, 0x82, 0x19,
        0x7F, 0xAC, 0x4C, 0x99, 0xFB, 0x3B, 0x60, 0x00, 0x82, 0x19, 0x7F, 0xAC, 0x4C, 0x99, 0xFB, 0x3B, 0x61, 0x00, 0x82, 0x19,
        0x7F, 0xAC, 0x4C, 0x99, 0xFB, 0x3B, 0x62, 0x00, 0x82, 0x19, 0x7F, 0xAC, 0x4C, 0x99, 0xFB, 0x3B, 0x63, 0x00, 0x82, 0x19,
        0x7F, 0xAC, 0x4C, 0x99, 0xFB, 0x3B, 0x64, 0x00, 0x82, 0x19, 0x7F, 0xAC, 0x4C, 0x99, 0xFB, 0x3B, 0x02, 0x00, 0x00, 0x00,
        0x48, 0x01, 0x11, 0x00, 0x13, 0x00, 0x64, 0x00, 0x48, 0x01, 0x11, 0x00, 0x13, 0x00, 0xC2, 0x41, 0xDB, 0xD9, 0x00, 0x00,
        0x02, 0x00, 0x00, 0x00, 0x7A, 0x99, 0x51, 0x80, 0x7B, 0x99, 0x00, 0x3C, 0x64, 0x00, 0x7A, 0x99, 0x51, 0x80, 0x7B, 0x99,
        0x00, 0x3C, 0x02, 0x00, 0x00, 0x00, 0x58, 0xAE, 0xEF, 0x0D, 0x58, 0x2E, 0x64, 0x00, 0x58, 0xAE, 0xEF, 0x0D, 0x58, 0x2E,
        0x69, 0xC6, 0x80, 0xBC, 0x00, 0x00, 0x02, 0x00, 0x00, 0x00, 0xA9, 0x83, 0x29, 0x80, 0xC0, 0x83, 0x00, 0x3C, 0x64, 0x00,
        0xA9, 0x83, 0x29, 0x80, 0xC0, 0x83, 0x00, 0x3C, 0x00, 0x00, 0x91, 0xA9, 0x96, 0x37, 0x00, 0x00, 0x02, 0x00, 0x00, 0x00,
        0x3B, 0x05, 0x09, 0x80, 0x0E, 0x00, 0x00, 0x3C, 0x64, 0x00, 0x3B, 0x05, 0x09, 0x80, 0x0E, 0x00, 0x00, 0x3C, 0x00, 0x00,
        0x1A, 0xA4, 0xF2, 0xD2, 0x00, 0x00, 0x02, 0x00, 0x00, 0x00, 0x3B, 0x05, 0x09, 0x80, 0x0E, 0x00, 0x00, 0x3C, 0x64, 0x00,
        0x3B, 0x05, 0x09, 0x80, 0x0E, 0x00, 0x00, 0x3C, 0x00, 0x00, 0x7C, 0x78, 0xA5, 0xF4, 0x00, 0x00, 0x02, 0x00, 0x00, 0x00,
        0x25, 0xA9, 0x03, 0xA7, 0x2D, 0xB0, 0xEC, 0x3B, 0x64, 0x00, 0x25, 0xA9, 0x03, 0xA7, 0x2D, 0xB0, 0xEC, 0x3B, 0x00, 0x00,
        0xF3, 0x07, 0x9C, 0xDD, 0x00, 0x00, 0x02, 0x00, 0x00, 0x00, 0xDD, 0x9C, 0xFF, 0x30, 0x9B, 0x28, 0xE6, 0x3B, 0x64, 0x00,
        0xDD, 0x9C, 0xFF, 0x30, 0x9B, 0x28, 0xE6, 0x3B, 0x00, 0x00, 0xFA, 0xE9, 0x39, 0xD4, 0x00, 0x00, 0x65, 0x00, 0x00, 0x00,
        0x01, 0x21, 0x00, 0x2F, 0x55, 0x9C, 0xF4, 0x3B, 0x01, 0x00, 0x01, 0x21, 0x00, 0x2F, 0x55, 0x9C, 0xF4, 0x3B, 0x02, 0x00,
        0x01, 0x21, 0x00, 0x2F, 0x55, 0x9C, 0xF4, 0x3B, 0x03, 0x00, 0x01, 0x21, 0x00, 0x2F, 0x55, 0x9C, 0xF4, 0x3B, 0x04, 0x00,
        0x01, 0x21, 0x00, 0x2F, 0x55, 0x9C, 0xF4, 0x3B, 0x05, 0x00, 0x01, 0x21, 0x00, 0x2F, 0x55, 0x9C, 0xF4, 0x3B, 0x06, 0x00,
        0x01, 0x21, 0x00, 0x2F, 0x55, 0x9C, 0xF4, 0x3B, 0x07, 0x00, 0x01, 0x21, 0x00, 0x2F, 0x55, 0x9C, 0xF4, 0x3B, 0x08, 0x00,
        0x01, 0x21, 0x00, 0x2F, 0x55, 0x9C, 0xF4, 0x3B, 0x09, 0x00, 0x01, 0x21, 0x00, 0x2F, 0x55, 0x9C, 0xF4, 0x3B, 0x0A, 0x00,
        0x01, 0x21, 0x00, 0x2F, 0x55, 0x9C, 0xF4, 0x3B, 0x0B, 0x00, 0x01, 0x21, 0x00, 0x2F, 0x55, 0x9C, 0xF4, 0x3B, 0x0C, 0x00,
        0x01, 0x21, 0x00, 0x2F, 0x55, 0x9C, 0xF4, 0x3B, 0x0D, 0x00, 0x01, 0x21, 0x00, 0x2F, 0x55, 0x9C, 0xF4, 0x3B, 0x0E, 0x00,
        0x01, 0x21, 0x00, 0x2F, 0x55, 0x9C, 0xF4, 0x3B, 0x0F, 0x00, 0x01, 0x21, 0x00, 0x2F, 0x55, 0x9C, 0xF4, 0x3B, 0x10, 0x00,
        0x01, 0x21, 0x00, 0x2F, 0x55, 0x9C, 0xF4, 0x3B, 0x11, 0x00, 0x01, 0x21, 0x00, 0x2F, 0x55, 0x9C, 0xF4, 0x3B, 0x12, 0x00,
        0x01, 0x21, 0x00, 0x2F, 0x55, 0x9C, 0xF4, 0x3B, 0x13, 0x00, 0x01, 0x21, 0x00, 0x2F, 0x55, 0x9C, 0xF4, 0x3B, 0x14, 0x00,
        0x01, 0x21, 0x00, 0x2F, 0x55, 0x9C, 0xF4, 0x3B, 0x15, 0x00, 0x01, 0x21, 0x00, 0x2F, 0x55, 0x9C, 0xF4, 0x3B, 0x16, 0x00,
        0x01, 0x21, 0x00, 0x2F, 0x55, 0x9C, 0xF4, 0x3B, 0x17, 0x00, 0x01, 0x21, 0x00, 0x2F, 0x55, 0x9C, 0xF4, 0x3B, 0x18, 0x00,
        0x01, 0x21, 0x00, 0x2F, 0x55, 0x9C, 0xF4, 0x3B, 0x19, 0x00, 0x01, 0x21, 0x00, 0x2F, 0x55, 0x9C, 0xF4, 0x3B, 0x1A, 0x00,
        0x01, 0x21, 0x00, 0x2F, 0x55, 0x9C, 0xF4, 0x3B, 0x1B, 0x00, 0x01, 0x21, 0x00, 0x2F, 0x55, 0x9C, 0xF4, 0x3B, 0x1C, 0x00,
        0x01, 0x21, 0x00, 0x2F, 0x55, 0x9C, 0xF4, 0x3B, 0x1D, 0x00, 0x01, 0x21, 0x00, 0x2F, 0x55, 0x9C, 0xF4, 0x3B, 0x1E, 0x00,
        0x01, 0x21, 0x00, 0x2F, 0x55, 0x9C, 0xF4, 0x3B, 0x1F, 0x00, 0x01, 0x21, 0x00, 0x2F, 0x55, 0x9C, 0xF4, 0x3B, 0x20, 0x00,
        0x01, 0x21, 0x00, 0x2F, 0x55, 0x9C, 0xF4, 0x3B, 0x21, 0x00, 0x01, 0x21, 0x00, 0x2F, 0x55, 0x9C, 0xF4, 0x3B, 0x22, 0x00,
        0x01, 0x21, 0x00, 0x2F, 0x55, 0x9C, 0xF4, 0x3B, 0x23, 0x00, 0x01, 0x21, 0x00, 0x2F, 0x55, 0x9C, 0xF4, 0x3B, 0x24, 0x00,
        0x01, 0x21, 0x00, 0x2F, 0x55, 0x9C, 0xF4, 0x3B, 0x25, 0x00, 0x01, 0x21, 0x00, 0x2F, 0x55, 0x9C, 0xF4, 0x3B, 0x26, 0x00,
        0x01, 0x21, 0x00, 0x2F, 0x55, 0x9C, 0xF4, 0x3B, 0x27, 0x00, 0x01, 0x21, 0x00, 0x2F, 0x55, 0x9C, 0xF4, 0x3B, 0x28, 0x00,
        0x01, 0x21, 0x00, 0x2F, 0x55, 0x9C, 0xF4, 0x3B, 0x29, 0x00, 0x01, 0x21, 0x00, 0x2F, 0x55, 0x9C, 0xF4, 0x3B, 0x2A, 0x00,
        0x01, 0x21, 0x00, 0x2F, 0x55, 0x9C, 0xF4, 0x3B, 0x2B, 0x00, 0x01, 0x21, 0x00, 0x2F, 0x55, 0x9C, 0xF4, 0x3B, 0x2C, 0x00,
        0x01, 0x21, 0x00, 0x2F, 0x55, 0x9C, 0xF4, 0x3B, 0x2D, 0x00, 0x01, 0x21, 0x00, 0x2F, 0x55, 0x9C, 0xF4, 0x3B, 0x2E, 0x00,
        0x01, 0x21, 0x00, 0x2F, 0x55, 0x9C, 0xF4, 0x3B, 0x2F, 0x00, 0x01, 0x21, 0x00, 0x2F, 0x55, 0x9C, 0xF4, 0x3B, 0x30, 0x00,
        0x01, 0x21, 0x00, 0x2F, 0x55, 0x9C, 0xF4, 0x3B, 0x31, 0x00, 0x01, 0x21, 0x00, 0x2F, 0x55, 0x9C, 0xF4, 0x3B, 0x32, 0x00,
        0x01, 0x21, 0x00, 0x2F, 0x55, 0x9C, 0xF4, 0x3B, 0x33, 0x00, 0x01, 0x21, 0x00, 0x2F, 0x55, 0x9C, 0xF4, 0x3B, 0x34, 0x00,
        0x01, 0x21, 0x00, 0x2F, 0x55, 0x9C, 0xF4, 0x3B, 0x35, 0x00, 0x01, 0x21, 0x00, 0x2F, 0x55, 0x9C, 0xF4, 0x3B, 0x36, 0x00,
        0x01, 0x21, 0x00, 0x2F, 0x55, 0x9C, 0xF4, 0x3B, 0x37, 0x00, 0x01, 0x21, 0x00, 0x2F, 0x55, 0x9C, 0xF4, 0x3B, 0x38, 0x00,
        0x01, 0x21, 0x00, 0x2F, 0x55, 0x9C, 0xF4, 0x3B, 0x39, 0x00, 0x01, 0x21, 0x00, 0x2F, 0x55, 0x9C, 0xF4, 0x3B, 0x3A, 0x00,
        0x01, 0x21, 0x00, 0x2F, 0x55, 0x9C, 0xF4, 0x3B, 0x3B, 0x00, 0x01, 0x21, 0x00, 0x2F, 0x55, 0x9C, 0xF4, 0x3B, 0x3C, 0x00,
        0x01, 0x21, 0x00, 0x2F, 0x55, 0x9C, 0xF4, 0x3B, 0x3D, 0x00, 0x01, 0x21, 0x00, 0x2F, 0x55, 0x9C, 0xF4, 0x3B, 0x3E, 0x00,
        0x01, 0x21, 0x00, 0x2F, 0x55, 0x9C, 0xF4, 0x3B, 0x3F, 0x00, 0x01, 0x21, 0x00, 0x2F, 0x55, 0x9C, 0xF4, 0x3B, 0x40, 0x00,
        0x01, 0x21, 0x00, 0x2F, 0x55, 0x9C, 0xF4, 0x3B, 0x41, 0x00, 0x01, 0x21, 0x00, 0x2F, 0x55, 0x9C, 0xF4, 0x3B, 0x42, 0x00,
        0x01, 0x21, 0x00, 0x2F, 0x55, 0x9C, 0xF4, 0x3B, 0x43, 0x00, 0x01, 0x21, 0x00, 0x2F, 0x55, 0x9C, 0xF4, 0x3B, 0x44, 0x00,
        0x01, 0x21, 0x00, 0x2F, 0x55, 0x9C, 0xF4, 0x3B, 0x45, 0x00, 0x01, 0x21, 0x00, 0x2F, 0x55, 0x9C, 0xF4, 0x3B, 0x46, 0x00,
        0x01, 0x21, 0x00, 0x2F, 0x55, 0x9C, 0xF4, 0x3B, 0x47, 0x00, 0x01, 0x21, 0x00, 0x2F, 0x55, 0x9C, 0xF4, 0x3B, 0x48, 0x00,
        0x01, 0x21, 0x00, 0x2F, 0x55, 0x9C, 0xF4, 0x3B, 0x49, 0x00, 0x01, 0x21, 0x00, 0x2F, 0x55, 0x9C, 0xF4, 0x3B, 0x4A, 0x00,
        0x01, 0x21, 0x00, 0x2F, 0x55, 0x9C, 0xF4, 0x3B, 0x4B, 0x00, 0x01, 0x21, 0x00, 0x2F, 0x55, 0x9C, 0xF4, 0x3B, 0x4C, 0x00,
        0x01, 0x21, 0x00, 0x2F, 0x55, 0x9C, 0xF4, 0x3B, 0x4D, 0x00, 0x01, 0x21, 0x00, 0x2F, 0x55, 0x9C, 0xF4, 0x3B, 0x4E, 0x00,
        0x01, 0x21, 0x00, 0x2F, 0x55, 0x9C, 0xF4, 0x3B, 0x4F, 0x00, 0x01, 0x21, 0x00, 0x2F, 0x55, 0x9C, 0xF4, 0x3B, 0x50, 0x00,
        0x01, 0x21, 0x00, 0x2F, 0x55, 0x9C, 0xF4, 0x3B, 0x51, 0x00, 0x01, 0x21, 0x00, 0x2F, 0x55, 0x9C, 0xF4, 0x3B, 0x52, 0x00,
        0x01, 0x21, 0x00, 0x2F, 0x55, 0x9C, 0xF4, 0x3B, 0x53, 0x00, 0x01, 0x21, 0x00, 0x2F, 0x55, 0x9C, 0xF4, 0x3B, 0x54, 0x00,
        0x01, 0x21, 0x00, 0x2F, 0x55, 0x9C, 0xF4, 0x3B, 0x55, 0x00, 0x01, 0x21, 0x00, 0x2F, 0x55, 0x9C, 0xF4, 0x3B, 0x56, 0x00,
        0x01, 0x21, 0x00, 0x2F, 0x55, 0x9C, 0xF4, 0x3B, 0x57, 0x00, 0x01, 0x21, 0x00, 0x2F, 0x55, 0x9C, 0xF4, 0x3B, 0x58, 0x00,
        0x01, 0x21, 0x00, 0x2F, 0x55, 0x9C, 0xF4, 0x3B, 0x59, 0x00, 0x01, 0x21, 0x00, 0x2F, 0x55, 0x9C, 0xF4, 0x3B, 0x5A, 0x00,
        0x01, 0x21, 0x00, 0x2F, 0x55, 0x9C, 0xF4, 0x3B, 0x5B, 0x00, 0x01, 0x21, 0x00, 0x2F, 0x55, 0x9C, 0xF4, 0x3B, 0x5C, 0x00,
        0x01, 0x21, 0x00, 0x2F, 0x55, 0x9C, 0xF4, 0x3B, 0x5D, 0x00, 0x01, 0x21, 0x00, 0x2F, 0x55, 0x9C, 0xF4, 0x3B, 0x5E, 0x00,
        0x01, 0x21, 0x00, 0x2F, 0x55, 0x9C, 0xF4, 0x3B, 0x5F, 0x00, 0x01, 0x21, 0x00, 0x2F, 0x55, 0x9C, 0xF4, 0x3B, 0x60, 0x00,
        0x01, 0x21, 0x00, 0x2F, 0x55, 0x9C, 0xF4, 0x3B, 0x61, 0x00, 0x01, 0x21, 0x00, 0x2F, 0x55, 0x9C, 0xF4, 0x3B, 0x62, 0x00,
        0x01, 0x21, 0x00, 0x2F, 0x55, 0x9C, 0xF4, 0x3B, 0x63, 0x00, 0x01, 0x21, 0x00, 0x2F, 0x55, 0x9C, 0xF4, 0x3B, 0x64, 0x00,
        0x01, 0x21, 0x00, 0x2F, 0x55, 0x9C, 0xF4, 0x3B, 0x02, 0x00, 0x00, 0x00, 0xEC, 0x80, 0x21, 0x00, 0x12, 0x00, 0x64, 0x00,
        0xEC, 0x80, 0x21, 0x00, 0x12, 0x00, 0x24, 0xC1, 0x83, 0x25, 0x00, 0x00, 0x02, 0x00, 0x00, 0x00, 0x10, 0x80, 0x0C, 0x80,
        0x18, 0x00, 0x00, 0x3C, 0x64, 0x00, 0x10, 0x80, 0x0C, 0x80, 0x18, 0x00, 0x00, 0x3C, 0x00, 0x00, 0xF3, 0x58, 0x16, 0x21,
        0x00, 0x00, 0x02, 0x00, 0x00, 0x00, 0xB3, 0x33, 0x30, 0xB9, 0xA7, 0xAD, 0xBC, 0x39, 0x64, 0x00, 0xB3, 0x33, 0x30, 0xB9,
        0xA7, 0xAD, 0xBC, 0x39, 0x02, 0x00, 0x00, 0x00, 0x6B, 0xB6, 0x8A, 0x30, 0x40, 0x35, 0x64, 0x00, 0x6B, 0xB6, 0x8A, 0x30,
        0x40, 0x35, 0xD4, 0x62, 0x52, 0xF6, 0x00, 0x00, 0x02, 0x00, 0x00, 0x00, 0x1E, 0x80, 0x7D, 0x00, 0x97, 0x80, 0x00, 0x3C,
        0x64, 0x00, 0x1E, 0x80, 0x7D, 0x00, 0x97, 0x80, 0x00, 0x3C, 0x02, 0x00, 0x00, 0x00, 0x12, 0x80, 0x0C, 0x80, 0x62, 0x80,
        0x64, 0x00, 0x12, 0x80, 0x0C, 0x80, 0x62, 0x80, 0xC6, 0x58, 0x95, 0xF7, 0x00, 0x00, 0x02, 0x00, 0x00, 0x00, 0x26, 0x00,
        0xF9, 0x05, 0x01, 0x00, 0x00, 0x3C, 0x64, 0x00, 0x26, 0x00, 0xF9, 0x05, 0x01, 0x00, 0x00, 0x3C, 0x02, 0x00, 0x00, 0x00,
        0x14, 0x80, 0x0C, 0x00, 0x7B, 0x80, 0x64, 0x00, 0x14, 0x80, 0x0C, 0x00, 0x7B, 0x80, 0x8E, 0x28, 0x3A, 0xA2, 0x00, 0x00,
        0x65, 0x00, 0x00, 0x00, 0x99, 0x21, 0xE0, 0x2E, 0xB0, 0xA0, 0xF4, 0x3B, 0x01, 0x00, 0x99, 0x21, 0xE0, 0x2E, 0xB0, 0xA0,
        0xF4, 0x3B, 0x02, 0x00, 0x99, 0x21, 0xE0, 0x2E, 0xB0, 0xA0, 0xF4, 0x3B, 0x03, 0x00, 0x99, 0x21, 0xE0, 0x2E, 0xB0, 0xA0,
        0xF4, 0x3B, 0x04, 0x00, 0x99, 0x21, 0xE0, 0x2E, 0xB0, 0xA0, 0xF4, 0x3B, 0x05, 0x00, 0x99, 0x21, 0xE0, 0x2E, 0xB0, 0xA0,
        0xF4, 0x3B, 0x06, 0x00, 0x99, 0x21, 0xE0, 0x2E, 0xB0, 0xA0, 0xF4, 0x3B, 0x07, 0x00, 0x99, 0x21, 0xE0, 0x2E, 0xB0, 0xA0,
        0xF4, 0x3B, 0x08, 0x00, 0x99, 0x21, 0xE0, 0x2E, 0xB0, 0xA0, 0xF4, 0x3B, 0x09, 0x00, 0x99, 0x21, 0xE0, 0x2E, 0xB0, 0xA0,
        0xF4, 0x3B, 0x0A, 0x00, 0x99, 0x21, 0xE0, 0x2E, 0xB0, 0xA0, 0xF4, 0x3B, 0x0B, 0x00, 0x99, 0x21, 0xE0, 0x2E, 0xB0, 0xA0,
        0xF4, 0x3B, 0x0C, 0x00, 0x99, 0x21, 0xE0, 0x2E, 0xB0, 0xA0, 0xF4, 0x3B, 0x0D, 0x00, 0x99, 0x21, 0xE0, 0x2E, 0xB0, 0xA0,
        0xF4, 0x3B, 0x0E, 0x00, 0x99, 0x21, 0xE0, 0x2E, 0xB0, 0xA0, 0xF4, 0x3B, 0x0F, 0x00, 0x99, 0x21, 0xE0, 0x2E, 0xB0, 0xA0,
        0xF4, 0x3B, 0x10, 0x00, 0x99, 0x21, 0xE0, 0x2E, 0xB0, 0xA0, 0xF4, 0x3B, 0x11, 0x00, 0x99, 0x21, 0xE0, 0x2E, 0xB0, 0xA0,
        0xF4, 0x3B, 0x12, 0x00, 0x99, 0x21, 0xE0, 0x2E, 0xB0, 0xA0, 0xF4, 0x3B, 0x13, 0x00, 0x99, 0x21, 0xE0, 0x2E, 0xB0, 0xA0,
        0xF4, 0x3B, 0x14, 0x00, 0x99, 0x21, 0xE0, 0x2E, 0xB0, 0xA0, 0xF4, 0x3B, 0x15, 0x00, 0x99, 0x21, 0xE0, 0x2E, 0xB0, 0xA0,
        0xF4, 0x3B, 0x16, 0x00, 0x99, 0x21, 0xE0, 0x2E, 0xB0, 0xA0, 0xF4, 0x3B, 0x17, 0x00, 0x99, 0x21, 0xE0, 0x2E, 0xB0, 0xA0,
        0xF4, 0x3B, 0x18, 0x00, 0x99, 0x21, 0xE0, 0x2E, 0xB0, 0xA0, 0xF4, 0x3B, 0x19, 0x00, 0x99, 0x21, 0xE0, 0x2E, 0xB0, 0xA0,
        0xF4, 0x3B, 0x1A, 0x00, 0x99, 0x21, 0xE0, 0x2E, 0xB0, 0xA0, 0xF4, 0x3B, 0x1B, 0x00, 0x99, 0x21, 0xE0, 0x2E, 0xB0, 0xA0,
        0xF4, 0x3B, 0x1C, 0x00, 0x99, 0x21, 0xE0, 0x2E, 0xB0, 0xA0, 0xF4, 0x3B, 0x1D, 0x00, 0x99, 0x21, 0xE0, 0x2E, 0xB0, 0xA0,
        0xF4, 0x3B, 0x1E, 0x00, 0x99, 0x21, 0xE0, 0x2E, 0xB0, 0xA0, 0xF4, 0x3B, 0x1F, 0x00, 0x99, 0x21, 0xE0, 0x2E, 0xB0, 0xA0,
        0xF4, 0x3B, 0x20, 0x00, 0x99, 0x21, 0xE0, 0x2E, 0xB0, 0xA0, 0xF4, 0x3B, 0x21, 0x00, 0x99, 0x21, 0xE0, 0x2E, 0xB0, 0xA0,
        0xF4, 0x3B, 0x22, 0x00, 0x99, 0x21, 0xE0, 0x2E, 0xB0, 0xA0, 0xF4, 0x3B, 0x23, 0x00, 0x99, 0x21, 0xE0, 0x2E, 0xB0, 0xA0,
        0xF4, 0x3B, 0x24, 0x00, 0x99, 0x21, 0xE0, 0x2E, 0xB0, 0xA0, 0xF4, 0x3B, 0x25, 0x00, 0x99, 0x21, 0xE0, 0x2E, 0xB0, 0xA0,
        0xF4, 0x3B, 0x26, 0x00, 0x99, 0x21, 0xE0, 0x2E, 0xB0, 0xA0, 0xF4, 0x3B, 0x27, 0x00, 0x99, 0x21, 0xE0, 0x2E, 0xB0, 0xA0,
        0xF4, 0x3B, 0x28, 0x00, 0x99, 0x21, 0xE0, 0x2E, 0xB0, 0xA0, 0xF4, 0x3B, 0x29, 0x00, 0x99, 0x21, 0xE0, 0x2E, 0xB0, 0xA0,
        0xF4, 0x3B, 0x2A, 0x00, 0x99, 0x21, 0xE0, 0x2E, 0xB0, 0xA0, 0xF4, 0x3B, 0x2B, 0x00, 0x99, 0x21, 0xE0, 0x2E, 0xB0, 0xA0,
        0xF4, 0x3B, 0x2C, 0x00, 0x99, 0x21, 0xE0, 0x2E, 0xB0, 0xA0, 0xF4, 0x3B, 0x2D, 0x00, 0x99, 0x21, 0xE0, 0x2E, 0xB0, 0xA0,
        0xF4, 0x3B, 0x2E, 0x00, 0x99, 0x21, 0xE0, 0x2E, 0xB0, 0xA0, 0xF4, 0x3B, 0x2F, 0x00, 0x99, 0x21, 0xE0, 0x2E, 0xB0, 0xA0,
        0xF4, 0x3B, 0x30, 0x00, 0x99, 0x21, 0xE0, 0x2E, 0xB0, 0xA0, 0xF4, 0x3B, 0x31, 0x00, 0x99, 0x21, 0xE0, 0x2E, 0xB0, 0xA0,
        0xF4, 0x3B, 0x32, 0x00, 0x99, 0x21, 0xE0, 0x2E, 0xB0, 0xA0, 0xF4, 0x3B, 0x33, 0x00, 0x99, 0x21, 0xE0, 0x2E, 0xB0, 0xA0,
        0xF4, 0x3B, 0x34, 0x00, 0x99, 0x21, 0xE0, 0x2E, 0xB0, 0xA0, 0xF4, 0x3B, 0x35, 0x00, 0x99, 0x21, 0xE0, 0x2E, 0xB0, 0xA0,
        0xF4, 0x3B, 0x36, 0x00, 0x99, 0x21, 0xE0, 0x2E, 0xB0, 0xA0, 0xF4, 0x3B, 0x37, 0x00, 0x99, 0x21, 0xE0, 0x2E, 0xB0, 0xA0,
        0xF4, 0x3B, 0x38, 0x00, 0x99, 0x21, 0xE0, 0x2E, 0xB0, 0xA0, 0xF4, 0x3B, 0x39, 0x00, 0x99, 0x21, 0xE0, 0x2E, 0xB0, 0xA0,
        0xF4, 0x3B, 0x3A, 0x00, 0x99, 0x21, 0xE0, 0x2E, 0xB0, 0xA0, 0xF4, 0x3B, 0x3B, 0x00, 0x99, 0x21, 0xE0, 0x2E, 0xB0, 0xA0,
        0xF4, 0x3B, 0x3C, 0x00, 0x99, 0x21, 0xE0, 0x2E, 0xB0, 0xA0, 0xF4, 0x3B, 0x3D, 0x00, 0x99, 0x21, 0xE0, 0x2E, 0xB0, 0xA0,
        0xF4, 0x3B, 0x3E, 0x00, 0x99, 0x21, 0xE0, 0x2E, 0xB0, 0xA0, 0xF4, 0x3B, 0x3F, 0x00, 0x99, 0x21, 0xE0, 0x2E, 0xB0, 0xA0,
        0xF4, 0x3B, 0x40, 0x00, 0x99, 0x21, 0xE0, 0x2E, 0xB0, 0xA0, 0xF4, 0x3B, 0x41, 0x00, 0x99, 0x21, 0xE0, 0x2E, 0xB0, 0xA0,
        0xF4, 0x3B, 0x42, 0x00, 0x99, 0x21, 0xE0, 0x2E, 0xB0, 0xA0, 0xF4, 0x3B, 0x43, 0x00, 0x99, 0x21, 0xE0, 0x2E, 0xB0, 0xA0,
        0xF4, 0x3B, 0x44, 0x00, 0x99, 0x21, 0xE0, 0x2E, 0xB0, 0xA0, 0xF4, 0x3B, 0x45, 0x00, 0x99, 0x21, 0xE0, 0x2E, 0xB0, 0xA0,
        0xF4, 0x3B, 0x46, 0x00, 0x99, 0x21, 0xE0, 0x2E, 0xB0, 0xA0, 0xF4, 0x3B, 0x47, 0x00, 0x99, 0x21, 0xE0, 0x2E, 0xB0, 0xA0,
        0xF4, 0x3B, 0x48, 0x00, 0x99, 0x21, 0xE0, 0x2E, 0xB0, 0xA0, 0xF4, 0x3B, 0x49, 0x00, 0x99, 0x21, 0xE0, 0x2E, 0xB0, 0xA0,
        0xF4, 0x3B, 0x4A, 0x00, 0x99, 0x21, 0xE0, 0x2E, 0xB0, 0xA0, 0xF4, 0x3B, 0x4B, 0x00, 0x99, 0x21, 0xE0, 0x2E, 0xB0, 0xA0,
        0xF4, 0x3B, 0x4C, 0x00, 0x99, 0x21, 0xE0, 0x2E, 0xB0, 0xA0, 0xF4, 0x3B, 0x4D, 0x00, 0x99, 0x21, 0xE0, 0x2E, 0xB0, 0xA0,
        0xF4, 0x3B, 0x4E, 0x00, 0x99, 0x21, 0xE0, 0x2E, 0xB0, 0xA0, 0xF4, 0x3B, 0x4F, 0x00, 0x99, 0x21, 0xE0, 0x2E, 0xB0, 0xA0,
        0xF4, 0x3B, 0x50, 0x00, 0x99, 0x21, 0xE0, 0x2E, 0xB0, 0xA0, 0xF4, 0x3B, 0x51, 0x00, 0x99, 0x21, 0xE0, 0x2E, 0xB0, 0xA0,
        0xF4, 0x3B, 0x52, 0x00, 0x99, 0x21, 0xE0, 0x2E, 0xB0, 0xA0, 0xF4, 0x3B, 0x53, 0x00, 0x99, 0x21, 0xE0, 0x2E, 0xB0, 0xA0,
        0xF4, 0x3B, 0x54, 0x00, 0x99, 0x21, 0xE0, 0x2E, 0xB0, 0xA0, 0xF4, 0x3B, 0x55, 0x00, 0x99, 0x21, 0xE0, 0x2E, 0xB0, 0xA0,
        0xF4, 0x3B, 0x56, 0x00, 0x99, 0x21, 0xE0, 0x2E, 0xB0, 0xA0, 0xF4, 0x3B, 0x57, 0x00, 0x99, 0x21, 0xE0, 0x2E, 0xB0, 0xA0,
        0xF4, 0x3B, 0x58, 0x00, 0x99, 0x21, 0xE0, 0x2E, 0xB0, 0xA0, 0xF4, 0x3B, 0x59, 0x00, 0x99, 0x21, 0xE0, 0x2E, 0xB0, 0xA0,
        0xF4, 0x3B, 0x5A, 0x00, 0x99, 0x21, 0xE0, 0x2E, 0xB0, 0xA0, 0xF4, 0x3B, 0x5B, 0x00, 0x99, 0x21, 0xE0, 0x2E, 0xB0, 0xA0,
        0xF4, 0x3B, 0x5C, 0x00, 0x99, 0x21, 0xE0, 0x2E, 0xB0, 0xA0, 0xF4, 0x3B, 0x5D, 0x00, 0x99, 0x21, 0xE0, 0x2E, 0xB0, 0xA0,
        0xF4, 0x3B, 0x5E, 0x00, 0x99, 0x21, 0xE0, 0x2E, 0xB0, 0xA0, 0xF4, 0x3B, 0x5F, 0x00, 0x99, 0x21, 0xE0, 0x2E, 0xB0, 0xA0,
        0xF4, 0x3B, 0x60, 0x00, 0x99, 0x21, 0xE0, 0x2E, 0xB0, 0xA0, 0xF4, 0x3B, 0x61, 0x00, 0x99, 0x21, 0xE0, 0x2E, 0xB0, 0xA0,
        0xF4, 0x3B, 0x62, 0x00, 0x99, 0x21, 0xE0, 0x2E, 0xB0, 0xA0, 0xF4, 0x3B, 0x63, 0x00, 0x99, 0x21, 0xE0, 0x2E, 0xB0, 0xA0,
        0xF4, 0x3B, 0x64, 0x00, 0x99, 0x21, 0xE0, 0x2E, 0xB0, 0xA0, 0xF4, 0x3B, 0x02, 0x00, 0x00, 0x00, 0xB4, 0x85, 0x00, 0x00,
        0xC1, 0x8F, 0x64, 0x00, 0xB4, 0x85, 0x00, 0x00, 0xC1, 0x8F, 0x90, 0x23, 0xD1, 0x50, 0x00, 0x00, 0x02, 0x00, 0x00, 0x00,
        0x9C, 0xAA, 0x31, 0x80, 0x22, 0x00, 0xFD, 0x3B, 0x64, 0x00, 0x9C, 0xAA, 0x31, 0x80, 0x22, 0x00, 0xFD, 0x3B, 0x02, 0x00,
        0x00, 0x00, 0x00, 0x80, 0x7A, 0x80, 0x02, 0x80, 0x64, 0x00, 0x00, 0x80, 0x7A, 0x80, 0x02, 0x80, 0x14, 0xB3, 0x40, 0xB4,
        0x00, 0x00, 0x02, 0x00, 0x00, 0x00, 0xEC, 0x93, 0xD6, 0x2C, 0x5A, 0x1A, 0xFA, 0x3B, 0x64, 0x00, 0xEC, 0x93, 0xD6, 0x2C,
        0x5A, 0x1A, 0xFA, 0x3B, 0x00, 0x00, 0xCB, 0xCC, 0x3F, 0xDE, 0x00, 0x00, 0x02, 0x00, 0x00, 0x00, 0x16, 0x17, 0xF4, 0x29,
        0x71, 0x25, 0xFD, 0x3B, 0x64, 0x00, 0x16, 0x17, 0xF4, 0x29, 0x71, 0x25, 0xFD, 0x3B, 0x00, 0x00, 0x34, 0xF4, 0x5D, 0x9B,
        0x00, 0x00, 0x02, 0x00, 0x00, 0x00, 0xB0, 0xAC, 0xEC, 0x35, 0x7C, 0x2B, 0x65, 0x3B, 0x64, 0x00, 0xB0, 0xAC, 0xEC, 0x35,
        0x7C, 0x2B, 0x65, 0x3B, 0x00, 0x00, 0x45, 0x7B, 0xD9, 0x24, 0x00, 0x00, 0x02, 0x00, 0x00, 0x00, 0x14, 0xB0, 0x51, 0x37,
        0x68, 0x27, 0x0A, 0x3B, 0x64, 0x00, 0x14, 0xB0, 0x51, 0x37, 0x68, 0x27, 0x0A, 0x3B, 0x00, 0x00, 0x73, 0x68, 0x81, 0x53,
        0x00, 0x00, 0x02, 0x00, 0x00, 0x00, 0xCD, 0x1A, 0x43, 0x35, 0xFA, 0x21, 0x8E, 0x3B, 0x64, 0x00, 0xCD, 0x1A, 0x43, 0x35,
        0xFA, 0x21, 0x8E, 0x3B, 0x02, 0x00, 0x00, 0x00, 0x4E, 0x00, 0x22, 0x80, 0x0A, 0x00, 0x64, 0x00, 0x4E, 0x00, 0x22, 0x80,
        0x0A, 0x00, 0xCB, 0x19, 0xC4, 0x44, 0x00, 0x00, 0x02, 0x00, 0x00, 0x00, 0x5D, 0x95, 0xEE, 0x34, 0x28, 0x9D, 0x9C, 0x3B,
        0x64, 0x00, 0x5D, 0x95, 0xEE, 0x34, 0x28, 0x9D, 0x9C, 0x3B, 0x02, 0x00, 0x00, 0x00, 0x4B, 0x00, 0x20, 0x00, 0x0A, 0x00,
        0x64, 0x00, 0x4B, 0x00, 0x20, 0x00, 0x0A, 0x00, 0xF5, 0x6C, 0x40, 0x51, 0x00, 0x00, 0x02, 0x00, 0x00, 0x00, 0x93, 0x32,
        0xB9, 0x35, 0xF8, 0x28, 0x48, 0x3B, 0x64, 0x00, 0x93, 0x32, 0xB9, 0x35, 0xF8, 0x28, 0x48, 0x3B, 0x00, 0x00, 0x7B, 0x30,
        0x4E, 0xFD, 0x00, 0x00, 0x02, 0x00, 0x00, 0x00, 0xE4, 0x27, 0x03, 0x85, 0x78, 0x00, 0xFF, 0x3B, 0x64, 0x00, 0xE4, 0x27,
        0x03, 0x85, 0x78, 0x00, 0xFF, 0x3B, 0x02, 0x00, 0x00, 0x00, 0x6C, 0x9F, 0xFF, 0xA1, 0x42, 0x8E, 0x64, 0x00, 0x6C, 0x9F,
        0xFF, 0xA1, 0x42, 0x8E, 0x4F, 0x1C, 0xB8, 0x2F, 0x00, 0x00, 0x02, 0x00, 0x00, 0x00, 0xB2, 0xAE, 0xBB, 0x31, 0x37, 0xAF,
        0xC6, 0x3B, 0x64, 0x00, 0xB2, 0xAE, 0xBB, 0x31, 0x37, 0xAF, 0xC6, 0x3B, 0x00, 0x00, 0x24, 0xF7, 0x51, 0xC4, 0x00, 0x00,
        0x02, 0x00, 0x00, 0x00, 0xFD, 0x3B, 0x33, 0x28, 0xB4, 0x28, 0x7C, 0xA3, 0x64, 0x00, 0xFD, 0x3B, 0x33, 0x28, 0xB4, 0x28,
        0x7C, 0xA3, 0x02, 0x00, 0x00, 0x00, 0x5B, 0x2B, 0xBA, 0x23, 0x3E, 0x9A, 0x64, 0x00, 0x5B, 0x2B, 0xBA, 0x23, 0x3E, 0x9A,
        0x34, 0x44, 0xCF, 0xFF, 0x00, 0x00, 0x02, 0x00, 0x00, 0x00, 0x2C, 0xAA, 0x2C, 0xB7, 0x9D, 0x2A, 0x21, 0x3B, 0x64, 0x00,
        0x2C, 0xAA, 0x2C, 0xB7, 0x9D, 0x2A, 0x21, 0x3B, 0x00, 0x00, 0x5D, 0x4D, 0x7A, 0xCD, 0x00, 0x00, 0x02, 0x00, 0x00, 0x00,
        0xF0, 0xAC, 0x30, 0xB7, 0x2B, 0x2B, 0x1B, 0x3B, 0x64, 0x00, 0xF0, 0xAC, 0x30, 0xB7, 0x2B, 0x2B, 0x1B, 0x3B, 0x00, 0x00,
        0x2B, 0xC2, 0x80, 0xD7, 0x00, 0x00, 0x02, 0x00, 0x00, 0x00, 0x3A, 0x2C, 0x15, 0xB8, 0x16, 0x18, 0xDC, 0x3A, 0x64, 0x00,
        0x3A, 0x2C, 0x15, 0xB8, 0x16, 0x18, 0xDC, 0x3A, 0x02, 0x00, 0x00, 0x00, 0xC4, 0x80, 0x00, 0x00, 0x21, 0x00, 0x64, 0x00,
        0xC4, 0x80, 0x00, 0x00, 0x21, 0x00, 0x77, 0x56, 0x43, 0xFF, 0x00, 0x00, 0x02, 0x00, 0x00, 0x00, 0x65, 0x2E, 0xCC, 0xB6,
        0x9D, 0x28, 0x31, 0x3B, 0x64, 0x00, 0x65, 0x2E, 0xCC, 0xB6, 0x9D, 0x28, 0x31, 0x3B, 0x02, 0x00, 0x00, 0x00, 0xAE, 0x80,
        0x0B, 0x80, 0x15, 0x00, 0x64, 0x00, 0xAE, 0x80, 0x0B, 0x80, 0x15, 0x00, 0xA5, 0xFF, 0x33, 0xF1, 0x00, 0x00, 0x02, 0x00,
        0x00, 0x00, 0x06, 0x29, 0xCD, 0x2A, 0x18, 0xA1, 0xFB, 0x3B, 0x64, 0x00, 0x06, 0x29, 0xCD, 0x2A, 0x18, 0xA1, 0xFB, 0x3B,
        0x00, 0x00, 0x60, 0x60, 0xA3, 0xB1, 0x00, 0x00, 0x02, 0x00, 0x00, 0x00, 0x29, 0xA7, 0x08, 0xAA, 0x8D, 0x3B, 0x39, 0xB5,
        0x64, 0x00, 0x29, 0xA7, 0x08, 0xAA, 0x8D, 0x3B, 0x39, 0xB5, 0x02, 0x00, 0x00, 0x00, 0x5B, 0x2B, 0xBA, 0x23, 0x40, 0x1A,
        0x64, 0x00, 0x5B, 0x2B, 0xBA, 0x23, 0x40, 0x1A, 0x66, 0xB0, 0x98, 0x55, 0x00, 0x00, 0x02, 0x00, 0x00, 0x00, 0xD8, 0x22,
        0x6C, 0xB5, 0x8D, 0xAB, 0x83, 0x3B, 0x64, 0x00, 0xD8, 0x22, 0x6C, 0xB5, 0x8D, 0xAB, 0x83, 0x3B, 0x00, 0x00, 0x7E, 0x07,
        0xF9, 0x49, 0x00, 0x00, 0x02, 0x00, 0x00, 0x00, 0x76, 0x2C, 0xD0, 0xB5, 0x3C, 0x22, 0x6F, 0x3B, 0x64, 0x00, 0x76, 0x2C,
        0xD0, 0xB5, 0x3C, 0x22, 0x6F, 0x3B, 0x00, 0x00, 0x73, 0x35, 0x09, 0x5B, 0x00, 0x00, 0x02, 0x00, 0x00, 0x00, 0x53, 0xAE,
        0xF6, 0xB6, 0x57, 0x29, 0x27, 0x3B, 0x64, 0x00, 0x53, 0xAE, 0xF6, 0xB6, 0x57, 0x29, 0x27, 0x3B, 0x02, 0x00, 0x00, 0x00,
        0xC6, 0x80, 0x03, 0x80, 0x22, 0x00, 0x64, 0x00, 0xC6, 0x80, 0x03, 0x80, 0x22, 0x00, 0xD1, 0xAA, 0x4F, 0x2C, 0x00, 0x00,
        0x02, 0x00, 0x00, 0x00, 0x32, 0xB0, 0xBD, 0xB5, 0x74, 0x2E, 0x5A, 0x3B, 0x64, 0x00, 0x32, 0xB0, 0xBD, 0xB5, 0x74, 0x2E,
        0x5A, 0x3B, 0x02, 0x00, 0x00, 0x00, 0xAF, 0x80, 0x08, 0x00, 0x15, 0x00, 0x64, 0x00, 0xAF, 0x80, 0x08, 0x00, 0x15, 0x00,
        0x94, 0x77, 0x0F, 0xE8, 0x00, 0x00, 0x02, 0x00, 0x00, 0x00, 0x03, 0x23, 0x61, 0x2D, 0xC4, 0x27, 0xF8, 0x3B, 0x64, 0x00,
        0x03, 0x23, 0x61, 0x2D, 0xC4, 0x27, 0xF8, 0x3B, 0x00, 0x00, 0x89, 0x7C, 0x4D, 0x2C, 0x00, 0x00, 0x02, 0x00, 0x00, 0x00,
        0x6E, 0x1D, 0x40, 0xB0, 0x85, 0xA0, 0xEE, 0x3B, 0x64, 0x00, 0x6E, 0x1D, 0x40, 0xB0, 0x85, 0xA0, 0xEE, 0x3B, 0x00, 0x00,
        0xBC, 0xD7, 0x9B, 0x85, 0x00, 0x00, 0x02, 0x00, 0x00, 0x00, 0x70, 0x81, 0xF5, 0xB5, 0x6B, 0x00, 0x6D, 0x3B, 0x64, 0x00,
        0x70, 0x81, 0xF5, 0xB5, 0x6B, 0x00, 0x6D, 0x3B, 0x00, 0x00, 0xD1, 0x24, 0x43, 0x3D, 0x00, 0x00, 0x02, 0x00, 0x00, 0x00,
        0xEA, 0x00, 0xF7, 0xB7, 0xCD, 0x00, 0xF0, 0x3A, 0x64, 0x00, 0xEA, 0x00, 0xF7, 0xB7, 0xCD, 0x00, 0xF0, 0x3A, 0x00, 0x00,
        0xE4, 0xBB, 0xF3, 0xE5, 0x00, 0x00, 0x02, 0x00, 0x00, 0x00, 0x44, 0x80, 0xC1, 0xB8, 0x46, 0x00, 0x6F, 0x3A, 0x64, 0x00,
        0x44, 0x80, 0xC1, 0xB8, 0x46, 0x00, 0x6F, 0x3A, 0x00, 0x00, 0x86, 0x6C, 0x11, 0x66, 0x00, 0x00, 0x02, 0x00, 0x00, 0x00,
        0x4A, 0x80, 0xEF, 0xB2, 0x52, 0x00, 0xCF, 0x3B, 0x64, 0x00, 0x4A, 0x80, 0xEF, 0xB2, 0x52, 0x00, 0xCF, 0x3B, 0x00, 0x00,
        0xCC, 0x12, 0xD0, 0x40, 0x00, 0x00, 0x02, 0x00, 0x00, 0x00, 0xCE, 0xA0, 0xD4, 0xAF, 0xE6, 0xA6, 0xF0, 0x3B, 0x64, 0x00,
        0xCE, 0xA0, 0xD4, 0xAF, 0xE6, 0xA6, 0xF0, 0x3B, 0x00, 0x00, 0xBB, 0x42, 0x77, 0x79, 0x00, 0x00, 0x02, 0x00, 0x00, 0x00,
        0x66, 0x27, 0x6F, 0xB5, 0x5F, 0xA7, 0x84, 0x3B, 0x64, 0x00, 0x66, 0x27, 0x6F, 0xB5, 0x5F, 0xA7, 0x84, 0x3B, 0x00, 0x00,
        0x7D, 0x97, 0xFF, 0x62, 0x00, 0x00, 0x02, 0x00, 0x00, 0x00, 0x30, 0x12, 0x95, 0xB6, 0x50, 0x24, 0x4A, 0x3B, 0x64, 0x00,
        0x30, 0x12, 0x95, 0xB6, 0x50, 0x24, 0x4A, 0x3B, 0x00, 0x00, 0x5C, 0xBD, 0x12, 0xC5, 0x00, 0x00, 0x02, 0x00, 0x00, 0x00,
        0xFA, 0x25, 0x18, 0xB7, 0xCA, 0x29, 0x29, 0x3B, 0x64, 0x00, 0xFA, 0x25, 0x18, 0xB7, 0xCA, 0x29, 0x29, 0x3B, 0x00, 0x00,
        0xF6, 0x92, 0xB5, 0xD9, 0x00, 0x00, 0x02, 0x00, 0x00, 0x00, 0xDB, 0xA1, 0xF3, 0xAC, 0x10, 0x22, 0xFA, 0x3B, 0x64, 0x00,
        0xDB, 0xA1, 0xF3, 0xAC, 0x10, 0x22, 0xFA, 0x3B, 0x00, 0x00, 0xE7, 0xE6, 0x83, 0xBC, 0x00, 0x00, 0x02, 0x00, 0x00, 0x00,
        0x10, 0x00, 0xB9, 0xB4, 0x15, 0x00, 0xA5, 0x3B, 0x64, 0x00, 0x10, 0x00, 0xB9, 0xB4, 0x15, 0x00, 0xA5, 0x3B, 0x00, 0x00,
        0x7F, 0x12, 0xA9, 0x74, 0x00, 0x00, 0x02, 0x00, 0x00, 0x00, 0x15, 0x00, 0xBC, 0xB4, 0x4D, 0x80, 0xA4, 0x3B, 0x64, 0x00,
        0x15, 0x00, 0xBC, 0xB4, 0x4D, 0x80, 0xA4, 0x3B, 0x00, 0x00, 0xDB, 0xAB, 0x54, 0xCC, 0x00, 0x00, 0x02, 0x00, 0x00, 0x00,
        0x05, 0x80, 0x69, 0xB2, 0x07, 0x80, 0xD6, 0x3B, 0x64, 0x00, 0x05, 0x80, 0x69, 0xB2, 0x07, 0x80, 0xD6, 0x3B, 0x00, 0x00,
        0xBC, 0x59, 0x67, 0xEF, 0x00, 0x00, 0x02, 0x00, 0x00, 0x00, 0x02, 0x00, 0xD1, 0xB3, 0x02, 0x00, 0xC2, 0x3B, 0x64, 0x00,
        0x02, 0x00, 0xD1, 0xB3, 0x02, 0x00, 0xC2, 0x3B, 0x00, 0x00, 0x25, 0x2A, 0xD9, 0x7B, 0x00, 0x00, 0x02, 0x00, 0x00, 0x00,
        0x01, 0x80, 0x74, 0xB3, 0x04, 0x00, 0xC8, 0x3B, 0x64, 0x00, 0x01, 0x80, 0x74, 0xB3, 0x04, 0x00, 0xC8, 0x3B, 0x00, 0x00,
        0x4F, 0x31, 0xD5, 0x6A, 0x00, 0x00, 0x02, 0x00, 0x00, 0x00, 0x59, 0x23, 0x35, 0xB2, 0x75, 0xA7, 0xD8, 0x3B, 0x64, 0x00,
        0x59, 0x23, 0x35, 0xB2, 0x75, 0xA7, 0xD8, 0x3B, 0x00, 0x00, 0x3B, 0xFD, 0x3F, 0xAA, 0x00, 0x00, 0x02, 0x00, 0x00, 0x00,
        0x5A, 0xA9, 0x2D, 0xAE, 0xA3, 0x28, 0xF3, 0x3B, 0x64, 0x00, 0x5A, 0xA9, 0x2D, 0xAE, 0xA3, 0x28, 0xF3, 0x3B, 0x00, 0x00,
        0x54, 0x94, 0x79, 0x0C, 0x00, 0x00, 0x02, 0x00, 0x00, 0x00, 0xC7, 0x2A, 0x9F, 0xAF, 0xCB, 0xA3, 0xEE, 0x3B, 0x64, 0x00,
        0xC7, 0x2A, 0x9F, 0xAF, 0xCB, 0xA3, 0xEE, 0x3B, 0x00, 0x00, 0x0D, 0x9F, 0x1A, 0x93, 0x00, 0x00, 0x02, 0x00, 0x00, 0x00,
        0x84, 0xA5, 0x6D, 0xB3, 0x10, 0x1D, 0xC8, 0x3B, 0x64, 0x00, 0x84, 0xA5, 0x6D, 0xB3, 0x10, 0x1D, 0xC8, 0x3B, 0x00, 0x00,
        0xD5, 0xE3, 0xDC, 0x21, 0x00, 0x00, 0x02, 0x00, 0x00, 0x00, 0xAE, 0xA0, 0xBE, 0xB1, 0xE9, 0x24, 0xDE, 0x3B, 0x64, 0x00,
        0xAE, 0xA0, 0xBE, 0xB1, 0xE9, 0x24, 0xDE, 0x3B, 0x00, 0x00, 0x15, 0xF1, 0x6F, 0x52, 0x00, 0x00, 0x00, 0x00, 0x02, 0x00,
        0x00, 0x00, 0xAE, 0xA0, 0xA7, 0x67, 0x80, 0x29, 0x55, 0xA8, 0x06, 0x17, 0x8C, 0x7E, 0x4E, 0x30, 0x64, 0x00, 0xAE, 0xA0,
        0xA7, 0x67, 0x80, 0x29, 0x55, 0xA8, 0x06, 0x17, 0x8C, 0x7E, 0x4E, 0x30, 0xB8, 0xE7, 0x9A, 0xE1, 0x00, 0x00, 0x02, 0x00,
        0x00, 0x00, 0x02, 0x80, 0x13, 0x00, 0x86, 0x30, 0xEB, 0x3B, 0x64, 0x00, 0x02, 0x80, 0x13, 0x00, 0x86, 0x30, 0xEB, 0x3B,
        0x02, 0x00, 0x00, 0x00, 0x03, 0x80, 0x5F, 0x24, 0x4F, 0x3C, 0xBB, 0x45, 0x60, 0xBF, 0x87, 0xD4, 0x0B, 0xB3, 0x64, 0x00,
        0x03, 0x80, 0x5F, 0x24, 0x4F, 0x3C, 0xBB, 0x45, 0x60, 0xBF, 0x87, 0xD4, 0x0B, 0xB3, 0xB0, 0x4D, 0xDA, 0xDC, 0x00, 0x00,
        0x00, 0x00, 0x02, 0x00, 0x00, 0x00, 0x03, 0x80, 0x88, 0x60, 0x34, 0x35, 0xF4, 0x35, 0xAD, 0xBF, 0x5E, 0x29, 0xC6, 0xBE,
        0x64, 0x00, 0x03, 0x80, 0x88, 0x60, 0x34, 0x35, 0xF4, 0x35, 0xAD, 0xBF, 0x5E, 0x29, 0xC6, 0xBE, 0xC4, 0x3F, 0xC6, 0xA6,
        0x00, 0x00, 0x00, 0x00, 0x02, 0x00, 0x00, 0x00, 0x03, 0x80, 0x3B, 0xB2, 0x33, 0x35, 0xF4, 0x35, 0xAD, 0xBF, 0x5E, 0x29,
        0xC6, 0xBE, 0x64, 0x00, 0x03, 0x80, 0x3B, 0xB2, 0x33, 0x35, 0xF4, 0x35, 0xAD, 0xBF, 0x5E, 0x29, 0xC6, 0xBE, 0x86, 0xA8,
        0x1D, 0x7E, 0x00, 0x00, 0x00, 0x00, 0x02, 0x00, 0x00, 0x00, 0x03, 0x80, 0x4A, 0x99, 0x13, 0x35, 0xF4, 0x35, 0xAD, 0xBF,
        0x5E, 0x29, 0xC6, 0xBE, 0x64, 0x00, 0x03, 0x80, 0x4A, 0x99, 0x13, 0x35, 0xF4, 0x35, 0xAD, 0xBF, 0x5E, 0x29, 0xC6, 0xBE,
        0x9A, 0x2B, 0x9A, 0xD6, 0x00, 0x00, 0x00, 0x00, 0x02, 0x00, 0x00, 0x00, 0x03, 0x80, 0x15, 0x6C, 0x08, 0x35, 0xF4, 0x35,
        0xAD, 0xBF, 0x5E, 0x29, 0xC6, 0xBE, 0x64, 0x00, 0x03, 0x80, 0x15, 0x6C, 0x08, 0x35, 0xF4, 0x35, 0xAD, 0xBF, 0x5E, 0x29,
        0xC6, 0xBE,
    };
    inline constexpr uint8_t kLeanWalkLod[] = {
        0x50, 0x41, 0x52, 0x20, 0x02, 0x03, 0x00, 0x01, 0x02, 0x03, 0x04, 0x05, 0x06, 0x07, 0x08, 0x09, 0x9F, 0x01, 0x00, 0x00,
        0xFC, 0x34, 0x0E, 0x96, 0x00, 0x00, 0x80, 0x3F, 0x00, 0x00, 0x80, 0x3F, 0x00, 0x00, 0x80, 0x3F, 0x1F, 0x00, 0x00, 0xB0,
        0xF1, 0xE2, 0x35, 0xB4, 0xE6, 0xEF, 0x7F, 0xB4, 0x00, 0x00, 0x80, 0x3F, 0x17, 0xA9, 0x1F, 0xB3, 0xF4, 0x35, 0xAD, 0x3F,
        0x5E, 0x29, 0xC6, 0x3E, 0x00, 0x00, 0x80, 0x3F, 0x00, 0x00, 0x80, 0x3F, 0x00, 0x00, 0x80, 0x3F, 0x1F, 0x00, 0x00, 0xB0,
        0xF1, 0xE2, 0x35, 0xB4, 0xE6, 0xEF, 0x7F, 0xB4, 0x00, 0x00, 0x80, 0x3F, 0xF0, 0xC3, 0x23, 0xB3, 0xFC, 0xA9, 0xB1, 0x3F,
        0x9E, 0x41, 0xCB, 0x3E, 0x71, 0xE5, 0x78, 0x3F, 0x55, 0x55, 0x55, 0x40, 0x05, 0x00, 0x00, 0x00, 0x1F, 0x00, 0x06, 0x00,
        0x00, 0x00, 0x00, 0x00, 0x32, 0x02, 0x00, 0x00, 0xF3, 0x58, 0x16, 0x21, 0x00, 0x02, 0x00, 0x0F, 0xD6, 0xFA, 0x2E, 0x11,
        0x0F, 0xD6, 0xFA, 0x2E, 0x02, 0x00, 0xF3, 0x05, 0x0A, 0x11, 0xF3, 0x05, 0x0A, 0x45, 0x7B, 0xD9, 0x24, 0x00, 0x02, 0x00,
        0xF8, 0x1D, 0x02, 0x38, 0x11, 0xF8, 0x1D, 0x02, 0x38, 0x00, 0x24, 0xC1, 0x83, 0x25, 0x00, 0x02, 0x00, 0x00, 0x00, 0x00,
        0x40, 0x11, 0x00, 0x00, 0x00, 0x40, 0x00, 0x4F, 0x1C, 0xB8, 0x2F, 0x00, 0x02, 0x00, 0xF9, 0x0B, 0xF9, 0x3E, 0x11, 0xF9,
        0x0B, 0xF9, 0x3E, 0x00, 0x38, 0xB9, 0x77, 0x37, 0x00, 0x02, 0x00, 0x00, 0x00, 0x00, 0x40, 0x11, 0x00, 0x00, 0x00, 0x40,
        0x02, 0x00, 0xFE, 0x00, 0x00, 0x11, 0xFE, 0x00, 0x00, 0x3A, 0x9A, 0x73, 0x3C, 0x00, 0x02, 0x00, 0x00, 0x00, 0x00, 0x40,
        0x11, 0x00, 0x00, 0x00, 0x40, 0x02, 0x00, 0x00, 0x00, 0x00, 0x11, 0x00, 0x00, 0x00, 0xCB, 0x19, 0xC4, 0x44, 0x00, 0x02,
        0x00, 0x00, 0x14, 0x00, 0x3D, 0x11, 0x00, 0x14, 0x00, 0x3D, 0x02, 0x00, 0x00, 0x00, 0x00, 0x11, 0x00, 0x00, 0x00, 0x90,
        0x23, 0xD1, 0x50, 0x00, 0x02, 0x00, 0xFD, 0x00, 0x00, 0x40, 0x11, 0xFD, 0x00, 0x00, 0x40, 0x02, 0x00, 0x00, 0x00, 0x00,
        0x11, 0x00, 0x00, 0x00, 0xF5, 0x6C, 0x40, 0x51, 0x00, 0x02, 0x00, 0x0D, 0x17, 0x02, 0x3A, 0x11, 0x0D, 0x17, 0x02, 0x3A,
        0x00, 0x73, 0x68, 0x81, 0x53, 0x00, 0x02, 0x00, 0x00, 0x15, 0x01, 0x3C, 0x11, 0x00, 0x15, 0x01, 0x3C, 0x02, 0x00, 0x00,
        0x00, 0x00, 0x11, 0x00, 0x00, 0x00, 0x02, 0x4D, 0x31, 0x59, 0x00, 0x02, 0x00, 0x00, 0x2E, 0x00, 0x2D, 0x11, 0x00, 0x2E,
        0x00, 0x2D, 0x00, 0x6F, 0x4D, 0x66, 0x67, 0x00, 0x02, 0x00, 0x00, 0x00, 0x00, 0x40, 0x11, 0x00, 0x00, 0x00, 0x40, 0x00,
        0x34, 0xF4, 0x5D, 0x9B, 0x00, 0x02, 0x00, 0xFB, 0x18, 0x04, 0x3B, 0x11, 0xFB, 0x18, 0x04, 0x3B, 0x00, 0x8E, 0x28, 0x3A,
        0xA2, 0x00, 0x02, 0x00, 0x01, 0x07, 0xFF, 0x40, 0x11, 0x01, 0x07, 0xFF, 0x40, 0x02, 0x00, 0x00, 0x00, 0x00, 0x11, 0x00,
        0x00, 0x00, 0x77, 0x26, 0x80, 0xAB, 0x00, 0x02, 0x00, 0x00, 0x34, 0x00, 0x26, 0x11, 0x00, 0x34, 0x00, 0x26, 0x00, 0x60,
        0x60, 0xA3, 0xB1, 0x00, 0x02, 0x00, 0xFE, 0xFD, 0x3C, 0xEB, 0x11, 0xFE, 0xFD, 0x3C, 0xEB, 0x02, 0x00, 0x02, 0x00, 0x00,
        0x11, 0x02, 0x00, 0x00, 0x14, 0xB3, 0x40, 0xB4, 0x00, 0x02, 0x00, 0x00, 0x05, 0x00, 0x40, 0x11, 0x00, 0x05, 0x00, 0x40,
        0x00, 0x37, 0x13, 0x1D, 0xBC, 0x00, 0x02, 0x00, 0xFC, 0xEF, 0xFA, 0x3D, 0x11, 0xFC, 0xEF, 0xFA, 0x3D, 0x00, 0x04, 0x5A,
        0x35, 0xBF, 0x00, 0x02, 0x00, 0x00, 0x00, 0x00, 0x40, 0x11, 0x00, 0x00, 0x00, 0x40, 0x02, 0x00, 0x00, 0x00, 0x00, 0x11,
        0x00, 0x00, 0x00, 0x24, 0xF7, 0x51, 0xC4, 0x00, 0x02, 0x00, 0x40, 0x02, 0x02, 0xFF, 0x11, 0x40, 0x02, 0x02, 0xFF, 0x02,
        0x00, 0x02, 0x00, 0x00, 0x11, 0x02, 0x00, 0x00, 0x0D, 0x91, 0xFA, 0xCC, 0x00, 0x02, 0x00, 0xFE, 0xF7, 0x00, 0x3F, 0x11,
        0xFE, 0xF7, 0x00, 0x3F, 0x02, 0x00, 0x00, 0x00, 0x00, 0x11, 0x00, 0x00, 0x00, 0x09, 0x91, 0x7D, 0xD1, 0x00, 0x02, 0x00,
        0x08, 0xEF, 0x09, 0x3D, 0x11, 0x08, 0xEF, 0x09, 0x3D, 0x00, 0xC9, 0x0A, 0xE9, 0xD2, 0x00, 0x02, 0x00, 0x00, 0xFC, 0x00,
        0x40, 0x11, 0x00, 0xFC, 0x00, 0x40, 0x02, 0x00, 0x00, 0x00, 0x00, 0x11, 0x00, 0x00, 0x00, 0xFA, 0xE9, 0x39, 0xD4, 0x00,
        0x02, 0x00, 0x01, 0x07, 0x00, 0x40, 0x11, 0x01, 0x07, 0x00, 0x40, 0x02, 0x00, 0x00, 0x00, 0x00, 0x11, 0x00, 0x00, 0x00,
        0x66, 0x9D, 0xAB, 0xD9, 0x00, 0x02, 0x00, 0x00, 0xED, 0xFF, 0x3D, 0x11, 0x00, 0xED, 0xFF, 0x3D, 0x02, 0x00, 0x00, 0x00,
        0x00, 0x11, 0x00, 0x00, 0x00, 0xF3, 0x07, 0x9C, 0xDD, 0x00, 0x02, 0x00, 0x00, 0x0A, 0x02, 0x3F, 0x11, 0x00, 0x0A, 0x02,
        0x3F, 0x00, 0xCB, 0xCC, 0x3F, 0xDE, 0x00, 0x02, 0x00, 0x00, 0x03, 0x01, 0x40, 0x11, 0x00, 0x03, 0x01, 0x40, 0x00, 0x7C,
        0x78, 0xA5, 0xF4, 0x00, 0x02, 0x00, 0xFD, 0xFE, 0xF8, 0x3F, 0x11, 0xFD, 0xFE, 0xF8, 0x3F, 0x00, 0xD4, 0x62, 0x52, 0xF6,
        0x00, 0x02, 0x00, 0x00, 0x00, 0x00, 0x40, 0x11, 0x00, 0x00, 0x00, 0x40, 0x02, 0x00, 0x00, 0x00, 0x00, 0x11, 0x00, 0x00,
        0x00, 0xC6, 0x58, 0x95, 0xF7, 0x00, 0x02, 0x00, 0x00, 0x00, 0x00, 0x40, 0x11, 0x00, 0x00, 0x00, 0x40, 0x02, 0x00, 0x00,
        0x00, 0x00, 0x11, 0x00, 0x00, 0x00, 0x7B, 0x30, 0x4E, 0xFD, 0x00, 0x02, 0x00, 0x02, 0x00, 0x00, 0x40, 0x11, 0x02, 0x00,
        0x00, 0x40, 0x02, 0x00, 0x00, 0x00, 0x00, 0x11, 0x00, 0x00, 0x00, 0x15, 0xF1, 0x6F, 0x52, 0x00, 0x00, 0x00, 0x00, 0x02,
        0x00, 0x00, 0x00, 0x00, 0x00, 0x00, 0x00, 0x00, 0x00, 0x64, 0x00, 0x00, 0x00, 0x00, 0x00, 0x00, 0x00, 0x86, 0xA8, 0x1D,
        0x7E, 0x00, 0x00, 0x00, 0x00, 0x02, 0x00, 0x00, 0x00, 0x09, 0x00, 0x6A, 0xBD, 0x31, 0xB6, 0x64, 0x00, 0x09, 0x00, 0x6A,
        0xBD, 0x31, 0xB6, 0xC4, 0x3F, 0xC6, 0xA6, 0x00, 0x00, 0x00, 0x00, 0x02, 0x00, 0x00, 0x00, 0x0B, 0x00, 0x6A, 0xBD, 0x31,
        0xB6, 0x64, 0x00, 0x0B, 0x00, 0x6A, 0xBD, 0x31, 0xB6, 0x9A, 0x2B, 0x9A, 0xD6, 0x00, 0x00, 0x00, 0x00, 0x02, 0x00, 0x00,
        0x00, 0x09, 0x00, 0x6A, 0xBD, 0x31, 0xB6, 0x64, 0x00, 0x09, 0x00, 0x6A, 0xBD, 0x31, 0xB6, 0xB0, 0x4D, 0xDA, 0xDC, 0x00,
        0x00, 0x00, 0x00, 0x02, 0x00, 0x00, 0x00, 0x0B, 0x00, 0x6A, 0xBD, 0x31, 0xB6, 0x64, 0x00, 0x0B, 0x00, 0x6A, 0xBD, 0x31,
        0xB6, 0xB8, 0xE7, 0x9A, 0xE1, 0x00, 0x00, 0x02, 0x00, 0x00, 0x00, 0x02, 0x80, 0x13, 0x00, 0x86, 0x30, 0xEB, 0x3B, 0x64,
        0x00, 0x02, 0x80, 0x13, 0x00, 0x86, 0x30, 0xEB, 0x3B, 0x02, 0x00, 0x00, 0x00, 0x79, 0x22, 0x02, 0xBB, 0x01, 0x80, 0x64,
        0x00, 0x79, 0x22, 0x02, 0xBB, 0x01, 0x80,
    };
    inline constexpr uint8_t kLeanWalkfastClip[] = {
        0x50, 0x41, 0x52, 0x20, 0x02, 0x03, 0x00, 0x01, 0x02, 0x03, 0x04, 0x05, 0x06, 0x07, 0x08, 0x09, 0x0F, 0x00, 0x00, 0xC0,
        0x12, 0x00, 0xEB, 0x82, 0xA8, 0xEC, 0x9E, 0x90, 0x3B, 0xEB, 0xB9, 0x97, 0xEC, 0x9E, 0x90, 0xEB, 0xA3, 0xA8, 0x3B, 0x00,
        0x00, 0x00, 0x80, 0x3F, 0x00, 0x00, 0x80, 0x3F, 0x00, 0x00, 0x80, 0x3F, 0x1F, 0x00, 0x00, 0xB0, 0xF1, 0xE2, 0x35, 0xB4,
        0xE6, 0xEF, 0x7F, 0xB4, 0x00, 0x00, 0x80, 0x3F, 0x17, 0xA9, 0x1F, 0xB3, 0xF4, 0x35, 0xAD, 0x3F, 0x5E, 0x29, 0xC6, 0x3E,
        0x00, 0x00, 0x80, 0x3F, 0x00, 0x00, 0x80, 0x3F, 0x00, 0x00, 0x80, 0x3F, 0x1F, 0x00, 0x00, 0xB0, 0xF1, 0xE2, 0x35, 0xB4,
        0xE6, 0xEF, 0x7F, 0xB4, 0x00, 0x00, 0x80, 0x3F, 0xF0, 0xC3, 0x23, 0xB3, 0xFC, 0xA9, 0xB1, 0x3F, 0x9E, 0x41, 0xCB, 0x3E,
        0x71, 0xE5, 0x78, 0x3F, 0x55, 0x55, 0x55, 0x40, 0x44, 0x00, 0x06, 0x00, 0xFA, 0x1A, 0x00, 0x00, 0x6C, 0x14, 0xBB, 0x50,
        0x00, 0x00, 0x02, 0x00, 0x00, 0x00, 0x86, 0xB0, 0x0E, 0x80, 0x03, 0x80, 0xEB, 0x3B, 0x64, 0x00, 0x86, 0xB0, 0x0E, 0x80,
        0x03, 0x80, 0xEB, 0x3B, 0x02, 0x00, 0x00, 0x00, 0x06, 0x80, 0xB8, 0x34, 0x51, 0x32, 0x64, 0x00, 0x06, 0x80, 0xB8, 0x34,
        0x51, 0x32, 0x3A, 0x9A, 0x73, 0x3C, 0x00, 0x00, 0x02, 0x00, 0x00, 0x00, 0x40, 0x80, 0xE9, 0x80, 0x0E, 0x80, 0x00, 0x3C,
        0x64, 0x00, 0x40, 0x80, 0xE9, 0x80, 0x0E, 0x80, 0x00, 0x3C, 0x02, 0x00, 0x00, 0x00, 0x02, 0x00, 0x00, 0x01, 0x00, 0x80,
        0x64, 0x00, 0x02, 0x00, 0x00, 0x01, 0x00, 0x80, 0x38, 0xB9, 0x77, 0x37, 0x00, 0x00, 0x02, 0x00, 0x00, 0x00, 0x56, 0x00,
        0xB8, 0x80, 0x1C, 0x80, 0x00, 0x3C, 0x64, 0x00, 0x56, 0x00, 0xB8, 0x80, 0x1C, 0x80, 0x00, 0x3C, 0x02, 0x00, 0x00, 0x00,
        0x82, 0xAB, 0xA7, 0xA3, 0x7C, 0x1A, 0x64, 0x00, 0x82, 0xAB, 0xA7, 0xA3, 0x7C, 0x1A, 0x04, 0x5A, 0x35, 0xBF, 0x00, 0x00,
        0x02, 0x00, 0x00, 0x00, 0x31, 0x80, 0xE5, 0x00, 0x0E, 0x80, 0x00, 0x3C, 0x64, 0x00, 0x31, 0x80, 0xE5, 0x00, 0x0E, 0x80,
        0x00, 0x3C, 0x02, 0x00, 0x00, 0x00, 0xDA, 0x1C, 0x0A, 0x80, 0x63, 0x11, 0x64, 0x00, 0xDA, 0x1C, 0x0A, 0x80, 0x63, 0x11,
        0x0D, 0x91, 0xFA, 0xCC, 0x00, 0x00, 0x65, 0x00, 0x00, 0x00, 0x35, 0xA7, 0xFA, 0xB0, 0x85, 0x19, 0xE6, 0x3B, 0x01, 0x00,
        0x35, 0xA7, 0xFA, 0xB0, 0x85, 0x19, 0xE6, 0x3B, 0x02, 0x00, 0x35, 0xA7, 0xFA, 0xB0, 0x85, 0x19, 0xE6, 0x3B, 0x03, 0x00,
        0x35, 0xA7, 0xFA, 0xB0, 0x85, 0x19, 0xE6, 0x3B, 0x04, 0x00, 0x35, 0xA7, 0xFA, 0xB0, 0x85, 0x19, 0xE6, 0x3B, 0x05, 0x00,
        0x35, 0xA7, 0xFA, 0xB0, 0x85, 0x19, 0xE6, 0x3B, 0x06, 0x00, 0x35, 0xA7, 0xFA, 0xB0, 0x85, 0x19, 0xE6, 0x3B, 0x07, 0x00,
        0x35, 0xA7, 0xFA, 0xB0, 0x85, 0x19, 0xE6, 0x3B, 0x08, 0x00, 0x35, 0xA7, 0xFA, 0xB0, 0x85, 0x19, 0xE6, 0x3B, 0x09, 0x00,
        0x35, 0xA7, 0xFA, 0xB0, 0x85, 0x19, 0xE6, 0x3B, 0x0A, 0x00, 0x35, 0xA7, 0xFA, 0xB0, 0x85, 0x19, 0xE6, 0x3B, 0x0B, 0x00,
        0x35, 0xA7, 0xFA, 0xB0, 0x85, 0x19, 0xE6, 0x3B, 0x0C, 0x00, 0x35, 0xA7, 0xFA, 0xB0, 0x85, 0x19, 0xE6, 0x3B, 0x0D, 0x00,
        0x35, 0xA7, 0xFA, 0xB0, 0x85, 0x19, 0xE6, 0x3B, 0x0E, 0x00, 0x35, 0xA7, 0xFA, 0xB0, 0x85, 0x19, 0xE6, 0x3B, 0x0F, 0x00,
        0x35, 0xA7, 0xFA, 0xB0, 0x85, 0x19, 0xE6, 0x3B, 0x10, 0x00, 0x35, 0xA7, 0xFA, 0xB0, 0x85, 0x19, 0xE6, 0x3B, 0x11, 0x00,
        0x35, 0xA7, 0xFA, 0xB0, 0x85, 0x19, 0xE6, 0x3B, 0x12, 0x00, 0x35, 0xA7, 0xFA, 0xB0, 0x85, 0x19, 0xE6, 0x3B, 0x13, 0x00,
        0x35, 0xA7, 0xFA, 0xB0, 0x85, 0x19, 0xE6, 0x3B, 0x14, 0x00, 0x35, 0xA7, 0xFA, 0xB0, 0x85, 0x19, 0xE6, 0x3B, 0x15, 0x00,
        0x35, 0xA7, 0xFA, 0xB0, 0x85, 0x19, 0xE6, 0x3B, 0x16, 0x00, 0x35, 0xA7, 0xFA, 0xB0, 0x85, 0x19, 0xE6, 0x3B, 0x17, 0x00,
        0x35, 0xA7, 0xFA, 0xB0, 0x85, 0x19, 0xE6, 0x3B, 0x18, 0x00, 0x35, 0xA7, 0xFA, 0xB0, 0x85, 0x19, 0xE6, 0x3B, 0x19, 0x00,
        0x35, 0xA7, 0xFA, 0xB0, 0x85, 0x19, 0xE6, 0x3B, 0x1A, 0x00, 0x35, 0xA7, 0xFA, 0xB0, 0x85, 0x19, 0xE6, 0x3B, 0x1B, 0x00,
        0x35, 0xA7, 0xFA, 0xB0, 0x85, 0x19, 0xE6, 0x3B, 0x1C, 0x00, 0x35, 0xA7, 0xFA, 0xB0, 0x85, 0x19, 0xE6, 0x3B, 0x1D, 0x00,
        0x35, 0xA7, 0xFA, 0xB0, 0x85, 0x19, 0xE6, 0x3B, 0x1E, 0x00, 0x35, 0xA7, 0xFA, 0xB0, 0x85, 0x19, 0xE6, 0x3B, 0x1F, 0x00,
        0x35, 0xA7, 0xFA, 0xB0, 0x85, 0x19, 0xE6, 0x3B, 0x20, 0x00, 0x35, 0xA7, 0xFA, 0xB0, 0x85, 0x19, 0xE6, 0x3B, 0x21, 0x00,
        0x35, 0xA7, 0xFA, 0xB0, 0x85, 0x19, 0xE6, 0x3B, 0x22, 0x00, 0x35, 0xA7, 0xFA, 0xB0, 0x85, 0x19, 0xE6, 0x3B, 0x23, 0x00,
        0x35, 0xA7, 0xFA, 0xB0, 0x85, 0x19, 0xE6, 0x3B, 0x24, 0x00, 0x35, 0xA7, 0xFA, 0xB0, 0x85, 0x19, 0xE6, 0x3B, 0x25, 0x00,
        0x35, 0xA7, 0xFA, 0xB0, 0x85, 0x19, 0xE6, 0x3B, 0x26, 0x00, 0x35, 0xA7, 0xFA, 0xB0, 0x85, 0x19, 0xE6, 0x3B, 0x27, 0x00,
        0x35, 0xA7, 0xFA, 0xB0, 0x85, 0x19, 0xE6, 0x3B, 0x28, 0x00, 0x35, 0xA7, 0xFA, 0xB0, 0x85, 0x19, 0xE6, 0x3B, 0x29, 0x00,
        0x35, 0xA7, 0xFA, 0xB0, 0x85, 0x19, 0xE6, 0x3B, 0x2A, 0x00, 0x35, 0xA7, 0xFA, 0xB0, 0x85, 0x19, 0xE6, 0x3B, 0x2B, 0x00,
        0x35, 0xA7, 0xFA, 0xB0, 0x85, 0x19, 0xE6, 0x3B, 0x2C, 0x00, 0x35, 0xA7, 0xFA, 0xB0, 0x85, 0x19, 0xE6, 0x3B, 0x2D, 0x00,
        0x35, 0xA7, 0xFA, 0xB0, 0x85, 0x19, 0xE6, 0x3B, 0x2E, 0x00, 0x35, 0xA7, 0xFA, 0xB0, 0x85, 0x19, 0xE6, 0x3B, 0x2F, 0x00,
        0x35, 0xA7, 0xFA, 0xB0, 0x85, 0x19, 0xE6, 0x3B, 0x30, 0x00, 0x35, 0xA7, 0xFA, 0xB0, 0x85, 0x19, 0xE6, 0x3B, 0x31, 0x00,
        0x35, 0xA7, 0xFA, 0xB0, 0x85, 0x19, 0xE6, 0x3B, 0x32, 0x00, 0x35, 0xA7, 0xFA, 0xB0, 0x85, 0x19, 0xE6, 0x3B, 0x33, 0x00,
        0x35, 0xA7, 0xFA, 0xB0, 0x85, 0x19, 0xE6, 0x3B, 0x34, 0x00, 0x35, 0xA7, 0xFA, 0xB0, 0x85, 0x19, 0xE6, 0x3B, 0x35, 0x00,
        0x35, 0xA7, 0xFA, 0xB0, 0x85, 0x19, 0xE6, 0x3B, 0x36, 0x00, 0x35, 0xA7, 0xFA, 0xB0, 0x85, 0x19, 0xE6, 0x3B, 0x37, 0x00,
        0x35, 0xA7, 0xFA, 0xB0, 0x85, 0x19, 0xE6, 0x3B, 0x38, 0x00, 0x35, 0xA7, 0xFA, 0xB0, 0x85, 0x19, 0xE6, 0x3B, 0x39, 0x00,
        0x35, 0xA7, 0xFA, 0xB0, 0x85, 0x19, 0xE6, 0x3B, 0x3A, 0x00, 0x35, 0xA7, 0xFA, 0xB0, 0x85, 0x19, 0xE6, 0x3B, 0x3B, 0x00,
        0x35, 0xA7, 0xFA, 0xB0, 0x85, 0x19, 0xE6, 0x3B, 0x3C, 0x00, 0x35, 0xA7, 0xFA, 0xB0, 0x85, 0x19, 0xE6, 0x3B, 0x3D, 0x00,
        0x35, 0xA7, 0xFA, 0xB0, 0x85, 0x19, 0xE6, 0x3B, 0x3E, 0x00, 0x35, 0xA7, 0xFA, 0xB0, 0x85, 0x19, 0xE6, 0x3B, 0x3F, 0x00,
        0x35, 0xA7, 0xFA, 0xB0, 0x85, 0x19, 0xE6, 0x3B, 0x40, 0x00, 0x35, 0xA7, 0xFA, 0xB0, 0x85, 0x19, 0xE6, 0x3B, 0x41, 0x00,
        0x35, 0xA7, 0xFA, 0xB0, 0x85, 0x19, 0xE6, 0x3B, 0x42, 0x00, 0x35, 0xA7, 0xFA, 0xB0, 0x85, 0x19, 0xE6, 0x3B, 0x43, 0x00,
        0x35, 0xA7, 0xFA, 0xB0, 0x85, 0x19, 0xE6, 0x3B, 0x44, 0x00, 0x35, 0xA7, 0xFA, 0xB0, 0x85, 0x19, 0xE6, 0x3B, 0x45, 0x00,
        0x35, 0xA7, 0xFA, 0xB0, 0x85, 0x19, 0xE6, 0x3B, 0x46, 0x00, 0x35, 0xA7, 0xFA, 0xB0, 0x85, 0x19, 0xE6, 0x3B, 0x47, 0x00,
        0x35, 0xA7, 0xFA, 0xB0, 0x85, 0x19, 0xE6, 0x3B, 0x48, 0x00, 0x35, 0xA7, 0xFA, 0xB0, 0x85, 0x19, 0xE6, 0x3B, 0x49, 0x00,
        0x35, 0xA7, 0xFA, 0xB0, 0x85, 0x19, 0xE6, 0x3B, 0x4A, 0x00, 0x35, 0xA7, 0xFA, 0xB0, 0x85, 0x19, 0xE6, 0x3B, 0x4B, 0x00,
        0x35, 0xA7, 0xFA, 0xB0, 0x85, 0x19, 0xE6, 0x3B, 0x4C, 0x00, 0x35, 0xA7, 0xFA, 0xB0, 0x85, 0x19, 0xE6, 0x3B, 0x4D, 0x00,
        0x35, 0xA7, 0xFA, 0xB0, 0x85, 0x19, 0xE6, 0x3B, 0x4E, 0x00, 0x35, 0xA7, 0xFA, 0xB0, 0x85, 0x19, 0xE6, 0x3B, 0x4F, 0x00,
        0x35, 0xA7, 0xFA, 0xB0, 0x85, 0x19, 0xE6, 0x3B, 0x50, 0x00, 0x35, 0xA7, 0xFA, 0xB0, 0x85, 0x19, 0xE6, 0x3B, 0x51, 0x00,
        0x35, 0xA7, 0xFA, 0xB0, 0x85, 0x19, 0xE6, 0x3B, 0x52, 0x00, 0x35, 0xA7, 0xFA, 0xB0, 0x85, 0x19, 0xE6, 0x3B, 0x53, 0x00,
        0x35, 0xA7, 0xFA, 0xB0, 0x85, 0x19, 0xE6, 0x3B, 0x54, 0x00, 0x35, 0xA7, 0xFA, 0xB0, 0x85, 0x19, 0xE6, 0x3B, 0x55, 0x00,
        0x35, 0xA7, 0xFA, 0xB0, 0x85, 0x19, 0xE6, 0x3B, 0x56, 0x00, 0x35, 0xA7, 0xFA, 0xB0, 0x85, 0x19, 0xE6, 0x3B, 0x57, 0x00,
        0x35, 0xA7, 0xFA, 0xB0, 0x85, 0x19, 0xE6, 0x3B, 0x58, 0x00, 0x35, 0xA7, 0xFA, 0xB0, 0x85, 0x19, 0xE6, 0x3B, 0x59, 0x00,
        0x35, 0xA7, 0xFA, 0xB0, 0x85, 0x19, 0xE6, 0x3B, 0x5A, 0x00, 0x35, 0xA7, 0xFA, 0xB0, 0x85, 0x19, 0xE6, 0x3B, 0x5B, 0x00,
        0x35, 0xA7, 0xFA, 0xB0, 0x85, 0x19, 0xE6, 0x3B, 0x5C, 0x00, 0x35, 0xA7, 0xFA, 0xB0, 0x85, 0x19, 0xE6, 0x3B, 0x5D, 0x00,
        0x35, 0xA7, 0xFA, 0xB0, 0x85, 0x19, 0xE6, 0x3B, 0x5E, 0x00, 0x35, 0xA7, 0xFA, 0xB0, 0x85, 0x19, 0xE6, 0x3B, 0x5F, 0x00,
        0x35, 0xA7, 0xFA, 0xB0, 0x85, 0x19, 0xE6, 0x3B, 0x60, 0x00, 0x35, 0xA7, 0xFA, 0xB0, 0x85, 0x19, 0xE6, 0x3B, 0x61, 0x00,
        0x35, 0xA7, 0xFA, 0xB0, 0x85, 0x19, 0xE6, 0x3B, 0x62, 0x00, 0x35, 0xA7, 0xFA, 0xB0, 0x85, 0x19, 0xE6, 0x3B, 0x63, 0x00,
        0x35, 0xA7, 0xFA, 0xB0, 0x85, 0x19, 0xE6, 0x3B, 0x64, 0x00, 0x35, 0xA7, 0xFA, 0xB0, 0x85, 0x19, 0xE6, 0x3B, 0x02, 0x00,
        0x00, 0x00, 0xC1, 0x01, 0x5A, 0x80, 0x2E, 0x00, 0x64, 0x00, 0xC1, 0x01, 0x5A, 0x80, 0x2E, 0x00, 0x09, 0x91, 0x7D, 0xD1,
        0x00, 0x00, 0x02, 0x00, 0x00, 0x00, 0xE4, 0x2F, 0x2A, 0xB4, 0x86, 0x30, 0x94, 0x3B, 0x64, 0x00, 0xE4, 0x2F, 0x2A, 0xB4,
        0x86, 0x30, 0x94, 0x3B, 0x00, 0x00, 0x37, 0x13, 0x1D, 0xBC, 0x00, 0x00, 0x02, 0x00, 0x00, 0x00, 0x24, 0xAB, 0x36, 0xB4,
        0xEE, 0xAD, 0xAB, 0x3B, 0x64, 0x00, 0x24, 0xAB, 0x36, 0xB4, 0xEE, 0xAD, 0xAB, 0x3B, 0x00, 0x00, 0xA5, 0xC1, 0x5B, 0x87,
        0x00, 0x00, 0x02, 0x00, 0x00, 0x00, 0xCF, 0x9F, 0x18, 0x00, 0x08, 0x80, 0x00, 0x3C, 0x64, 0x00, 0xCF, 0x9F, 0x18, 0x00,
        0x08, 0x80, 0x00, 0x3C, 0x00, 0x00, 0x6F, 0x4D, 0x66, 0x67, 0x00, 0x00, 0x02, 0x00, 0x00, 0x00, 0x42, 0x00, 0x0F, 0x80,
        0x20, 0x00, 0x00, 0x3C, 0x64, 0x00, 0x42, 0x00, 0x0F, 0x80, 0x20, 0x00, 0x00, 0x3C, 0x00, 0x00, 0x66, 0x9D, 0xAB, 0xD9,
        0x00, 0x00, 0x65, 0x00, 0x00, 0x00, 0xBD, 0x1E, 0xFE, 0xB4, 0xE7, 0xA0, 0x9A, 0x3B, 0x01, 0x00, 0xBD, 0x1E, 0xFE, 0xB4,
        0xE7, 0xA0, 0x9A, 0x3B, 0x02, 0x00, 0xBD, 0x1E, 0xFE, 0xB4, 0xE7, 0xA0, 0x9A, 0x3B, 0x03, 0x00, 0xBD, 0x1E, 0xFE, 0xB4,
        0xE7, 0xA0, 0x9A, 0x3B, 0x04, 0x00, 0xBD, 0x1E, 0xFE, 0xB4, 0xE7, 0xA0, 0x9A, 0x3B, 0x05, 0x00, 0xBD, 0x1E, 0xFE, 0xB4,
        0xE7, 0xA0, 0x9A, 0x3B, 0x06, 0x00, 0xBD, 0x1E, 0xFE, 0xB4, 0xE7, 0xA0, 0x9A, 0x3B, 0x07, 0x00, 0xBD, 0x1E, 0xFE, 0xB4,
        0xE7, 0xA0, 0x9A, 0x3B, 0x08, 0x00, 0xBD, 0x1E, 0xFE, 0xB4, 0xE7, 0xA0, 0x9A, 0x3B, 0x09, 0x00, 0xBD, 0x1E, 0xFE, 0xB4,
        0xE7, 0xA0, 0x9A, 0x3B, 0x0A, 0x00, 0xBD, 0x1E, 0xFE, 0xB4, 0xE7, 0xA0, 0x9A, 0x3B, 0x0B, 0x00, 0xBD, 0x1E, 0xFE, 0xB4,
        0xE7, 0xA0, 0x9A, 0x3B, 0x0C, 0x00, 0xBD, 0x1E, 0xFE, 0xB4, 0xE7, 0xA0, 0x9A, 0x3B, 0x0D, 0x00, 0xBD, 0x1E, 0xFE, 0xB4,
        0xE7, 0xA0, 0x9A, 0x3B, 0x0E, 0x00, 0xBD, 0x1E, 0xFE, 0xB4, 0xE7, 0xA0, 0x9A, 0x3B, 0x0F, 0x00, 0xBD, 0x1E, 0xFE, 0xB4,
        0xE7, 0xA0, 0x9A, 0x3B, 0x10, 0x00, 0xBD, 0x1E, 0xFE, 0xB4, 0xE7, 0xA0, 0x9A, 0x3B, 0x11, 0x00, 0xBD, 0x1E, 0xFE, 0xB4,
        0xE7, 0xA0, 0x9A, 0x3B, 0x12, 0x00, 0xBD, 0x1E, 0xFE, 0xB4, 0xE7, 0xA0, 0x9A, 0x3B, 0x13, 0x00, 0xBD, 0x1E, 0xFE, 0xB4,
        0xE7, 0xA0, 0x9A, 0x3B, 0x14, 0x00, 0xBD, 0x1E, 0xFE, 0xB4, 0xE7, 0xA0, 0x9A, 0x3B, 0x15, 0x00, 0xBD, 0x1E, 0xFE, 0xB4,
        0xE7, 0xA0, 0x9A, 0x3B, 0x16, 0x00, 0xBD, 0x1E, 0xFE, 0xB4, 0xE7, 0xA0, 0x9A, 0x3B, 0x17, 0x00, 0xBD, 0x1E, 0xFE, 0xB4,
        0xE7, 0xA0, 0x9A, 0x3B, 0x18, 0x00, 0xBD, 0x1E, 0xFE, 0xB4, 0xE7, 0xA0, 0x9A, 0x3B, 0x19, 0x00, 0xBD, 0x1E, 0xFE, 0xB4,
        0xE7, 0xA0, 0x9A, 0x3B, 0x1A, 0x00, 0xBD, 0x1E, 0xFE, 0xB4, 0xE7, 0xA0, 0x9A, 0x3B, 0x1B, 0x00, 0xBD, 0x1E, 0xFE, 0xB4,
        0xE7, 0xA0, 0x9A, 0x3B, 0x1C, 0x00, 0xBD, 0x1E, 0xFE, 0xB4, 0xE7, 0xA0, 0x9A, 0x3B, 0x1D, 0x00, 0xBD, 0x1E, 0xFE, 0xB4,
        0xE7, 0xA0, 0x9A, 0x3B, 0x1E, 0x00, 0xBD, 0x1E, 0xFE, 0xB4, 0xE7, 0xA0, 0x9A, 0x3B, 0x1F, 0x00, 0xBD, 0x1E, 0xFE, 0xB4,
        0xE7, 0xA0, 0x9A, 0x3B, 0x20, 0x00, 0xBD, 0x1E, 0xFE, 0xB4, 0xE7, 0xA0, 0x9A, 0x3B, 0x21, 0x00, 0xBD, 0x1E, 0xFE, 0xB4,
        0xE7, 0xA0, 0x9A, 0x3B, 0x22, 0x00, 0xBD, 0x1E, 0xFE, 0xB4, 0xE7, 0xA0, 0x9A, 0x3B, 0x23, 0x00, 0xBD, 0x1E, 0xFE, 0xB4,
        0xE7, 0xA0, 0x9A, 0x3B, 0x24, 0x00, 0xBD, 0x1E, 0xFE, 0xB4, 0xE7, 0xA0, 0x9A, 0x3B, 0x25, 0x00, 0xBD, 0x1E, 0xFE, 0xB4,
        0xE7, 0xA0, 0x9A, 0x3B, 0x26, 0x00, 0xBD, 0x1E, 0xFE, 0xB4, 0xE7, 0xA0, 0x9A, 0x3B, 0x27, 0x00, 0xBD, 0x1E, 0xFE, 0xB4,
        0xE7, 0xA0, 0x9A, 0x3B, 0x28, 0x00, 0xBD, 0x1E, 0xFE, 0xB4, 0xE7, 0xA0, 0x9A, 0x3B, 0x29, 0x00, 0xBD, 0x1E, 0xFE, 0xB4,
        0xE7, 0xA0, 0x9A, 0x3B, 0x2A, 0x00, 0xBD, 0x1E, 0xFE, 0xB4, 0xE7, 0xA0, 0x9A, 0x3B, 0x2B, 0x00, 0xBD, 0x1E, 0xFE, 0xB4,
        0xE7, 0xA0, 0x9A, 0x3B, 0x2C, 0x00, 0xBD, 0x1E, 0xFE, 0xB4, 0xE7, 0xA0, 0x9A, 0x3B, 0x2D, 0x00, 0xBD, 0x1E, 0xFE, 0xB4,
        0xE7, 0xA0, 0x9A, 0x3B, 0x2E, 0x00, 0xBD, 0x1E, 0xFE, 0xB4, 0xE7, 0xA0, 0x9A, 0x3B, 0x2F, 0x00, 0xBD, 0x1E, 0xFE, 0xB4,
        0xE7, 0xA0, 0x9A, 0x3B, 0x30, 0x00, 0xBD, 0x1E, 0xFE, 0xB4, 0xE7, 0xA0, 0x9A, 0x3B, 0x31, 0x00, 0xBD, 0x1E, 0xFE, 0xB4,
        0xE7, 0xA0, 0x9A, 0x3B, 0x32, 0x00, 0xBD, 0x1E, 0xFE, 0xB4, 0xE7, 0xA0, 0x9A, 0x3B, 0x33, 0x00, 0xBD, 0x1E, 0xFE, 0xB4,
        0xE7, 0xA0, 0x9A, 0x3B, 0x34, 0x00, 0xBD, 0x1E, 0xFE, 0xB4, 0xE7, 0xA0, 0x9A, 0x3B, 0x35, 0x00, 0xBD, 0x1E, 0xFE, 0xB4,
        0xE7, 0xA0, 0x9A, 0x3B, 0x36, 0x00, 0xBD, 0x1E, 0xFE, 0xB4, 0xE7, 0xA0, 0x9A, 0x3B, 0x37, 0x00, 0xBD, 0x1E, 0xFE, 0xB4,
        0xE7, 0xA0, 0x9A, 0x3B, 0x38, 0x00, 0xBD, 0x1E, 0xFE, 0xB4, 0xE7, 0xA0, 0x9A, 0x3B, 0x39, 0x00, 0xBD, 0x1E, 0xFE, 0xB4,
        0xE7, 0xA0, 0x9A, 0x3B, 0x3A, 0x00, 0xBD, 0x1E, 0xFE, 0xB4, 0xE7, 0xA0, 0x9A, 0x3B, 0x3B, 0x00, 0xBD, 0x1E, 0xFE, 0xB4,
        0xE7, 0xA0, 0x9A, 0x3B, 0x3C, 0x00, 0xBD, 0x1E, 0xFE, 0xB4, 0xE7, 0xA0, 0x9A, 0x3B, 0x3D, 0x00, 0xBD, 0x1E, 0xFE, 0xB4,
        0xE7, 0xA0, 0x9A, 0x3B, 0x3E, 0x00, 0xBD, 0x1E, 0xFE, 0xB4, 0xE7, 0xA0, 0x9A, 0x3B, 0x3F, 0x00, 0xBD, 0x1E, 0xFE, 0xB4,
        0xE7, 0xA0, 0x9A, 0x3B, 0x40, 0x00, 0xBD, 0x1E, 0xFE, 0xB4, 0xE7, 0xA0, 0x9A, 0x3B, 0x41, 0x00, 0xBD, 0x1E, 0xFE, 0xB4,
        0xE7, 0xA0, 0x9A, 0x3B, 0x42, 0x00, 0xBD, 0x1E, 0xFE, 0xB4, 0xE7, 0xA0, 0x9A, 0x3B, 0x43, 0x00, 0xBD, 0x1E, 0xFE, 0xB4,
        0xE7, 0xA0, 0x9A, 0x3B, 0x44, 0x00, 0xBD, 0x1E, 0xFE, 0xB4, 0xE7, 0xA0, 0x9A, 0x3B, 0x45, 0x00, 0xBD, 0x1E, 0xFE, 0xB4,
        0xE7, 0xA0, 0x9A, 0x3B, 0x46, 0x00, 0xBD, 0x1E, 0xFE, 0xB4, 0xE7, 0xA0, 0x9A, 0x3B, 0x47, 0x00, 0xBD, 0x1E, 0xFE, 0xB4,
        0xE7, 0xA0, 0x9A, 0x3B, 0x48, 0x00, 0xBD, 0x1E, 0xFE, 0xB4, 0xE7, 0xA0, 0x9A, 0x3B, 0x49, 0x00, 0xBD, 0x1E, 0xFE, 0xB4,
        0xE7, 0xA0, 0x9A, 0x3B, 0x4A, 0x00, 0xBD, 0x1E, 0xFE, 0xB4, 0xE7, 0xA0, 0x9A, 0x3B, 0x4B, 0x00, 0xBD, 0x1E, 0xFE, 0xB4,
        0xE7, 0xA0, 0x9A, 0x3B, 0x4C, 0x00, 0xBD, 0x1E, 0xFE, 0xB4, 0xE7, 0xA0, 0x9A, 0x3B, 0x4D, 0x00, 0xBD, 0x1E, 0xFE, 0xB4,
        0xE7, 0xA0, 0x9A, 0x3B, 0x4E, 0x00, 0xBD, 0x1E, 0xFE, 0xB4, 0xE7, 0xA0, 0x9A, 0x3B, 0x4F, 0x00, 0xBD, 0x1E, 0xFE, 0xB4,
        0xE7, 0xA0, 0x9A, 0x3B, 0x50, 0x00, 0xBD, 0x1E, 0xFE, 0xB4, 0xE7, 0xA0, 0x9A, 0x3B, 0x51, 0x00, 0xBD, 0x1E, 0xFE, 0xB4,
        0xE7, 0xA0, 0x9A, 0x3B, 0x52, 0x00, 0xBD, 0x1E, 0xFE, 0xB4, 0xE7, 0xA0, 0x9A, 0x3B, 0x53, 0x00, 0xBD, 0x1E, 0xFE, 0xB4,
        0xE7, 0xA0, 0x9A, 0x3B, 0x54, 0x00, 0xBD, 0x1E, 0xFE, 0xB4, 0xE7, 0xA0, 0x9A, 0x3B, 0x55, 0x00, 0xBD, 0x1E, 0xFE, 0xB4,
        0xE7, 0xA0, 0x9A, 0x3B, 0x56, 0x00, 0xBD, 0x1E, 0xFE, 0xB4, 0xE7, 0xA0, 0x9A, 0x3B, 0x57, 0x00, 0xBD, 0x1E, 0xFE, 0xB4,
        0xE7, 0xA0, 0x9A, 0x3B, 0x58, 0x00, 0xBD, 0x1E, 0xFE, 0xB4, 0xE7, 0xA0, 0x9A, 0x3B, 0x59, 0x00, 0xBD, 0x1E, 0xFE, 0xB4,
        0xE7, 0xA0, 0x9A, 0x3B, 0x5A, 0x00, 0xBD, 0x1E, 0xFE, 0xB4, 0xE7, 0xA0, 0x9A, 0x3B, 0x5B, 0x00, 0xBD, 0x1E, 0xFE, 0xB4,
        0xE7, 0xA0, 0x9A, 0x3B, 0x5C, 0x00, 0xBD, 0x1E, 0xFE, 0xB4, 0xE7, 0xA0, 0x9A, 0x3B, 0x5D, 0x00, 0xBD, 0x1E, 0xFE, 0xB4,
        0xE7, 0xA0, 0x9A, 0x3B, 0x5E, 0x00, 0xBD, 0x1E, 0xFE, 0xB4, 0xE7, 0xA0, 0x9A, 0x3B, 0x5F, 0x00, 0xBD, 0x1E, 0xFE, 0xB4,
        0xE7, 0xA0, 0x9A, 0x3B, 0x60, 0x00, 0xBD, 0x1E, 0xFE, 0xB4, 0xE7, 0xA0, 0x9A, 0x3B, 0x61, 0x00, 0xBD, 0x1E, 0xFE, 0xB4,
        0xE7, 0xA0, 0x9A, 0x3B, 0x62, 0x00, 0xBD, 0x1E, 0xFE, 0xB4, 0xE7, 0xA0, 0x9A, 0x3B, 0x63, 0x00, 0xBD, 0x1E, 0xFE, 0xB4,
        0xE7, 0xA0, 0x9A, 0x3B, 0x64, 0x00, 0xBD, 0x1E, 0xFE, 0xB4, 0xE7, 0xA0, 0x9A, 0x3B, 0x02, 0x00, 0x00, 0x00, 0xA7, 0x03,
        0x11, 0x00, 0x1D, 0x01, 0x64, 0x00, 0xA7, 0x03, 0x11, 0x00, 0x1D, 0x01, 0xC1, 0xC4, 0x7A, 0xD6, 0x00, 0x00, 0x02, 0x00,
        0x00, 0x00, 0x4F, 0x81, 0x9F, 0x00, 0x16, 0x00, 0x00, 0x3C, 0x64, 0x00, 0x4F, 0x81, 0x9F, 0x00, 0x16, 0x00, 0x00, 0x3C,
        0x02, 0x00, 0x00, 0x00, 0x08, 0x00, 0x56, 0x80, 0x01, 0x80, 0x64, 0x00, 0x08, 0x00, 0x56, 0x80, 0x01, 0x80, 0x77, 0x26,
        0x80, 0xAB, 0x00, 0x00, 0x02, 0x00, 0x00, 0x00, 0xC0, 0x80, 0x71, 0x3A, 0x4E, 0x04, 0xBF, 0x38, 0x64, 0x00, 0xC0, 0x80,
        0x71, 0x3A, 0x4E, 0x04, 0xBF, 0x38, 0x00, 0x00, 0x02, 0x4D, 0x31, 0x59, 0x00, 0x00, 0x02, 0x00, 0x00, 0x00, 0xC5, 0x80,
        0xB0, 0x39, 0x13, 0x03, 0xA0, 0x39, 0x64, 0x00, 0xC5, 0x80, 0xB0, 0x39, 0x13, 0x03, 0xA0, 0x39, 0x00, 0x00, 0xC9, 0x0A,
        0xE9, 0xD2, 0x00, 0x00, 0x65, 0x00, 0x00, 0x00, 0xC0, 0x18, 0xCC, 0xAD, 0x7E, 0x9A, 0xF8, 0x3B, 0x01, 0x00, 0xC0, 0x18,
        0xCC, 0xAD, 0x7E, 0x9A, 0xF8, 0x3B, 0x02, 0x00, 0xC0, 0x18, 0xCC, 0xAD, 0x7E, 0x9A, 0xF8, 0x3B, 0x03, 0x00, 0xC0, 0x18,
        0xCC, 0xAD, 0x7E, 0x9A, 0xF8, 0x3B, 0x04, 0x00, 0xC0, 0x18, 0xCC, 0xAD, 0x7E, 0x9A, 0xF8, 0x3B, 0x05, 0x00, 0xC0, 0x18,
        0xCC, 0xAD, 0x7E, 0x9A, 0xF8, 0x3B, 0x06, 0x00, 0xC0, 0x18, 0xCC, 0xAD, 0x7E, 0x9A, 0xF8, 0x3B, 0x07, 0x00, 0xC0, 0x18,
        0xCC, 0xAD, 0x7E, 0x9A, 0xF8, 0x3B, 0x08, 0x00, 0xC0, 0x18, 0xCC, 0xAD, 0x7E, 0x9A, 0xF8, 0x3B, 0x09, 0x00, 0xC0, 0x18,
        0xCC, 0xAD, 0x7E, 0x9A, 0xF8, 0x3B, 0x0A, 0x00, 0xC0, 0x18, 0xCC, 0xAD, 0x7E, 0x9A, 0xF8, 0x3B, 0x0B, 0x00, 0xC0, 0x18,
        0xCC, 0xAD, 0x7E, 0x9A, 0xF8, 0x3B, 0x0C, 0x00, 0xC0, 0x18, 0xCC, 0xAD, 0x7E, 0x9A, 0xF8, 0x3B, 0x0D, 0x00, 0xC0, 0x18,
        0xCC, 0xAD, 0x7E, 0x9A, 0xF8, 0x3B, 0x0E, 0x00, 0xC0, 0x18, 0xCC, 0xAD, 0x7E, 0x9A, 0xF8, 0x3B, 0x0F, 0x00, 0xC0, 0x18,
        0xCC, 0xAD, 0x7E, 0x9A, 0xF8, 0x3B, 0x10, 0x00, 0xC0, 0x18, 0xCC, 0xAD, 0x7E, 0x9A, 0xF8, 0x3B, 0x11, 0x00, 0xC0, 0x18,
        0xCC, 0xAD, 0x7E, 0x9A, 0xF8, 0x3B, 0x12, 0x00, 0xC0, 0x18, 0xCC, 0xAD, 0x7E, 0x9A, 0xF8, 0x3B, 0x13, 0x00, 0xC0, 0x18,
        0xCC, 0xAD, 0x7E, 0x9A, 0xF8, 0x3B, 0x14, 0x00, 0xC0, 0x18, 0xCC, 0xAD, 0x7E, 0x9A, 0xF8, 0x3B, 0x15, 0x00, 0xC0, 0x18,
        0xCC, 0xAD, 0x7E, 0x9A, 0xF8, 0x3B, 0x16, 0x00, 0xC0, 0x18, 0xCC, 0xAD, 0x7E, 0x9A, 0xF8, 0x3B, 0x17, 0x00, 0xC0, 0x18,
        0xCC, 0xAD, 0x7E, 0x9A, 0xF8, 0x3B, 0x18, 0x00, 0xC0, 0x18, 0xCC, 0xAD, 0x7E, 0x9A, 0xF8, 0x3B, 0x19, 0x00, 0xC0, 0x18,
        0xCC, 0xAD, 0x7E, 0x9A, 0xF8, 0x3B, 0x1A, 0x00, 0xC0, 0x18, 0xCC, 0xAD, 0x7E, 0x9A, 0xF8, 0x3B, 0x1B, 0x00, 0xC0, 0x18,
        0xCC, 0xAD, 0x7E, 0x9A, 0xF8, 0x3B, 0x1C, 0x00, 0xC0, 0x18, 0xCC, 0xAD, 0x7E, 0x9A, 0xF8, 0x3B, 0x1D, 0x00, 0xC0, 0x18,
        0xCC, 0xAD, 0x7E, 0x9A, 0xF8, 0x3B, 0x1E, 0x00, 0xC0, 0x18, 0xCC, 0xAD, 0x7E, 0x9A, 0xF8, 0x3B, 0x1F, 0x00, 0xC0, 0x18,
        0xCC, 0xAD, 0x7E, 0x9A, 0xF8, 0x3B, 0x20, 0x00, 0xC0, 0x18, 0xCC, 0xAD, 0x7E, 0x9A, 0xF8, 0x3B, 0x21, 0x00, 0xC0, 0x18,
        0xCC, 0xAD, 0x7E, 0x9A, 0xF8, 0x3B, 0x22, 0x00, 0xC0, 0x18, 0xCC, 0xAD, 0x7E, 0x9A, 0xF8, 0x3B, 0x23, 0x00, 0xC0, 0x18,
        0xCC, 0xAD, 0x7E, 0x9A, 0xF8, 0x3B, 0x24, 0x00, 0xC0, 0x18, 0xCC, 0xAD, 0x7E, 0x9A, 0xF8, 0x3B, 0x25, 0x00, 0xC0, 0x18,
        0xCC, 0xAD, 0x7E, 0x9A, 0xF8, 0x3B, 0x26, 0x00, 0xC0, 0x18, 0xCC, 0xAD, 0x7E, 0x9A, 0xF8, 0x3B, 0x27, 0x00, 0xC0, 0x18,
        0xCC, 0xAD, 0x7E, 0x9A, 0xF8, 0x3B, 0x28, 0x00, 0xC0, 0x18, 0xCC, 0xAD, 0x7E, 0x9A, 0xF8, 0x3B, 0x29, 0x00, 0xC0, 0x18,
        0xCC, 0xAD, 0x7E, 0x9A, 0xF8, 0x3B, 0x2A, 0x00, 0xC0, 0x18, 0xCC, 0xAD, 0x7E, 0x9A, 0xF8, 0x3B, 0x2B, 0x00, 0xC0, 0x18,
        0xCC, 0xAD, 0x7E, 0x9A, 0xF8, 0x3B, 0x2C, 0x00, 0xC0, 0x18, 0xCC, 0xAD, 0x7E, 0x9A, 0xF8, 0x3B, 0x2D, 0x00, 0xC0, 0x18,
        0xCC, 0xAD, 0x7E, 0x9A, 0xF8, 0x3B, 0x2E, 0x00, 0xC0, 0x18, 0xCC, 0xAD, 0x7E, 0x9A, 0xF8, 0x3B, 0x2F, 0x00, 0xC0, 0x18,
        0xCC, 0xAD, 0x7E, 0x9A, 0xF8, 0x3B, 0x30, 0x00, 0xC0, 0x18, 0xCC, 0xAD, 0x7E, 0x9A, 0xF8, 0x3B, 0x31, 0x00, 0xC0, 0x18,
        0xCC, 0xAD, 0x7E, 0x9A, 0xF8, 0x3B, 0x32, 0x00, 0xC0, 0x18, 0xCC, 0xAD, 0x7E, 0x9A, 0xF8, 0x3B, 0x33, 0x00, 0xC0, 0x18,
        0xCC, 0xAD, 0x7E, 0x9A, 0xF8, 0x3B, 0x34, 0x00, 0xC0, 0x18, 0xCC, 0xAD, 0x7E, 0x9A, 0xF8, 0x3B, 0x35, 0x00, 0xC0, 0x18,
        0xCC, 0xAD, 0x7E, 0x9A, 0xF8, 0x3B, 0x36, 0x00, 0xC0, 0x18, 0xCC, 0xAD, 0x7E, 0x9A, 0xF8, 0x3B, 0x37, 0x00, 0xC0, 0x18,
        0xCC, 0xAD, 0x7E, 0x9A, 0xF8, 0x3B, 0x38, 0x00, 0xC0, 0x18, 0xCC, 0xAD, 0x7E, 0x9A, 0xF8, 0x3B, 0x39, 0x00, 0xC0, 0x18,
        0xCC, 0xAD, 0x7E, 0x9A, 0xF8, 0x3B, 0x3A, 0x00, 0xC0, 0x18, 0xCC, 0xAD, 0x7E, 0x9A, 0xF8, 0x3B, 0x3B, 0x00, 0xC0, 0x18,
        0xCC, 0xAD, 0x7E, 0x9A, 0xF8, 0x3B, 0x3C, 0x00, 0xC0, 0x18, 0xCC, 0xAD, 0x7E, 0x9A, 0xF8, 0x3B, 0x3D, 0x00, 0xC0, 0x18,
        0xCC, 0xAD, 0x7E, 0x9A, 0xF8, 0x3B, 0x3E, 0x00, 0xC0, 0x18, 0xCC, 0xAD, 0x7E, 0x9A, 0xF8, 0x3B, 0x3F, 0x00, 0xC0, 0x18,
        0xCC, 0xAD, 0x7E, 0x9A, 0xF8, 0x3B, 0x40, 0x00, 0xC0, 0x18, 0xCC, 0xAD, 0x7E, 0x9A, 0xF8, 0x3B, 0x41, 0x00, 0xC0, 0x18,
        0xCC, 0xAD, 0x7E, 0x9A, 0xF8, 0x3B, 0x42, 0x00, 0xC0, 0x18, 0xCC, 0xAD, 0x7E, 0x9A, 0xF8, 0x3B, 0x43, 0x00, 0xC0, 0x18,
        0xCC, 0xAD, 0x7E, 0x9A, 0xF8, 0x3B, 0x44, 0x00, 0xC0, 0x18, 0xCC, 0xAD, 0x7E, 0x9A, 0xF8, 0x3B, 0x45, 0x00, 0xC0, 0x18,
        0xCC, 0xAD, 0x7E, 0x9A, 0xF8, 0x3B, 0x46, 0x00, 0xC0, 0x18, 0xCC, 0xAD, 0x7E, 0x9A, 0xF8, 0x3B, 0x47, 0x00, 0xC0, 0x18,
        0xCC, 0xAD, 0x7E, 0x9A, 0xF8, 0x3B, 0x48, 0x00, 0xC0, 0x18, 0xCC, 0xAD, 0x7E, 0x9A, 0xF8, 0x3B, 0x49, 0x00, 0xC0, 0x18,
        0xCC, 0xAD, 0x7E, 0x9A, 0xF8, 0x3B, 0x4A, 0x00, 0xC0, 0x18, 0xCC, 0xAD, 0x7E, 0x9A, 0xF8, 0x3B, 0x4B, 0x00, 0xC0, 0x18,
        0xCC, 0xAD, 0x7E, 0x9A, 0xF8, 0x3B, 0x4C, 0x00, 0xC0, 0x18, 0xCC, 0xAD, 0x7E, 0x9A, 0xF8, 0x3B, 0x4D, 0x00, 0xC0, 0x18,
        0xCC, 0xAD, 0x7E, 0x9A, 0xF8, 0x3B, 0x4E, 0x00, 0xC0, 0x18, 0xCC, 0xAD, 0x7E, 0x9A, 0xF8, 0x3B, 0x4F, 0x00, 0xC0, 0x18,
        0xCC, 0xAD, 0x7E, 0x9A, 0xF8, 0x3B, 0x50, 0x00, 0xC0, 0x18, 0xCC, 0xAD, 0x7E, 0x9A, 0xF8, 0x3B, 0x51, 0x00, 0xC0, 0x18,
        0xCC, 0xAD, 0x7E, 0x9A, 0xF8, 0x3B, 0x52, 0x00, 0xC0, 0x18, 0xCC, 0xAD, 0x7E, 0x9A, 0xF8, 0x3B, 0x53, 0x00, 0xC0, 0x18,
        0xCC, 0xAD, 0x7E, 0x9A, 0xF8, 0x3B, 0x54, 0x00, 0xC0, 0x18, 0xCC, 0xAD, 0x7E, 0x9A, 0xF8, 0x3B, 0x55, 0x00, 0xC0, 0x18,
        0xCC, 0xAD, 0x7E, 0x9A, 0xF8, 0x3B, 0x56, 0x00, 0xC0, 0x18, 0xCC, 0xAD, 0x7E, 0x9A, 0xF8, 0x3B, 0x57, 0x00, 0xC0, 0x18,
        0xCC, 0xAD, 0x7E, 0x9A, 0xF8, 0x3B, 0x58, 0x00, 0xC0, 0x18, 0xCC, 0xAD, 0x7E, 0x9A, 0xF8, 0x3B, 0x59, 0x00, 0xC0, 0x18,
        0xCC, 0xAD, 0x7E, 0x9A, 0xF8, 0x3B, 0x5A, 0x00, 0xC0, 0x18, 0xCC, 0xAD, 0x7E, 0x9A, 0xF8, 0x3B, 0x5B, 0x00, 0xC0, 0x18,
        0xCC, 0xAD, 0x7E, 0x9A, 0xF8, 0x3B, 0x5C, 0x00, 0xC0, 0x18, 0xCC, 0xAD, 0x7E, 0x9A, 0xF8, 0x3B, 0x5D, 0x00, 0xC0, 0x18,
        0xCC, 0xAD, 0x7E, 0x9A, 0xF8, 0x3B, 0x5E, 0x00, 0xC0, 0x18, 0xCC, 0xAD, 0x7E, 0x9A, 0xF8, 0x3B, 0x5F, 0x00, 0xC0, 0x18,
        0xCC, 0xAD, 0x7E, 0x9A, 0xF8, 0x3B, 0x60, 0x00, 0xC0, 0x18, 0xCC, 0xAD, 0x7E, 0x9A, 0xF8, 0x3B, 0x61, 0x00, 0xC0, 0x18,
        0xCC, 0xAD, 0x7E, 0x9A, 0xF8, 0x3B, 0x62, 0x00, 0xC0, 0x18, 0xCC, 0xAD, 0x7E, 0x9A, 0xF8, 0x3B, 0x63, 0x00, 0xC0, 0x18,
        0xCC, 0xAD, 0x7E, 0x9A, 0xF8, 0x3B, 0x64, 0x00, 0xC0, 0x18, 0xCC, 0xAD, 0x7E, 0x9A, 0xF8, 0x3B, 0x02, 0x00, 0x00, 0x00,
        0x48, 0x01, 0x11, 0x00, 0x13, 0x00, 0x64, 0x00, 0x48, 0x01, 0x11, 0x00, 0x13, 0x00, 0xC2, 0x41, 0xDB, 0xD9, 0x00, 0x00,
        0x02, 0x00, 0x00, 0x00, 0x7A, 0x99, 0x51, 0x80, 0x7B, 0x99, 0x00, 0x3C, 0x64, 0x00, 0x7A, 0x99, 0x51, 0x80, 0x7B, 0x99,
        0x00, 0x3C, 0x02, 0x00, 0x00, 0x00, 0x58, 0xAE, 0xEF, 0x0D, 0x58, 0x2E, 0x64, 0x00, 0x58, 0xAE, 0xEF, 0x0D, 0x58, 0x2E,
        0x69, 0xC6, 0x80, 0xBC, 0x00, 0x00, 0x02, 0x00, 0x00, 0x00, 0xA9, 0x83, 0x29, 0x80, 0xC0, 0x83, 0x00, 0x3C, 0x64, 0x00,
        0xA9, 0x83, 0x29, 0x80, 0xC0, 0x83, 0x00, 0x3C, 0x00, 0x00, 0x91, 0xA9, 0x96, 0x37, 0x00, 0x00, 0x02, 0x00, 0x00, 0x00,
        0x3B, 0x05, 0x09, 0x80, 0x0E, 0x00, 0x00, 0x3C, 0x64, 0x00, 0x3B, 0x05, 0x09, 0x80, 0x0E, 0x00, 0x00, 0x3C, 0x00, 0x00,
        0x1A, 0xA4, 0xF2, 0xD2, 0x00, 0x00, 0x02, 0x00, 0x00, 0x00, 0x3B, 0x05, 0x09, 0x80, 0x0E, 0x00, 0x00, 0x3C, 0x64, 0x00,
        0x3B, 0x05, 0x09, 0x80, 0x0E, 0x00, 0x00, 0x3C, 0x00, 0x00, 0x7C, 0x78, 0xA5, 0xF4, 0x00, 0x00, 0x02, 0x00, 0x00, 0x00,
        0x25, 0xA9, 0x03, 0xA7, 0x2D, 0xB0, 0xEC, 0x3B, 0x64, 0x00, 0x25, 0xA9, 0x03, 0xA7, 0x2D, 0xB0, 0xEC, 0x3B, 0x00, 0x00,
        0xF3, 0x07, 0x9C, 0xDD, 0x00, 0x00, 0x02, 0x00, 0x00, 0x00, 0xDD, 0x9C, 0xFF, 0x30, 0x9B, 0x28, 0xE6, 0x3B, 0x64, 0x00,
        0xDD, 0x9C, 0xFF, 0x30, 0x9B, 0x28, 0xE6, 0x3B, 0x00, 0x00, 0xFA, 0xE9, 0x39, 0xD4, 0x00, 0x00, 0x65, 0x00, 0x00, 0x00,
        0x42, 0x21, 0x78, 0x30, 0xE1, 0x9B, 0xEC, 0x3B, 0x01, 0x00, 0x42, 0x21, 0x78, 0x30, 0xE1, 0x9B, 0xEC, 0x3B, 0x02, 0x00,
        0x42, 0x21, 0x78, 0x30, 0xE1, 0x9B, 0xEC, 0x3B, 0x03, 0x00, 0x42, 0x21, 0x78, 0x30, 0xE1, 0x9B, 0xEC, 0x3B, 0x04, 0x00,
        0x42, 0x21, 0x78, 0x30, 0xE1, 0x9B, 0xEC, 0x3B, 0x05, 0x00, 0x42, 0x21, 0x78, 0x30, 0xE1, 0x9B, 0xEC, 0x3B, 0x06, 0x00,
        0x42, 0x21, 0x78, 0x30, 0xE1, 0x9B, 0xEC, 0x3B, 0x07, 0x00, 0x42, 0x21, 0x78, 0x30, 0xE1, 0x9B, 0xEC, 0x3B, 0x08, 0x00,
        0x42, 0x21, 0x78, 0x30, 0xE1, 0x9B, 0xEC, 0x3B, 0x09, 0x00, 0x42, 0x21, 0x78, 0x30, 0xE1, 0x9B, 0xEC, 0x3B, 0x0A, 0x00,
        0x42, 0x21, 0x78, 0x30, 0xE1, 0x9B, 0xEC, 0x3B, 0x0B, 0x00, 0x42, 0x21, 0x78, 0x30, 0xE1, 0x9B, 0xEC, 0x3B, 0x0C, 0x00,
        0x42, 0x21, 0x78, 0x30, 0xE1, 0x9B, 0xEC, 0x3B, 0x0D, 0x00, 0x42, 0x21, 0x78, 0x30, 0xE1, 0x9B, 0xEC, 0x3B, 0x0E, 0x00,
        0x42, 0x21, 0x78, 0x30, 0xE1, 0x9B, 0xEC, 0x3B, 0x0F, 0x00, 0x42, 0x21, 0x78, 0x30, 0xE1, 0x9B, 0xEC, 0x3B, 0x10, 0x00,
        0x42, 0x21, 0x78, 0x30, 0xE1, 0x9B, 0xEC, 0x3B, 0x11, 0x00, 0x42, 0x21, 0x78, 0x30, 0xE1, 0x9B, 0xEC, 0x3B, 0x12, 0x00,
        0x42, 0x21, 0x78, 0x30, 0xE1, 0x9B, 0xEC, 0x3B, 0x13, 0x00, 0x42, 0x21, 0x78, 0x30, 0xE1, 0x9B, 0xEC, 0x3B, 0x14, 0x00,
        0x42, 0x21, 0x78, 0x30, 0xE1, 0x9B, 0xEC, 0x3B, 0x15, 0x00, 0x42, 0x21, 0x78, 0x30, 0xE1, 0x9B, 0xEC, 0x3B, 0x16, 0x00,
        0x42, 0x21, 0x78, 0x30, 0xE1, 0x9B, 0xEC, 0x3B, 0x17, 0x00, 0x42, 0x21, 0x78, 0x30, 0xE1, 0x9B, 0xEC, 0x3B, 0x18, 0x00,
        0x42, 0x21, 0x78, 0x30, 0xE1, 0x9B, 0xEC, 0x3B, 0x19, 0x00, 0x42, 0x21, 0x78, 0x30, 0xE1, 0x9B, 0xEC, 0x3B, 0x1A, 0x00,
        0x42, 0x21, 0x78, 0x30, 0xE1, 0x9B, 0xEC, 0x3B, 0x1B, 0x00, 0x42, 0x21, 0x78, 0x30, 0xE1, 0x9B, 0xEC, 0x3B, 0x1C, 0x00,
        0x42, 0x21, 0x78, 0x30, 0xE1, 0x9B, 0xEC, 0x3B, 0x1D, 0x00, 0x42, 0x21, 0x78, 0x30, 0xE1, 0x9B, 0xEC, 0x3B, 0x1E, 0x00,
        0x42, 0x21, 0x78, 0x30, 0xE1, 0x9B, 0xEC, 0x3B, 0x1F, 0x00, 0x42, 0x21, 0x78, 0x30, 0xE1, 0x9B, 0xEC, 0x3B, 0x20, 0x00,
        0x42, 0x21, 0x78, 0x30, 0xE1, 0x9B, 0xEC, 0x3B, 0x21, 0x00, 0x42, 0x21, 0x78, 0x30, 0xE1, 0x9B, 0xEC, 0x3B, 0x22, 0x00,
        0x42, 0x21, 0x78, 0x30, 0xE1, 0x9B, 0xEC, 0x3B, 0x23, 0x00, 0x42, 0x21, 0x78, 0x30, 0xE1, 0x9B, 0xEC, 0x3B, 0x24, 0x00,
        0x42, 0x21, 0x78, 0x30, 0xE1, 0x9B, 0xEC, 0x3B, 0x25, 0x00, 0x42, 0x21, 0x78, 0x30, 0xE1, 0x9B, 0xEC, 0x3B, 0x26, 0x00,
        0x42, 0x21, 0x78, 0x30, 0xE1, 0x9B, 0xEC, 0x3B, 0x27, 0x00, 0x42, 0x21, 0x78, 0x30, 0xE1, 0x9B, 0xEC, 0x3B, 0x28, 0x00,
        0x42, 0x21, 0x78, 0x30, 0xE1, 0x9B, 0xEC, 0x3B, 0x29, 0x00, 0x42, 0x21, 0x78, 0x30, 0xE1, 0x9B, 0xEC, 0x3B, 0x2A, 0x00,
        0x42, 0x21, 0x78, 0x30, 0xE1, 0x9B, 0xEC, 0x3B, 0x2B, 0x00, 0x42, 0x21, 0x78, 0x30, 0xE1, 0x9B, 0xEC, 0x3B, 0x2C, 0x00,
        0x42, 0x21, 0x78, 0x30, 0xE1, 0x9B, 0xEC, 0x3B, 0x2D, 0x00, 0x42, 0x21, 0x78, 0x30, 0xE1, 0x9B, 0xEC, 0x3B, 0x2E, 0x00,
        0x42, 0x21, 0x78, 0x30, 0xE1, 0x9B, 0xEC, 0x3B, 0x2F, 0x00, 0x42, 0x21, 0x78, 0x30, 0xE1, 0x9B, 0xEC, 0x3B, 0x30, 0x00,
        0x42, 0x21, 0x78, 0x30, 0xE1, 0x9B, 0xEC, 0x3B, 0x31, 0x00, 0x42, 0x21, 0x78, 0x30, 0xE1, 0x9B, 0xEC, 0x3B, 0x32, 0x00,
        0x42, 0x21, 0x78, 0x30, 0xE1, 0x9B, 0xEC, 0x3B, 0x33, 0x00, 0x42, 0x21, 0x78, 0x30, 0xE1, 0x9B, 0xEC, 0x3B, 0x34, 0x00,
        0x42, 0x21, 0x78, 0x30, 0xE1, 0x9B, 0xEC, 0x3B, 0x35, 0x00, 0x42, 0x21, 0x78, 0x30, 0xE1, 0x9B, 0xEC, 0x3B, 0x36, 0x00,
        0x42, 0x21, 0x78, 0x30, 0xE1, 0x9B, 0xEC, 0x3B, 0x37, 0x00, 0x42, 0x21, 0x78, 0x30, 0xE1, 0x9B, 0xEC, 0x3B, 0x38, 0x00,
        0x42, 0x21, 0x78, 0x30, 0xE1, 0x9B, 0xEC, 0x3B, 0x39, 0x00, 0x42, 0x21, 0x78, 0x30, 0xE1, 0x9B, 0xEC, 0x3B, 0x3A, 0x00,
        0x42, 0x21, 0x78, 0x30, 0xE1, 0x9B, 0xEC, 0x3B, 0x3B, 0x00, 0x42, 0x21, 0x78, 0x30, 0xE1, 0x9B, 0xEC, 0x3B, 0x3C, 0x00,
        0x42, 0x21, 0x78, 0x30, 0xE1, 0x9B, 0xEC, 0x3B, 0x3D, 0x00, 0x42, 0x21, 0x78, 0x30, 0xE1, 0x9B, 0xEC, 0x3B, 0x3E, 0x00,
        0x42, 0x21, 0x78, 0x30, 0xE1, 0x9B, 0xEC, 0x3B, 0x3F, 0x00, 0x42, 0x21, 0x78, 0x30, 0xE1, 0x9B, 0xEC, 0x3B, 0x40, 0x00,
        0x42, 0x21, 0x78, 0x30, 0xE1, 0x9B, 0xEC, 0x3B, 0x41, 0x00, 0x42, 0x21, 0x78, 0x30, 0xE1, 0x9B, 0xEC, 0x3B, 0x42, 0x00,
        0x42, 0x21, 0x78, 0x30, 0xE1, 0x9B, 0xEC, 0x3B, 0x43, 0x00, 0x42, 0x21, 0x78, 0x30, 0xE1, 0x9B, 0xEC, 0x3B, 0x44, 0x00,
        0x42, 0x21, 0x78, 0x30, 0xE1, 0x9B, 0xEC, 0x3B, 0x45, 0x00, 0x42, 0x21, 0x78, 0x30, 0xE1, 0x9B, 0xEC, 0x3B, 0x46, 0x00,
        0x42, 0x21, 0x78, 0x30, 0xE1, 0x9B, 0xEC, 0x3B, 0x47, 0x00, 0x42, 0x21, 0x78, 0x30, 0xE1, 0x9B, 0xEC, 0x3B, 0x48, 0x00,
        0x42, 0x21, 0x78, 0x30, 0xE1, 0x9B, 0xEC, 0x3B, 0x49, 0x00, 0x42, 0x21, 0x78, 0x30, 0xE1, 0x9B, 0xEC, 0x3B, 0x4A, 0x00,
        0x42, 0x21, 0x78, 0x30, 0xE1, 0x9B, 0xEC, 0x3B, 0x4B, 0x00, 0x42, 0x21, 0x78, 0x30, 0xE1, 0x9B, 0xEC, 0x3B, 0x4C, 0x00,
        0x42, 0x21, 0x78, 0x30, 0xE1, 0x9B, 0xEC, 0x3B, 0x4D, 0x00, 0x42, 0x21, 0x78, 0x30, 0xE1, 0x9B, 0xEC, 0x3B, 0x4E, 0x00,
        0x42, 0x21, 0x78, 0x30, 0xE1, 0x9B, 0xEC, 0x3B, 0x4F, 0x00, 0x42, 0x21, 0x78, 0x30, 0xE1, 0x9B, 0xEC, 0x3B, 0x50, 0x00,
        0x42, 0x21, 0x78, 0x30, 0xE1, 0x9B, 0xEC, 0x3B, 0x51, 0x00, 0x42, 0x21, 0x78, 0x30, 0xE1, 0x9B, 0xEC, 0x3B, 0x52, 0x00,
        0x42, 0x21, 0x78, 0x30, 0xE1, 0x9B, 0xEC, 0x3B, 0x53, 0x00, 0x42, 0x21, 0x78, 0x30, 0xE1, 0x9B, 0xEC, 0x3B, 0x54, 0x00,
        0x42, 0x21, 0x78, 0x30, 0xE1, 0x9B, 0xEC, 0x3B, 0x55, 0x00, 0x42, 0x21, 0x78, 0x30, 0xE1, 0x9B, 0xEC, 0x3B, 0x56, 0x00,
        0x42, 0x21, 0x78, 0x30, 0xE1, 0x9B, 0xEC, 0x3B, 0x57, 0x00, 0x42, 0x21, 0x78, 0x30, 0xE1, 0x9B, 0xEC, 0x3B, 0x58, 0x00,
        0x42, 0x21, 0x78, 0x30, 0xE1, 0x9B, 0xEC, 0x3B, 0x59, 0x00, 0x42, 0x21, 0x78, 0x30, 0xE1, 0x9B, 0xEC, 0x3B, 0x5A, 0x00,
        0x42, 0x21, 0x78, 0x30, 0xE1, 0x9B, 0xEC, 0x3B, 0x5B, 0x00, 0x42, 0x21, 0x78, 0x30, 0xE1, 0x9B, 0xEC, 0x3B, 0x5C, 0x00,
        0x42, 0x21, 0x78, 0x30, 0xE1, 0x9B, 0xEC, 0x3B, 0x5D, 0x00, 0x42, 0x21, 0x78, 0x30, 0xE1, 0x9B, 0xEC, 0x3B, 0x5E, 0x00,
        0x42, 0x21, 0x78, 0x30, 0xE1, 0x9B, 0xEC, 0x3B, 0x5F, 0x00, 0x42, 0x21, 0x78, 0x30, 0xE1, 0x9B, 0xEC, 0x3B, 0x60, 0x00,
        0x42, 0x21, 0x78, 0x30, 0xE1, 0x9B, 0xEC, 0x3B, 0x61, 0x00, 0x42, 0x21, 0x78, 0x30, 0xE1, 0x9B, 0xEC, 0x3B, 0x62, 0x00,
        0x42, 0x21, 0x78, 0x30, 0xE1, 0x9B, 0xEC, 0x3B, 0x63, 0x00, 0x42, 0x21, 0x78, 0x30, 0xE1, 0x9B, 0xEC, 0x3B, 0x64, 0x00,
        0x42, 0x21, 0x78, 0x30, 0xE1, 0x9B, 0xEC, 0x3B, 0x02, 0x00, 0x00, 0x00, 0xEC, 0x80, 0x21, 0x00, 0x12, 0x00, 0x64, 0x00,
        0xEC, 0x80, 0x21, 0x00, 0x12, 0x00, 0x24, 0xC1, 0x83, 0x25, 0x00, 0x00, 0x02, 0x00, 0x00, 0x00, 0x10, 0x80, 0x0C, 0x80,
        0x18, 0x00, 0x00, 0x3C, 0x64, 0x00, 0x10, 0x80, 0x0C, 0x80, 0x18, 0x00, 0x00, 0x3C, 0x00, 0x00, 0xF3, 0x58, 0x16, 0x21,
        0x00, 0x00, 0x02, 0x00, 0x00, 0x00, 0xB3, 0x33, 0x30, 0xB9, 0xA7, 0xAD, 0xBC, 0x39, 0x64, 0x00, 0xB3, 0x33, 0x30, 0xB9,
        0xA7, 0xAD, 0xBC, 0x39, 0x02, 0x00, 0x00, 0x00, 0x6B, 0xB6, 0x8A, 0x30, 0x40, 0x35, 0x64, 0x00, 0x6B, 0xB6, 0x8A, 0x30,
        0x40, 0x35, 0xD4, 0x62, 0x52, 0xF6, 0x00, 0x00, 0x02, 0x00, 0x00, 0x00, 0x1E, 0x80, 0x7D, 0x00, 0x97, 0x80, 0x00, 0x3C,
        0x64, 0x00, 0x1E, 0x80, 0x7D, 0x00, 0x97, 0x80, 0x00, 0x3C, 0x02, 0x00, 0x00, 0x00, 0x12, 0x80, 0x0C, 0x80, 0x62, 0x80,
        0x64, 0x00, 0x12, 0x80, 0x0C, 0x80, 0x62, 0x80, 0xC6, 0x58, 0x95, 0xF7, 0x00, 0x00, 0x02, 0x00, 0x00, 0x00, 0x26, 0x00,
        0xF9, 0x05, 0x01, 0x00, 0x00, 0x3C, 0x64, 0x00, 0x26, 0x00, 0xF9, 0x05, 0x01, 0x00, 0x00, 0x3C, 0x02, 0x00, 0x00, 0x00,
        0x14, 0x80, 0x0C, 0x00, 0x7B, 0x80, 0x64, 0x00, 0x14, 0x80, 0x0C, 0x00, 0x7B, 0x80, 0x8E, 0x28, 0x3A, 0xA2, 0x00, 0x00,
        0x65, 0x00, 0x00, 0x00, 0x9F, 0x21, 0x68, 0x30, 0xC2, 0xA0, 0xEC, 0x3B, 0x01, 0x00, 0x9F, 0x21, 0x68, 0x30, 0xC2, 0xA0,
        0xEC, 0x3B, 0x02, 0x00, 0x9F, 0x21, 0x68, 0x30, 0xC2, 0xA0, 0xEC, 0x3B, 0x03, 0x00, 0x9F, 0x21, 0x68, 0x30, 0xC2, 0xA0,
        0xEC, 0x3B, 0x04, 0x00, 0x9F, 0x21, 0x68, 0x30, 0xC2, 0xA0, 0xEC, 0x3B, 0x05, 0x00, 0x9F, 0x21, 0x68, 0x30, 0xC2, 0xA0,
        0xEC, 0x3B, 0x06, 0x00, 0x9F, 0x21, 0x68, 0x30, 0xC2, 0xA0, 0xEC, 0x3B, 0x07, 0x00, 0x9F, 0x21, 0x68, 0x30, 0xC2, 0xA0,
        0xEC, 0x3B, 0x08, 0x00, 0x9F, 0x21, 0x68, 0x30, 0xC2, 0xA0, 0xEC, 0x3B, 0x09, 0x00, 0x9F, 0x21, 0x68, 0x30, 0xC2, 0xA0,
        0xEC, 0x3B, 0x0A, 0x00, 0x9F, 0x21, 0x68, 0x30, 0xC2, 0xA0, 0xEC, 0x3B, 0x0B, 0x00, 0x9F, 0x21, 0x68, 0x30, 0xC2, 0xA0,
        0xEC, 0x3B, 0x0C, 0x00, 0x9F, 0x21, 0x68, 0x30, 0xC2, 0xA0, 0xEC, 0x3B, 0x0D, 0x00, 0x9F, 0x21, 0x68, 0x30, 0xC2, 0xA0,
        0xEC, 0x3B, 0x0E, 0x00, 0x9F, 0x21, 0x68, 0x30, 0xC2, 0xA0, 0xEC, 0x3B, 0x0F, 0x00, 0x9F, 0x21, 0x68, 0x30, 0xC2, 0xA0,
        0xEC, 0x3B, 0x10, 0x00, 0x9F, 0x21, 0x68, 0x30, 0xC2, 0xA0, 0xEC, 0x3B, 0x11, 0x00, 0x9F, 0x21, 0x68, 0x30, 0xC2, 0xA0,
        0xEC, 0x3B, 0x12, 0x00, 0x9F, 0x21, 0x68, 0x30, 0xC2, 0xA0, 0xEC, 0x3B, 0x13, 0x00, 0x9F, 0x21, 0x68, 0x30, 0xC2, 0xA0,
        0xEC, 0x3B, 0x14, 0x00, 0x9F, 0x21, 0x68, 0x30, 0xC2, 0xA0, 0xEC, 0x3B, 0x15, 0x00, 0x9F, 0x21, 0x68, 0x30, 0xC2, 0xA0,
        0xEC, 0x3B, 0x16, 0x00, 0x9F, 0x21, 0x68, 0x30, 0xC2, 0xA0, 0xEC, 0x3B, 0x17, 0x00, 0x9F, 0x21, 0x68, 0x30, 0xC2, 0xA0,
        0xEC, 0x3B, 0x18, 0x00, 0x9F, 0x21, 0x68, 0x30, 0xC2, 0xA0, 0xEC, 0x3B, 0x19, 0x00, 0x9F, 0x21, 0x68, 0x30, 0xC2, 0xA0,
        0xEC, 0x3B, 0x1A, 0x00, 0x9F, 0x21, 0x68, 0x30, 0xC2, 0xA0, 0xEC, 0x3B, 0x1B, 0x00, 0x9F, 0x21, 0x68, 0x30, 0xC2, 0xA0,
        0xEC, 0x3B, 0x1C, 0x00, 0x9F, 0x21, 0x68, 0x30, 0xC2, 0xA0, 0xEC, 0x3B, 0x1D, 0x00, 0x9F, 0x21, 0x68, 0x30, 0xC2, 0xA0,
        0xEC, 0x3B, 0x1E, 0x00, 0x9F, 0x21, 0x68, 0x30, 0xC2, 0xA0, 0xEC, 0x3B, 0x1F, 0x00, 0x9F, 0x21, 0x68, 0x30, 0xC2, 0xA0,
        0xEC, 0x3B, 0x20, 0x00, 0x9F, 0x21, 0x68, 0x30, 0xC2, 0xA0, 0xEC, 0x3B, 0x21, 0x00, 0x9F, 0x21, 0x68, 0x30, 0xC2, 0xA0,
        0xEC, 0x3B, 0x22, 0x00, 0x9F, 0x21, 0x68, 0x30, 0xC2, 0xA0, 0xEC, 0x3B, 0x23, 0x00, 0x9F, 0x21, 0x68, 0x30, 0xC2, 0xA0,
        0xEC, 0x3B, 0x24, 0x00, 0x9F, 0x21, 0x68, 0x30, 0xC2, 0xA0, 0xEC, 0x3B, 0x25, 0x00, 0x9F, 0x21, 0x68, 0x30, 0xC2, 0xA0,
        0xEC, 0x3B, 0x26, 0x00, 0x9F, 0x21, 0x68, 0x30, 0xC2, 0xA0, 0xEC, 0x3B, 0x27, 0x00, 0x9F, 0x21, 0x68, 0x30, 0xC2, 0xA0,
        0xEC, 0x3B, 0x28, 0x00, 0x9F, 0x21, 0x68, 0x30, 0xC2, 0xA0, 0xEC, 0x3B, 0x29, 0x00, 0x9F, 0x21, 0x68, 0x30, 0xC2, 0xA0,
        0xEC, 0x3B, 0x2A, 0x00, 0x9F, 0x21, 0x68, 0x30, 0xC2, 0xA0, 0xEC, 0x3B, 0x2B, 0x00, 0x9F, 0x21, 0x68, 0x30, 0xC2, 0xA0,
        0xEC, 0x3B, 0x2C, 0x00, 0x9F, 0x21, 0x68, 0x30, 0xC2, 0xA0, 0xEC, 0x3B, 0x2D, 0x00, 0x9F, 0x21, 0x68, 0x30, 0xC2, 0xA0,
        0xEC, 0x3B, 0x2E, 0x00, 0x9F, 0x21, 0x68, 0x30, 0xC2, 0xA0, 0xEC, 0x3B, 0x2F, 0x00, 0x9F, 0x21, 0x68, 0x30, 0xC2, 0xA0,
        0xEC, 0x3B, 0x30, 0x00, 0x9F, 0x21, 0x68, 0x30, 0xC2, 0xA0, 0xEC, 0x3B, 0x31, 0x00, 0x9F, 0x21, 0x68, 0x30, 0xC2, 0xA0,
        0xEC, 0x3B, 0x32, 0x00, 0x9F, 0x21, 0x68, 0x30, 0xC2, 0xA0, 0xEC, 0x3B, 0x33, 0x00, 0x9F, 0x21, 0x68, 0x30, 0xC2, 0xA0,
        0xEC, 0x3B, 0x34, 0x00, 0x9F, 0x21, 0x68, 0x30, 0xC2, 0xA0, 0xEC, 0x3B, 0x35, 0x00, 0x9F, 0x21, 0x68, 0x30, 0xC2, 0xA0,
        0xEC, 0x3B, 0x36, 0x00, 0x9F, 0x21, 0x68, 0x30, 0xC2, 0xA0, 0xEC, 0x3B, 0x37, 0x00, 0x9F, 0x21, 0x68, 0x30, 0xC2, 0xA0,
        0xEC, 0x3B, 0x38, 0x00, 0x9F, 0x21, 0x68, 0x30, 0xC2, 0xA0, 0xEC, 0x3B, 0x39, 0x00, 0x9F, 0x21, 0x68, 0x30, 0xC2, 0xA0,
        0xEC, 0x3B, 0x3A, 0x00, 0x9F, 0x21, 0x68, 0x30, 0xC2, 0xA0, 0xEC, 0x3B, 0x3B, 0x00, 0x9F, 0x21, 0x68, 0x30, 0xC2, 0xA0,
        0xEC, 0x3B, 0x3C, 0x00, 0x9F, 0x21, 0x68, 0x30, 0xC2, 0xA0, 0xEC, 0x3B, 0x3D, 0x00, 0x9F, 0x21, 0x68, 0x30, 0xC2, 0xA0,
        0xEC, 0x3B, 0x3E, 0x00, 0x9F, 0x21, 0x68, 0x30, 0xC2, 0xA0, 0xEC, 0x3B, 0x3F, 0x00, 0x9F, 0x21, 0x68, 0x30, 0xC2, 0xA0,
        0xEC, 0x3B, 0x40, 0x00, 0x9F, 0x21, 0x68, 0x30, 0xC2, 0xA0, 0xEC, 0x3B, 0x41, 0x00, 0x9F, 0x21, 0x68, 0x30, 0xC2, 0xA0,
        0xEC, 0x3B, 0x42, 0x00, 0x9F, 0x21, 0x68, 0x30, 0xC2, 0xA0, 0xEC, 0x3B, 0x43, 0x00, 0x9F, 0x21, 0x68, 0x30, 0xC2, 0xA0,
        0xEC, 0x3B, 0x44, 0x00, 0x9F, 0x21, 0x68, 0x30, 0xC2, 0xA0, 0xEC, 0x3B, 0x45, 0x00, 0x9F, 0x21, 0x68, 0x30, 0xC2, 0xA0,
        0xEC, 0x3B, 0x46, 0x00, 0x9F, 0x21, 0x68, 0x30, 0xC2, 0xA0, 0xEC, 0x3B, 0x47, 0x00, 0x9F, 0x21, 0x68, 0x30, 0xC2, 0xA0,
        0xEC, 0x3B, 0x48, 0x00, 0x9F, 0x21, 0x68, 0x30, 0xC2, 0xA0, 0xEC, 0x3B, 0x49, 0x00, 0x9F, 0x21, 0x68, 0x30, 0xC2, 0xA0,
        0xEC, 0x3B, 0x4A, 0x00, 0x9F, 0x21, 0x68, 0x30, 0xC2, 0xA0, 0xEC, 0x3B, 0x4B, 0x00, 0x9F, 0x21, 0x68, 0x30, 0xC2, 0xA0,
        0xEC, 0x3B, 0x4C, 0x00, 0x9F, 0x21, 0x68, 0x30, 0xC2, 0xA0, 0xEC, 0x3B, 0x4D, 0x00, 0x9F, 0x21, 0x68, 0x30, 0xC2, 0xA0,
        0xEC, 0x3B, 0x4E, 0x00, 0x9F, 0x21, 0x68, 0x30, 0xC2, 0xA0, 0xEC, 0x3B, 0x4F, 0x00, 0x9F, 0x21, 0x68, 0x30, 0xC2, 0xA0,
        0xEC, 0x3B, 0x50, 0x00, 0x9F, 0x21, 0x68, 0x30, 0xC2, 0xA0, 0xEC, 0x3B, 0x51, 0x00, 0x9F, 0x21, 0x68, 0x30, 0xC2, 0xA0,
        0xEC, 0x3B, 0x52, 0x00, 0x9F, 0x21, 0x68, 0x30, 0xC2, 0xA0, 0xEC, 0x3B, 0x53, 0x00, 0x9F, 0x21, 0x68, 0x30, 0xC2, 0xA0,
        0xEC, 0x3B, 0x54, 0x00, 0x9F, 0x21, 0x68, 0x30, 0xC2, 0xA0, 0xEC, 0x3B, 0x55, 0x00, 0x9F, 0x21, 0x68, 0x30, 0xC2, 0xA0,
        0xEC, 0x3B, 0x56, 0x00, 0x9F, 0x21, 0x68, 0x30, 0xC2, 0xA0, 0xEC, 0x3B, 0x57, 0x00, 0x9F, 0x21, 0x68, 0x30, 0xC2, 0xA0,
        0xEC, 0x3B, 0x58, 0x00, 0x9F, 0x21, 0x68, 0x30, 0xC2, 0xA0, 0xEC, 0x3B, 0x59, 0x00, 0x9F, 0x21, 0x68, 0x30, 0xC2, 0xA0,
        0xEC, 0x3B, 0x5A, 0x00, 0x9F, 0x21, 0x68, 0x30, 0xC2, 0xA0, 0xEC, 0x3B, 0x5B, 0x00, 0x9F, 0x21, 0x68, 0x30, 0xC2, 0xA0,
        0xEC, 0x3B, 0x5C, 0x00, 0x9F, 0x21, 0x68, 0x30, 0xC2, 0xA0, 0xEC, 0x3B, 0x5D, 0x00, 0x9F, 0x21, 0x68, 0x30, 0xC2, 0xA0,
        0xEC, 0x3B, 0x5E, 0x00, 0x9F, 0x21, 0x68, 0x30, 0xC2, 0xA0, 0xEC, 0x3B, 0x5F, 0x00, 0x9F, 0x21, 0x68, 0x30, 0xC2, 0xA0,
        0xEC, 0x3B, 0x60, 0x00, 0x9F, 0x21, 0x68, 0x30, 0xC2, 0xA0, 0xEC, 0x3B, 0x61, 0x00, 0x9F, 0x21, 0x68, 0x30, 0xC2, 0xA0,
        0xEC, 0x3B, 0x62, 0x00, 0x9F, 0x21, 0x68, 0x30, 0xC2, 0xA0, 0xEC, 0x3B, 0x63, 0x00, 0x9F, 0x21, 0x68, 0x30, 0xC2, 0xA0,
        0xEC, 0x3B, 0x64, 0x00, 0x9F, 0x21, 0x68, 0x30, 0xC2, 0xA0, 0xEC, 0x3B, 0x02, 0x00, 0x00, 0x00, 0xB4, 0x85, 0x00, 0x00,
        0xC1, 0x8F, 0x64, 0x00, 0xB4, 0x85, 0x00, 0x00, 0xC1, 0x8F, 0x90, 0x23, 0xD1, 0x50, 0x00, 0x00, 0x02, 0x00, 0x00, 0x00,
        0x9C, 0xAA, 0x31, 0x80, 0x22, 0x00, 0xFD, 0x3B, 0x64, 0x00, 0x9C, 0xAA, 0x31, 0x80, 0x22, 0x00, 0xFD, 0x3B, 0x02, 0x00,
        0x00, 0x00, 0x00, 0x80, 0x7A, 0x80, 0x02, 0x80, 0x64, 0x00, 0x00, 0x80, 0x7A, 0x80, 0x02, 0x80, 0x14, 0xB3, 0x40, 0xB4,
        0x00, 0x00, 0x02, 0x00, 0x00, 0x00, 0xEC, 0x93, 0xD6, 0x2C, 0x5A, 0x1A, 0xFA, 0x3B, 0x64, 0x00, 0xEC, 0x93, 0xD6, 0x2C,
        0x5A, 0x1A, 0xFA, 0x3B, 0x00, 0x00, 0xCB, 0xCC, 0x3F, 0xDE, 0x00, 0x00, 0x02, 0x00, 0x00, 0x00, 0x16, 0x17, 0xF4, 0x29,
        0x71, 0x25, 0xFD, 0x3B, 0x64, 0x00, 0x16, 0x17, 0xF4, 0x29, 0x71, 0x25, 0xFD, 0x3B, 0x00, 0x00, 0x34, 0xF4, 0x5D, 0x9B,
        0x00, 0x00, 0x02, 0x00, 0x00, 0x00, 0x80, 0xAA, 0x2D, 0x36, 0xF9, 0x2C, 0x58, 0x3B, 0x64, 0x00, 0x80, 0xAA, 0x2D, 0x36,
        0xF9, 0x2C, 0x58, 0x3B, 0x00, 0x00, 0x45, 0x7B, 0xD9, 0x24, 0x00, 0x00, 0x02, 0x00, 0x00, 0x00, 0x6C, 0xB0, 0xCC, 0x37,
        0x54, 0x24, 0xE6, 0x3A, 0x64, 0x00, 0x6C, 0xB0, 0xCC, 0x37, 0x54, 0x24, 0xE6, 0x3A, 0x00, 0x00, 0x73, 0x68, 0x81, 0x53,
        0x00, 0x00, 0x02, 0x00, 0x00, 0x00, 0xAA, 0x1F, 0xA7, 0x36, 0x75, 0x27, 0x46, 0x3B, 0x64, 0x00, 0xAA, 0x1F, 0xA7, 0x36,
        0x75, 0x27, 0x46, 0x3B, 0x02, 0x00, 0x00, 0x00, 0x4C, 0x00, 0x22, 0x80, 0x0A, 0x00, 0x64, 0x00, 0x4C, 0x00, 0x22, 0x80,
        0x0A, 0x00, 0xCB, 0x19, 0xC4, 0x44, 0x00, 0x00, 0x02, 0x00, 0x00, 0x00, 0xD8, 0x99, 0x44, 0x36, 0x06, 0xA2, 0x5C, 0x3B,
        0x64, 0x00, 0xD8, 0x99, 0x44, 0x36, 0x06, 0xA2, 0x5C, 0x3B, 0x02, 0x00, 0x00, 0x00, 0x4C, 0x00, 0x21, 0x00, 0x0B, 0x00,
        0x64, 0x00, 0x4C, 0x00, 0x21, 0x00, 0x0B, 0x00, 0xF5, 0x6C, 0x40, 0x51, 0x00, 0x00, 0x02, 0x00, 0x00, 0x00, 0x63, 0x31,
        0xCD, 0x35, 0xA0, 0x2E, 0x49, 0x3B, 0x64, 0x00, 0x63, 0x31, 0xCD, 0x35, 0xA0, 0x2E, 0x49, 0x3B, 0x00, 0x00, 0x7B, 0x30,
        0x4E, 0xFD, 0x00, 0x00, 0x02, 0x00, 0x00, 0x00, 0xE4, 0x27, 0x03, 0x85, 0x78, 0x00, 0xFF, 0x3B, 0x64, 0x00, 0xE4, 0x27,
        0x03, 0x85, 0x78, 0x00, 0xFF, 0x3B, 0x02, 0x00, 0x00, 0x00, 0x6C, 0x9F, 0xFF, 0xA1, 0x42, 0x8E, 0x64, 0x00, 0x6C, 0x9F,
        0xFF, 0xA1, 0x42, 0x8E, 0x4F, 0x1C, 0xB8, 0x2F, 0x00, 0x00, 0x02, 0x00, 0x00, 0x00, 0x82, 0xAD, 0xF5, 0x31, 0xD1, 0xB1,
        0xB2, 0x3B, 0x64, 0x00, 0x82, 0xAD, 0xF5, 0x31, 0xD1, 0xB1, 0xB2, 0x3B, 0x00, 0x00, 0x24, 0xF7, 0x51, 0xC4, 0x00, 0x00,
        0x02, 0x00, 0x00, 0x00, 0xFD, 0x3B, 0x33, 0x28, 0xB4, 0x28, 0x7C, 0xA3, 0x64, 0x00, 0xFD, 0x3B, 0x33, 0x28, 0xB4, 0x28,
        0x7C, 0xA3, 0x02, 0x00, 0x00, 0x00, 0x5B, 0x2B, 0xBA, 0x23, 0x3E, 0x9A, 0x64, 0x00, 0x5B, 0x2B, 0xBA, 0x23, 0x3E, 0x9A,
        0x34, 0x44, 0xCF, 0xFF, 0x00, 0x00, 0x02, 0x00, 0x00, 0x00, 0x2C, 0xAA, 0x2C, 0xB7, 0x9D, 0x2A, 0x21, 0x3B, 0x64, 0x00,
        0x2C, 0xAA, 0x2C, 0xB7, 0x9D, 0x2A, 0x21, 0x3B, 0x00, 0x00, 0x5D, 0x4D, 0x7A, 0xCD, 0x00, 0x00, 0x02, 0x00, 0x00, 0x00,
        0xF0, 0xAC, 0x30, 0xB7, 0x2B, 0x2B, 0x1B, 0x3B, 0x64, 0x00, 0xF0, 0xAC, 0x30, 0xB7, 0x2B, 0x2B, 0x1B, 0x3B, 0x00, 0x00,
        0x2B, 0xC2, 0x80, 0xD7, 0x00, 0x00, 0x02, 0x00, 0x00, 0x00, 0x3A, 0x2C, 0x15, 0xB8, 0x16, 0x18, 0xDC, 0x3A, 0x64, 0x00,
        0x3A, 0x2C, 0x15, 0xB8, 0x16, 0x18, 0xDC, 0x3A, 0x02, 0x00, 0x00, 0x00, 0xC4, 0x80, 0x00, 0x00, 0x21, 0x00, 0x64, 0x00,
        0xC4, 0x80, 0x00, 0x00, 0x21, 0x00, 0x77, 0x56, 0x43, 0xFF, 0x00, 0x00, 0x02, 0x00, 0x00, 0x00, 0x65, 0x2E, 0xCC, 0xB6,
        0x9D, 0x28, 0x31, 0x3B, 0x64, 0x00, 0x65, 0x2E, 0xCC, 0xB6, 0x9D, 0x28, 0x31, 0x3B, 0x02, 0x00, 0x00, 0x00, 0xAE, 0x80,
        0x0B, 0x80, 0x15, 0x00, 0x64, 0x00, 0xAE, 0x80, 0x0B, 0x80, 0x15, 0x00, 0xA5, 0xFF, 0x33, 0xF1, 0x00, 0x00, 0x02, 0x00,
        0x00, 0x00, 0x06, 0x29, 0xCD, 0x2A, 0x18, 0xA1, 0xFB, 0x3B, 0x64, 0x00, 0x06, 0x29, 0xCD, 0x2A, 0x18, 0xA1, 0xFB, 0x3B,
        0x00, 0x00, 0x60, 0x60, 0xA3, 0xB1, 0x00, 0x00, 0x02, 0x00, 0x00, 0x00, 0x29, 0xA7, 0x08, 0xAA, 0x8D, 0x3B, 0x39, 0xB5,
        0x64, 0x00, 0x29, 0xA7, 0x08, 0xAA, 0x8D, 0x3B, 0x39, 0xB5, 0x02, 0x00, 0x00, 0x00, 0x5B, 0x2B, 0xBA, 0x23, 0x40, 0x1A,
        0x64, 0x00, 0x5B, 0x2B, 0xBA, 0x23, 0x40, 0x1A, 0x66, 0xB0, 0x98, 0x55, 0x00, 0x00, 0x02, 0x00, 0x00, 0x00, 0xD8, 0x22,
        0x6C, 0xB5, 0x8D, 0xAB, 0x83, 0x3B, 0x64, 0x00, 0xD8, 0x22, 0x6C, 0xB5, 0x8D, 0xAB, 0x83, 0x3B, 0x00, 0x00, 0x7E, 0x07,
        0xF9, 0x49, 0x00, 0x00, 0x02, 0x00, 0x00, 0x00, 0x76, 0x2C, 0xD0, 0xB5, 0x3C, 0x22, 0x6F, 0x3B, 0x64, 0x00, 0x76, 0x2C,
        0xD0, 0xB5, 0x3C, 0x22, 0x6F, 0x3B, 0x00, 0x00, 0x73, 0x35, 0x09, 0x5B, 0x00, 0x00, 0x02, 0x00, 0x00, 0x00, 0x53, 0xAE,
        0xF6, 0xB6, 0x57, 0x29, 0x27, 0x3B, 0x64, 0x00, 0x53, 0xAE, 0xF6, 0xB6, 0x57, 0x29, 0x27, 0x3B, 0x02, 0x00, 0x00, 0x00,
        0xC6, 0x80, 0x03, 0x80, 0x22, 0x00, 0x64, 0x00, 0xC6, 0x80, 0x03, 0x80, 0x22, 0x00, 0xD1, 0xAA, 0x4F, 0x2C, 0x00, 0x00,
        0x02, 0x00, 0x00, 0x00, 0x32, 0xB0, 0xBD, 0xB5, 0x74, 0x2E, 0x5A, 0x3B, 0x64, 0x00, 0x32, 0xB0, 0xBD, 0xB5, 0x74, 0x2E,
        0x5A, 0x3B, 0x02, 0x00, 0x00, 0x00, 0xAF, 0x80, 0x08, 0x00, 0x15, 0x00, 0x64, 0x00, 0xAF, 0x80, 0x08, 0x00, 0x15, 0x00,
        0x94, 0x77, 0x0F, 0xE8, 0x00, 0x00, 0x02, 0x00, 0x00, 0x00, 0x03, 0x23, 0x61, 0x2D, 0xC4, 0x27, 0xF8, 0x3B, 0x64, 0x00,
        0x03, 0x23, 0x61, 0x2D, 0xC4, 0x27, 0xF8, 0x3B, 0x00, 0x00, 0x89, 0x7C, 0x4D, 0x2C, 0x00, 0x00, 0x02, 0x00, 0x00, 0x00,
        0x6E, 0x1D, 0x40, 0xB0, 0x85, 0xA0, 0xEE, 0x3B, 0x64, 0x00, 0x6E, 0x1D, 0x40, 0xB0, 0x85, 0xA0, 0xEE, 0x3B, 0x00, 0x00,
        0xBC, 0xD7, 0x9B, 0x85, 0x00, 0x00, 0x02, 0x00, 0x00, 0x00, 0x70, 0x81, 0xF5, 0xB5, 0x6B, 0x00, 0x6D, 0x3B, 0x64, 0x00,
        0x70, 0x81, 0xF5, 0xB5, 0x6B, 0x00, 0x6D, 0x3B, 0x00, 0x00, 0xD1, 0x24, 0x43, 0x3D, 0x00, 0x00, 0x02, 0x00, 0x00, 0x00,
        0xEA, 0x00, 0xF7, 0xB7, 0xCD, 0x00, 0xF0, 0x3A, 0x64, 0x00, 0xEA, 0x00, 0xF7, 0xB7, 0xCD, 0x00, 0xF0, 0x3A, 0x00, 0x00,
        0xE4, 0xBB, 0xF3, 0xE5, 0x00, 0x00, 0x02, 0x00, 0x00, 0x00, 0x44, 0x80, 0xC1, 0xB8, 0x46, 0x00, 0x6F, 0x3A, 0x64, 0x00,
        0x44, 0x80, 0xC1, 0xB8, 0x46, 0x00, 0x6F, 0x3A, 0x00, 0x00, 0x86, 0x6C, 0x11, 0x66, 0x00, 0x00, 0x02, 0x00, 0x00, 0x00,
        0x4A, 0x80, 0xEF, 0xB2, 0x52, 0x00, 0xCF, 0x3B, 0x64, 0x00, 0x4A, 0x80, 0xEF, 0xB2, 0x52, 0x00, 0xCF, 0x3B, 0x00, 0x00,
        0xCC, 0x12, 0xD0, 0x40, 0x00, 0x00, 0x02, 0x00, 0x00, 0x00, 0xCE, 0xA0, 0xD4, 0xAF, 0xE6, 0xA6, 0xF0, 0x3B, 0x64, 0x00,
        0xCE, 0xA0, 0xD4, 0xAF, 0xE6, 0xA6, 0xF0, 0x3B, 0x00, 0x00, 0xBB, 0x42, 0x77, 0x79, 0x00, 0x00, 0x02, 0x00, 0x00, 0x00,
        0x66, 0x27, 0x6F, 0xB5, 0x5F, 0xA7, 0x84, 0x3B, 0x64, 0x00, 0x66, 0x27, 0x6F, 0xB5, 0x5F, 0xA7, 0x84, 0x3B, 0x00, 0x00,
        0x7D, 0x97, 0xFF, 0x62, 0x00, 0x00, 0x02, 0x00, 0x00, 0x00, 0x30, 0x12, 0x95, 0xB6, 0x50, 0x24, 0x4A, 0x3B, 0x64, 0x00,
        0x30, 0x12, 0x95, 0xB6, 0x50, 0x24, 0x4A, 0x3B, 0x00, 0x00, 0x5C, 0xBD, 0x12, 0xC5, 0x00, 0x00, 0x02, 0x00, 0x00, 0x00,
        0xFA, 0x25, 0x18, 0xB7, 0xCA, 0x29, 0x29, 0x3B, 0x64, 0x00, 0xFA, 0x25, 0x18, 0xB7, 0xCA, 0x29, 0x29, 0x3B, 0x00, 0x00,
        0xF6, 0x92, 0xB5, 0xD9, 0x00, 0x00, 0x02, 0x00, 0x00, 0x00, 0xDB, 0xA1, 0xF3, 0xAC, 0x10, 0x22, 0xFA, 0x3B, 0x64, 0x00,
        0xDB, 0xA1, 0xF3, 0xAC, 0x10, 0x22, 0xFA, 0x3B, 0x00, 0x00, 0xE7, 0xE6, 0x83, 0xBC, 0x00, 0x00, 0x02, 0x00, 0x00, 0x00,
        0x10, 0x00, 0xB9, 0xB4, 0x15, 0x00, 0xA5, 0x3B, 0x64, 0x00, 0x10, 0x00, 0xB9, 0xB4, 0x15, 0x00, 0xA5, 0x3B, 0x00, 0x00,
        0x7F, 0x12, 0xA9, 0x74, 0x00, 0x00, 0x02, 0x00, 0x00, 0x00, 0x15, 0x00, 0xBC, 0xB4, 0x4D, 0x80, 0xA4, 0x3B, 0x64, 0x00,
        0x15, 0x00, 0xBC, 0xB4, 0x4D, 0x80, 0xA4, 0x3B, 0x00, 0x00, 0xDB, 0xAB, 0x54, 0xCC, 0x00, 0x00, 0x02, 0x00, 0x00, 0x00,
        0x05, 0x80, 0x69, 0xB2, 0x07, 0x80, 0xD6, 0x3B, 0x64, 0x00, 0x05, 0x80, 0x69, 0xB2, 0x07, 0x80, 0xD6, 0x3B, 0x00, 0x00,
        0xBC, 0x59, 0x67, 0xEF, 0x00, 0x00, 0x02, 0x00, 0x00, 0x00, 0x02, 0x00, 0xD1, 0xB3, 0x02, 0x00, 0xC2, 0x3B, 0x64, 0x00,
        0x02, 0x00, 0xD1, 0xB3, 0x02, 0x00, 0xC2, 0x3B, 0x00, 0x00, 0x25, 0x2A, 0xD9, 0x7B, 0x00, 0x00, 0x02, 0x00, 0x00, 0x00,
        0x01, 0x80, 0x74, 0xB3, 0x04, 0x00, 0xC8, 0x3B, 0x64, 0x00, 0x01, 0x80, 0x74, 0xB3, 0x04, 0x00, 0xC8, 0x3B, 0x00, 0x00,
        0x4F, 0x31, 0xD5, 0x6A, 0x00, 0x00, 0x02, 0x00, 0x00, 0x00, 0x59, 0x23, 0x35, 0xB2, 0x75, 0xA7, 0xD8, 0x3B, 0x64, 0x00,
        0x59, 0x23, 0x35, 0xB2, 0x75, 0xA7, 0xD8, 0x3B, 0x00, 0x00, 0x3B, 0xFD, 0x3F, 0xAA, 0x00, 0x00, 0x02, 0x00, 0x00, 0x00,
        0x5A, 0xA9, 0x2D, 0xAE, 0xA3, 0x28, 0xF3, 0x3B, 0x64, 0x00, 0x5A, 0xA9, 0x2D, 0xAE, 0xA3, 0x28, 0xF3, 0x3B, 0x00, 0x00,
        0x54, 0x94, 0x79, 0x0C, 0x00, 0x00, 0x02, 0x00, 0x00, 0x00, 0xC7, 0x2A, 0x9F, 0xAF, 0xCB, 0xA3, 0xEE, 0x3B, 0x64, 0x00,
        0xC7, 0x2A, 0x9F, 0xAF, 0xCB, 0xA3, 0xEE, 0x3B, 0x00, 0x00, 0x0D, 0x9F, 0x1A, 0x93, 0x00, 0x00, 0x02, 0x00, 0x00, 0x00,
        0x84, 0xA5, 0x6D, 0xB3, 0x10, 0x1D, 0xC8, 0x3B, 0x64, 0x00, 0x84, 0xA5, 0x6D, 0xB3, 0x10, 0x1D, 0xC8, 0x3B, 0x00, 0x00,
        0xD5, 0xE3, 0xDC, 0x21, 0x00, 0x00, 0x02, 0x00, 0x00, 0x00, 0xAE, 0xA0, 0xBE, 0xB1, 0xE9, 0x24, 0xDE, 0x3B, 0x64, 0x00,
        0xAE, 0xA0, 0xBE, 0xB1, 0xE9, 0x24, 0xDE, 0x3B, 0x00, 0x00, 0x15, 0xF1, 0x6F, 0x52, 0x00, 0x00, 0x00, 0x00, 0x02, 0x00,
        0x00, 0x00, 0xAE, 0xA0, 0xA7, 0x67, 0x80, 0x29, 0x55, 0xA8, 0x06, 0x17, 0x8C, 0x7E, 0x4E, 0x30, 0x64, 0x00, 0xAE, 0xA0,
        0xA7, 0x67, 0x80, 0x29, 0x55, 0xA8, 0x06, 0x17, 0x8C, 0x7E, 0x4E, 0x30, 0xB8, 0xE7, 0x9A, 0xE1, 0x00, 0x00, 0x02, 0x00,
        0x00, 0x00, 0x02, 0x80, 0x13, 0x00, 0x86, 0x30, 0xEB, 0x3B, 0x64, 0x00, 0x02, 0x80, 0x13, 0x00, 0x86, 0x30, 0xEB, 0x3B,
        0x02, 0x00, 0x00, 0x00, 0x03, 0x80, 0x5F, 0x24, 0x4F, 0x3C, 0xBB, 0x45, 0x60, 0xBF, 0x87, 0xD4, 0x0B, 0xB3, 0x64, 0x00,
        0x03, 0x80, 0x5F, 0x24, 0x4F, 0x3C, 0xBB, 0x45, 0x60, 0xBF, 0x87, 0xD4, 0x0B, 0xB3, 0xB0, 0x4D, 0xDA, 0xDC, 0x00, 0x00,
        0x00, 0x00, 0x02, 0x00, 0x00, 0x00, 0x03, 0x80, 0x88, 0x60, 0x34, 0x35, 0xF4, 0x35, 0xAD, 0xBF, 0x5E, 0x29, 0xC6, 0xBE,
        0x64, 0x00, 0x03, 0x80, 0x88, 0x60, 0x34, 0x35, 0xF4, 0x35, 0xAD, 0xBF, 0x5E, 0x29, 0xC6, 0xBE, 0xC4, 0x3F, 0xC6, 0xA6,
        0x00, 0x00, 0x00, 0x00, 0x02, 0x00, 0x00, 0x00, 0x03, 0x80, 0x3B, 0xB2, 0x33, 0x35, 0xF4, 0x35, 0xAD, 0xBF, 0x5E, 0x29,
        0xC6, 0xBE, 0x64, 0x00, 0x03, 0x80, 0x3B, 0xB2, 0x33, 0x35, 0xF4, 0x35, 0xAD, 0xBF, 0x5E, 0x29, 0xC6, 0xBE, 0x86, 0xA8,
        0x1D, 0x7E, 0x00, 0x00, 0x00, 0x00, 0x02, 0x00, 0x00, 0x00, 0x03, 0x80, 0x4A, 0x99, 0x13, 0x35, 0xF4, 0x35, 0xAD, 0xBF,
        0x5E, 0x29, 0xC6, 0xBE, 0x64, 0x00, 0x03, 0x80, 0x4A, 0x99, 0x13, 0x35, 0xF4, 0x35, 0xAD, 0xBF, 0x5E, 0x29, 0xC6, 0xBE,
        0x9A, 0x2B, 0x9A, 0xD6, 0x00, 0x00, 0x00, 0x00, 0x02, 0x00, 0x00, 0x00, 0x03, 0x80, 0x15, 0x6C, 0x08, 0x35, 0xF4, 0x35,
        0xAD, 0xBF, 0x5E, 0x29, 0xC6, 0xBE, 0x64, 0x00, 0x03, 0x80, 0x15, 0x6C, 0x08, 0x35, 0xF4, 0x35, 0xAD, 0xBF, 0x5E, 0x29,
        0xC6, 0xBE,
    };
    inline constexpr uint8_t kLeanWalkfastLod[] = {
        0x50, 0x41, 0x52, 0x20, 0x02, 0x03, 0x00, 0x01, 0x02, 0x03, 0x04, 0x05, 0x06, 0x07, 0x08, 0x09, 0x9F, 0x01, 0x00, 0x00,
        0xB9, 0x69, 0x29, 0x9F, 0x00, 0x00, 0x80, 0x3F, 0x00, 0x00, 0x80, 0x3F, 0x00, 0x00, 0x80, 0x3F, 0x1F, 0x00, 0x00, 0xB0,
        0xF1, 0xE2, 0x35, 0xB4, 0xE6, 0xEF, 0x7F, 0xB4, 0x00, 0x00, 0x80, 0x3F, 0x17, 0xA9, 0x1F, 0xB3, 0xF4, 0x35, 0xAD, 0x3F,
        0x5E, 0x29, 0xC6, 0x3E, 0x00, 0x00, 0x80, 0x3F, 0x00, 0x00, 0x80, 0x3F, 0x00, 0x00, 0x80, 0x3F, 0x1F, 0x00, 0x00, 0xB0,
        0xF1, 0xE2, 0x35, 0xB4, 0xE6, 0xEF, 0x7F, 0xB4, 0x00, 0x00, 0x80, 0x3F, 0xF0, 0xC3, 0x23, 0xB3, 0xFC, 0xA9, 0xB1, 0x3F,
        0x9E, 0x41, 0xCB, 0x3E, 0x71, 0xE5, 0x78, 0x3F, 0x55, 0x55, 0x55, 0x40, 0x05, 0x00, 0x00, 0x00, 0x1F, 0x00, 0x06, 0x00,
        0x00, 0x00, 0x00, 0x00, 0x32, 0x02, 0x00, 0x00, 0xF3, 0x58, 0x16, 0x21, 0x00, 0x02, 0x00, 0x0F, 0xD6, 0xFA, 0x2E, 0x11,
        0x0F, 0xD6, 0xFA, 0x2E, 0x02, 0x00, 0xF3, 0x05, 0x0A, 0x11, 0xF3, 0x05, 0x0A, 0x45, 0x7B, 0xD9, 0x24, 0x00, 0x02, 0x00,
        0xF7, 0x1F, 0x01, 0x37, 0x11, 0xF7, 0x1F, 0x01, 0x37, 0x00, 0x24, 0xC1, 0x83, 0x25, 0x00, 0x02, 0x00, 0x00, 0x00, 0x00,
        0x40, 0x11, 0x00, 0x00, 0x00, 0x40, 0x00, 0x4F, 0x1C, 0xB8, 0x2F, 0x00, 0x02, 0x00, 0xFA, 0x0C, 0xF4, 0x3E, 0x11, 0xFA,
        0x0C, 0xF4, 0x3E, 0x00, 0x38, 0xB9, 0x77, 0x37, 0x00, 0x02, 0x00, 0x00, 0x00, 0x00, 0x40, 0x11, 0x00, 0x00, 0x00, 0x40,
        0x02, 0x00, 0xFE, 0x00, 0x00, 0x11, 0xFE, 0x00, 0x00, 0x3A, 0x9A, 0x73, 0x3C, 0x00, 0x02, 0x00, 0x00, 0x00, 0x00, 0x40,
        0x11, 0x00, 0x00, 0x00, 0x40, 0x02, 0x00, 0x00, 0x00, 0x00, 0x11, 0x00, 0x00, 0x00, 0xCB, 0x19, 0xC4, 0x44, 0x00, 0x02,
        0x00, 0x00, 0x19, 0xFF, 0x3B, 0x11, 0x00, 0x19, 0xFF, 0x3B, 0x02, 0x00, 0x00, 0x00, 0x00, 0x11, 0x00, 0x00, 0x00, 0x90,
        0x23, 0xD1, 0x50, 0x00, 0x02, 0x00, 0xFD, 0x00, 0x00, 0x40, 0x11, 0xFD, 0x00, 0x00, 0x40, 0x02, 0x00, 0x00, 0x00, 0x00,
        0x11, 0x00, 0x00, 0x00, 0xF5, 0x6C, 0x40, 0x51, 0x00, 0x02, 0x00, 0x0B, 0x17, 0x07, 0x3A, 0x11, 0x0B, 0x17, 0x07, 0x3A,
        0x00, 0x73, 0x68, 0x81, 0x53, 0x00, 0x02, 0x00, 0x00, 0x1B, 0x02, 0x3A, 0x11, 0x00, 0x1B, 0x02, 0x3A, 0x02, 0x00, 0x00,
        0x00, 0x00, 0x11, 0x00, 0x00, 0x00, 0x02, 0x4D, 0x31, 0x59, 0x00, 0x02, 0x00, 0x00, 0x2E, 0x00, 0x2D, 0x11, 0x00, 0x2E,
        0x00, 0x2D, 0x00, 0x6F, 0x4D, 0x66, 0x67, 0x00, 0x02, 0x00, 0x00, 0x00, 0x00, 0x40, 0x11, 0x00, 0x00, 0x00, 0x40, 0x00,
        0x34, 0xF4, 0x5D, 0x9B, 0x00, 0x02, 0x00, 0xFD, 0x19, 0x05, 0x3B, 0x11, 0xFD, 0x19, 0x05, 0x3B, 0x00, 0x8E, 0x28, 0x3A,
        0xA2, 0x00, 0x02, 0x00, 0x01, 0x09, 0xFF, 0x3F, 0x11, 0x01, 0x09, 0xFF, 0x3F, 0x02, 0x00, 0x00, 0x00, 0x00, 0x11, 0x00,
        0x00, 0x00, 0x77, 0x26, 0x80, 0xAB, 0x00, 0x02, 0x00, 0x00, 0x34, 0x00, 0x26, 0x11, 0x00, 0x34, 0x00, 0x26, 0x00, 0x60,
        0x60, 0xA3, 0xB1, 0x00, 0x02, 0x00, 0xFE, 0xFD, 0x3C, 0xEB, 0x11, 0xFE, 0xFD, 0x3C, 0xEB, 0x02, 0x00, 0x02, 0x00, 0x00,
        0x11, 0x02, 0x00, 0x00, 0x14, 0xB3, 0x40, 0xB4, 0x00, 0x02, 0x00, 0x00, 0x05, 0x00, 0x40, 0x11, 0x00, 0x05, 0x00, 0x40,
        0x00, 0x37, 0x13, 0x1D, 0xBC, 0x00, 0x02, 0x00, 0xFC, 0xEF, 0xFA, 0x3D, 0x11, 0xFC, 0xEF, 0xFA, 0x3D, 0x00, 0x04, 0x5A,
        0x35, 0xBF, 0x00, 0x02, 0x00, 0x00, 0x00, 0x00, 0x40, 0x11, 0x00, 0x00, 0x00, 0x40, 0x02, 0x00, 0x00, 0x00, 0x00, 0x11,
        0x00, 0x00, 0x00, 0x24, 0xF7, 0x51, 0xC4, 0x00, 0x02, 0x00, 0x40, 0x02, 0x02, 0xFF, 0x11, 0x40, 0x02, 0x02, 0xFF, 0x02,
        0x00, 0x02, 0x00, 0x00, 0x11, 0x02, 0x00, 0x00, 0x0D, 0x91, 0xFA, 0xCC, 0x00, 0x02, 0x00, 0xFE, 0xF6, 0x00, 0x3F, 0x11,
        0xFE, 0xF6, 0x00, 0x3F, 0x02, 0x00, 0x00, 0x00, 0x00, 0x11, 0x00, 0x00, 0x00, 0x09, 0x91, 0x7D, 0xD1, 0x00, 0x02, 0x00,
        0x08, 0xEF, 0x09, 0x3D, 0x11, 0x08, 0xEF, 0x09, 0x3D, 0x00, 0xC9, 0x0A, 0xE9, 0xD2, 0x00, 0x02, 0x00, 0x00, 0xFA, 0x00,
        0x40, 0x11, 0x00, 0xFA, 0x00, 0x40, 0x02, 0x00, 0x00, 0x00, 0x00, 0x11, 0x00, 0x00, 0x00, 0xFA, 0xE9, 0x39, 0xD4, 0x00,
        0x02, 0x00, 0x01, 0x09, 0x00, 0x3F, 0x11, 0x01, 0x09, 0x00, 0x3F, 0x02, 0x00, 0x00, 0x00, 0x00, 0x11, 0x00, 0x00, 0x00,
        0x66, 0x9D, 0xAB, 0xD9, 0x00, 0x02, 0x00, 0x00, 0xEC, 0xFF, 0x3D, 0x11, 0x00, 0xEC, 0xFF, 0x3D, 0x02, 0x00, 0x00, 0x00,
        0x00, 0x11, 0x00, 0x00, 0x00, 0xF3, 0x07, 0x9C, 0xDD, 0x00, 0x02, 0x00, 0x00, 0x0A, 0x02, 0x3F, 0x11, 0x00, 0x0A, 0x02,
        0x3F, 0x00, 0xCB, 0xCC, 0x3F, 0xDE, 0x00, 0x02, 0x00, 0x00, 0x03, 0x01, 0x40, 0x11, 0x00, 0x03, 0x01, 0x40, 0x00, 0x7C,
        0x78, 0xA5, 0xF4, 0x00, 0x02, 0x00, 0xFD, 0xFE, 0xF8, 0x3F, 0x11, 0xFD, 0xFE, 0xF8, 0x3F, 0x00, 0xD4, 0x62, 0x52, 0xF6,
        0x00, 0x02, 0x00, 0x00, 0x00, 0x00, 0x40, 0x11, 0x00, 0x00, 0x00, 0x40, 0x02, 0x00, 0x00, 0x00, 0x00, 0x11, 0x00, 0x00,
        0x00, 0xC6, 0x58, 0x95, 0xF7, 0x00, 0x02, 0x00, 0x00, 0x00, 0x00, 0x40, 0x11, 0x00, 0x00, 0x00, 0x40, 0x02, 0x00, 0x00,
        0x00, 0x00, 0x11, 0x00, 0x00, 0x00, 0x7B, 0x30, 0x4E, 0xFD, 0x00, 0x02, 0x00, 0x02, 0x00, 0x00, 0x40, 0x11, 0x02, 0x00,
        0x00, 0x40, 0x02, 0x00, 0x00, 0x00, 0x00, 0x11, 0x00, 0x00, 0x00, 0x15, 0xF1, 0x6F, 0x52, 0x00, 0x00, 0x00, 0x00, 0x02,
        0x00, 0x00, 0x00, 0x00, 0x00, 0x00, 0x00, 0x00, 0x00, 0x64, 0x00, 0x00, 0x00, 0x00, 0x00, 0x00, 0x00, 0x86, 0xA8, 0x1D,
        0x7E, 0x00, 0x00, 0x00, 0x00, 0x02, 0x00, 0x00, 0x00, 0x09, 0x00, 0x6A, 0xBD, 0x31, 0xB6, 0x64, 0x00, 0x09, 0x00, 0x6A,
        0xBD, 0x31, 0xB6, 0xC4, 0x3F, 0xC6, 0xA6, 0x00, 0x00, 0x00, 0x00, 0x02, 0x00, 0x00, 0x00, 0x0B, 0x00, 0x6A, 0xBD, 0x31,
        0xB6, 0x64, 0x00, 0x0B, 0x00, 0x6A, 0xBD, 0x31, 0xB6, 0x9A, 0x2B, 0x9A, 0xD6, 0x00, 0x00, 0x00, 0x00, 0x02, 0x00, 0x00,
        0x00, 0x09, 0x00, 0x6A, 0xBD, 0x31, 0xB6, 0x64, 0x00, 0x09, 0x00, 0x6A, 0xBD, 0x31, 0xB6, 0xB0, 0x4D, 0xDA, 0xDC, 0x00,
        0x00, 0x00, 0x00, 0x02, 0x00, 0x00, 0x00, 0x0B, 0x00, 0x6A, 0xBD, 0x31, 0xB6, 0x64, 0x00, 0x0B, 0x00, 0x6A, 0xBD, 0x31,
        0xB6, 0xB8, 0xE7, 0x9A, 0xE1, 0x00, 0x00, 0x02, 0x00, 0x00, 0x00, 0x02, 0x80, 0x13, 0x00, 0x86, 0x30, 0xEB, 0x3B, 0x64,
        0x00, 0x02, 0x80, 0x13, 0x00, 0x86, 0x30, 0xEB, 0x3B, 0x02, 0x00, 0x00, 0x00, 0x79, 0x22, 0x02, 0xBB, 0x01, 0x80, 0x64,
        0x00, 0x79, 0x22, 0x02, 0xBB, 0x01, 0x80,
    };
    inline constexpr uint8_t kLeanRunClip[] = {
        0x50, 0x41, 0x52, 0x20, 0x02, 0x03, 0x00, 0x01, 0x02, 0x03, 0x04, 0x05, 0x06, 0x07, 0x08, 0x09, 0x0F, 0x00, 0x00, 0xC0,
        0x12, 0x00, 0xEB, 0x82, 0xA8, 0xEC, 0x9E, 0x90, 0x3B, 0xEB, 0xB9, 0x97, 0xEC, 0x9E, 0x90, 0xEB, 0xA3, 0xA8, 0x3B, 0x00,
        0x00, 0x00, 0x80, 0x3F, 0x00, 0x00, 0x80, 0x3F, 0x00, 0x00, 0x80, 0x3F, 0x1F, 0x00, 0x00, 0xB0, 0xF1, 0xE2, 0x35, 0xB4,
        0xE6, 0xEF, 0x7F, 0xB4, 0x00, 0x00, 0x80, 0x3F, 0x17, 0xA9, 0x1F, 0xB3, 0xF4, 0x35, 0xAD, 0x3F, 0x5E, 0x29, 0xC6, 0x3E,
        0x00, 0x00, 0x80, 0x3F, 0x00, 0x00, 0x80, 0x3F, 0x00, 0x00, 0x80, 0x3F, 0x1F, 0x00, 0x00, 0xB0, 0xF1, 0xE2, 0x35, 0xB4,
        0xE6, 0xEF, 0x7F, 0xB4, 0x00, 0x00, 0x80, 0x3F, 0xF0, 0xC3, 0x23, 0xB3, 0xFC, 0xA9, 0xB1, 0x3F, 0x9E, 0x41, 0xCB, 0x3E,
        0x71, 0xE5, 0x78, 0x3F, 0x55, 0x55, 0x55, 0x40, 0x44, 0x00, 0x06, 0x00, 0xFA, 0x1A, 0x00, 0x00, 0x6C, 0x14, 0xBB, 0x50,
        0x00, 0x00, 0x02, 0x00, 0x00, 0x00, 0x86, 0xB0, 0x0E, 0x80, 0x03, 0x80, 0xEB, 0x3B, 0x64, 0x00, 0x86, 0xB0, 0x0E, 0x80,
        0x03, 0x80, 0xEB, 0x3B, 0x02, 0x00, 0x00, 0x00, 0x06, 0x80, 0xB8, 0x34, 0x51, 0x32, 0x64, 0x00, 0x06, 0x80, 0xB8, 0x34,
        0x51, 0x32, 0x3A, 0x9A, 0x73, 0x3C, 0x00, 0x00, 0x02, 0x00, 0x00, 0x00, 0x40, 0x80, 0xE9, 0x80, 0x0E, 0x80, 0x00, 0x3C,
        0x64, 0x00, 0x40, 0x80, 0xE9, 0x80, 0x0E, 0x80, 0x00, 0x3C, 0x02, 0x00, 0x00, 0x00, 0x02, 0x00, 0x00, 0x01, 0x00, 0x80,
        0x64, 0x00, 0x02, 0x00, 0x00, 0x01, 0x00, 0x80, 0x38, 0xB9, 0x77, 0x37, 0x00, 0x00, 0x02, 0x00, 0x00, 0x00, 0x56, 0x00,
        0xB8, 0x80, 0x1C, 0x80, 0x00, 0x3C, 0x64, 0x00, 0x56, 0x00, 0xB8, 0x80, 0x1C, 0x80, 0x00, 0x3C, 0x02, 0x00, 0x00, 0x00,
        0x82, 0xAB, 0xA7, 0xA3, 0x7C, 0x1A, 0x64, 0x00, 0x82, 0xAB, 0xA7, 0xA3, 0x7C, 0x1A, 0x04, 0x5A, 0x35, 0xBF, 0x00, 0x00,
        0x02, 0x00, 0x00, 0x00, 0x31, 0x80, 0xE5, 0x00, 0x0E, 0x80, 0x00, 0x3C, 0x64, 0x00, 0x31, 0x80, 0xE5, 0x00, 0x0E, 0x80,
        0x00, 0x3C, 0x02, 0x00, 0x00, 0x00, 0xDA, 0x1C, 0x0A, 0x80, 0x63, 0x11, 0x64, 0x00, 0xDA, 0x1C, 0x0A, 0x80, 0x63, 0x11,
        0x0D, 0x91, 0xFA, 0xCC, 0x00, 0x00, 0x65, 0x00, 0x00, 0x00, 0x3D, 0xA7, 0x13, 0xB3, 0x99, 0x12, 0xCC, 0x3B, 0x01, 0x00,
        0x3D, 0xA7, 0x13, 0xB3, 0x99, 0x12, 0xCC, 0x3B, 0x02, 0x00, 0x3D, 0xA7, 0x13, 0xB3, 0x99, 0x12, 0xCC, 0x3B, 0x03, 0x00,
        0x3D, 0xA7, 0x13, 0xB3, 0x99, 0x12, 0xCC, 0x3B, 0x04, 0x00, 0x3D, 0xA7, 0x13, 0xB3, 0x99, 0x12, 0xCC, 0x3B, 0x05, 0x00,
        0x3D, 0xA7, 0x13, 0xB3, 0x99, 0x12, 0xCC, 0x3B, 0x06, 0x00, 0x3D, 0xA7, 0x13, 0xB3, 0x99, 0x12, 0xCC, 0x3B, 0x07, 0x00,
        0x3D, 0xA7, 0x13, 0xB3, 0x99, 0x12, 0xCC, 0x3B, 0x08, 0x00, 0x3D, 0xA7, 0x13, 0xB3, 0x99, 0x12, 0xCC, 0x3B, 0x09, 0x00,
        0x3D, 0xA7, 0x13, 0xB3, 0x99, 0x12, 0xCC, 0x3B, 0x0A, 0x00, 0x3D, 0xA7, 0x13, 0xB3, 0x99, 0x12, 0xCC, 0x3B, 0x0B, 0x00,
        0x3D, 0xA7, 0x13, 0xB3, 0x99, 0x12, 0xCC, 0x3B, 0x0C, 0x00, 0x3D, 0xA7, 0x13, 0xB3, 0x99, 0x12, 0xCC, 0x3B, 0x0D, 0x00,
        0x3D, 0xA7, 0x13, 0xB3, 0x99, 0x12, 0xCC, 0x3B, 0x0E, 0x00, 0x3D, 0xA7, 0x13, 0xB3, 0x99, 0x12, 0xCC, 0x3B, 0x0F, 0x00,
        0x3D, 0xA7, 0x13, 0xB3, 0x99, 0x12, 0xCC, 0x3B, 0x10, 0x00, 0x3D, 0xA7, 0x13, 0xB3, 0x99, 0x12, 0xCC, 0x3B, 0x11, 0x00,
        0x3D, 0xA7, 0x13, 0xB3, 0x99, 0x12, 0xCC, 0x3B, 0x12, 0x00, 0x3D, 0xA7, 0x13, 0xB3, 0x99, 0x12, 0xCC, 0x3B, 0x13, 0x00,
        0x3D, 0xA7, 0x13, 0xB3, 0x99, 0x12, 0xCC, 0x3B, 0x14, 0x00, 0x3D, 0xA7, 0x13, 0xB3, 0x99, 0x12, 0xCC, 0x3B, 0x15, 0x00,
        0x3D, 0xA7, 0x13, 0xB3, 0x99, 0x12, 0xCC, 0x3B, 0x16, 0x00, 0x3D, 0xA7, 0x13, 0xB3, 0x99, 0x12, 0xCC, 0x3B, 0x17, 0x00,
        0x3D, 0xA7, 0x13, 0xB3, 0x99, 0x12, 0xCC, 0x3B, 0x18, 0x00, 0x3D, 0xA7, 0x13, 0xB3, 0x99, 0x12, 0xCC, 0x3B, 0x19, 0x00,
        0x3D, 0xA7, 0x13, 0xB3, 0x99, 0x12, 0xCC, 0x3B, 0x1A, 0x00, 0x3D, 0xA7, 0x13, 0xB3, 0x99, 0x12, 0xCC, 0x3B, 0x1B, 0x00,
        0x3D, 0xA7, 0x13, 0xB3, 0x99, 0x12, 0xCC, 0x3B, 0x1C, 0x00, 0x3D, 0xA7, 0x13, 0xB3, 0x99, 0x12, 0xCC, 0x3B, 0x1D, 0x00,
        0x3D, 0xA7, 0x13, 0xB3, 0x99, 0x12, 0xCC, 0x3B, 0x1E, 0x00, 0x3D, 0xA7, 0x13, 0xB3, 0x99, 0x12, 0xCC, 0x3B, 0x1F, 0x00,
        0x3D, 0xA7, 0x13, 0xB3, 0x99, 0x12, 0xCC, 0x3B, 0x20, 0x00, 0x3D, 0xA7, 0x13, 0xB3, 0x99, 0x12, 0xCC, 0x3B, 0x21, 0x00,
        0x3D, 0xA7, 0x13, 0xB3, 0x99, 0x12, 0xCC, 0x3B, 0x22, 0x00, 0x3D, 0xA7, 0x13, 0xB3, 0x99, 0x12, 0xCC, 0x3B, 0x23, 0x00,
        0x3D, 0xA7, 0x13, 0xB3, 0x99, 0x12, 0xCC, 0x3B, 0x24, 0x00, 0x3D, 0xA7, 0x13, 0xB3, 0x99, 0x12, 0xCC, 0x3B, 0x25, 0x00,
        0x3D, 0xA7, 0x13, 0xB3, 0x99, 0x12, 0xCC, 0x3B, 0x26, 0x00, 0x3D, 0xA7, 0x13, 0xB3, 0x99, 0x12, 0xCC, 0x3B, 0x27, 0x00,
        0x3D, 0xA7, 0x13, 0xB3, 0x99, 0x12, 0xCC, 0x3B, 0x28, 0x00, 0x3D, 0xA7, 0x13, 0xB3, 0x99, 0x12, 0xCC, 0x3B, 0x29, 0x00,
        0x3D, 0xA7, 0x13, 0xB3, 0x99, 0x12, 0xCC, 0x3B, 0x2A, 0x00, 0x3D, 0xA7, 0x13, 0xB3, 0x99, 0x12, 0xCC, 0x3B, 0x2B, 0x00,
        0x3D, 0xA7, 0x13, 0xB3, 0x99, 0x12, 0xCC, 0x3B, 0x2C, 0x00, 0x3D, 0xA7, 0x13, 0xB3, 0x99, 0x12, 0xCC, 0x3B, 0x2D, 0x00,
        0x3D, 0xA7, 0x13, 0xB3, 0x99, 0x12, 0xCC, 0x3B, 0x2E, 0x00, 0x3D, 0xA7, 0x13, 0xB3, 0x99, 0x12, 0xCC, 0x3B, 0x2F, 0x00,
        0x3D, 0xA7, 0x13, 0xB3, 0x99, 0x12, 0xCC, 0x3B, 0x30, 0x00, 0x3D, 0xA7, 0x13, 0xB3, 0x99, 0x12, 0xCC, 0x3B, 0x31, 0x00,
        0x3D, 0xA7, 0x13, 0xB3, 0x99, 0x12, 0xCC, 0x3B, 0x32, 0x00, 0x3D, 0xA7, 0x13, 0xB3, 0x99, 0x12, 0xCC, 0x3B, 0x33, 0x00,
        0x3D, 0xA7, 0x13, 0xB3, 0x99, 0x12, 0xCC, 0x3B, 0x34, 0x00, 0x3D, 0xA7, 0x13, 0xB3, 0x99, 0x12, 0xCC, 0x3B, 0x35, 0x00,
        0x3D, 0xA7, 0x13, 0xB3, 0x99, 0x12, 0xCC, 0x3B, 0x36, 0x00, 0x3D, 0xA7, 0x13, 0xB3, 0x99, 0x12, 0xCC, 0x3B, 0x37, 0x00,
        0x3D, 0xA7, 0x13, 0xB3, 0x99, 0x12, 0xCC, 0x3B, 0x38, 0x00, 0x3D, 0xA7, 0x13, 0xB3, 0x99, 0x12, 0xCC, 0x3B, 0x39, 0x00,
        0x3D, 0xA7, 0x13, 0xB3, 0x99, 0x12, 0xCC, 0x3B, 0x3A, 0x00, 0x3D, 0xA7, 0x13, 0xB3, 0x99, 0x12, 0xCC, 0x3B, 0x3B, 0x00,
        0x3D, 0xA7, 0x13, 0xB3, 0x99, 0x12, 0xCC, 0x3B, 0x3C, 0x00, 0x3D, 0xA7, 0x13, 0xB3, 0x99, 0x12, 0xCC, 0x3B, 0x3D, 0x00,
        0x3D, 0xA7, 0x13, 0xB3, 0x99, 0x12, 0xCC, 0x3B, 0x3E, 0x00, 0x3D, 0xA7, 0x13, 0xB3, 0x99, 0x12, 0xCC, 0x3B, 0x3F, 0x00,
        0x3D, 0xA7, 0x13, 0xB3, 0x99, 0x12, 0xCC, 0x3B, 0x40, 0x00, 0x3D, 0xA7, 0x13, 0xB3, 0x99, 0x12, 0xCC, 0x3B, 0x41, 0x00,
        0x3D, 0xA7, 0x13, 0xB3, 0x99, 0x12, 0xCC, 0x3B, 0x42, 0x00, 0x3D, 0xA7, 0x13, 0xB3, 0x99, 0x12, 0xCC, 0x3B, 0x43, 0x00,
        0x3D, 0xA7, 0x13, 0xB3, 0x99, 0x12, 0xCC, 0x3B, 0x44, 0x00, 0x3D, 0xA7, 0x13, 0xB3, 0x99, 0x12, 0xCC, 0x3B, 0x45, 0x00,
        0x3D, 0xA7, 0x13, 0xB3, 0x99, 0x12, 0xCC, 0x3B, 0x46, 0x00, 0x3D, 0xA7, 0x13, 0xB3, 0x99, 0x12, 0xCC, 0x3B, 0x47, 0x00,
        0x3D, 0xA7, 0x13, 0xB3, 0x99, 0x12, 0xCC, 0x3B, 0x48, 0x00, 0x3D, 0xA7, 0x13, 0xB3, 0x99, 0x12, 0xCC, 0x3B, 0x49, 0x00,
        0x3D, 0xA7, 0x13, 0xB3, 0x99, 0x12, 0xCC, 0x3B, 0x4A, 0x00, 0x3D, 0xA7, 0x13, 0xB3, 0x99, 0x12, 0xCC, 0x3B, 0x4B, 0x00,
        0x3D, 0xA7, 0x13, 0xB3, 0x99, 0x12, 0xCC, 0x3B, 0x4C, 0x00, 0x3D, 0xA7, 0x13, 0xB3, 0x99, 0x12, 0xCC, 0x3B, 0x4D, 0x00,
        0x3D, 0xA7, 0x13, 0xB3, 0x99, 0x12, 0xCC, 0x3B, 0x4E, 0x00, 0x3D, 0xA7, 0x13, 0xB3, 0x99, 0x12, 0xCC, 0x3B, 0x4F, 0x00,
        0x3D, 0xA7, 0x13, 0xB3, 0x99, 0x12, 0xCC, 0x3B, 0x50, 0x00, 0x3D, 0xA7, 0x13, 0xB3, 0x99, 0x12, 0xCC, 0x3B, 0x51, 0x00,
        0x3D, 0xA7, 0x13, 0xB3, 0x99, 0x12, 0xCC, 0x3B, 0x52, 0x00, 0x3D, 0xA7, 0x13, 0xB3, 0x99, 0x12, 0xCC, 0x3B, 0x53, 0x00,
        0x3D, 0xA7, 0x13, 0xB3, 0x99, 0x12, 0xCC, 0x3B, 0x54, 0x00, 0x3D, 0xA7, 0x13, 0xB3, 0x99, 0x12, 0xCC, 0x3B, 0x55, 0x00,
        0x3D, 0xA7, 0x13, 0xB3, 0x99, 0x12, 0xCC, 0x3B, 0x56, 0x00, 0x3D, 0xA7, 0x13, 0xB3, 0x99, 0x12, 0xCC, 0x3B, 0x57, 0x00,
        0x3D, 0xA7, 0x13, 0xB3, 0x99, 0x12, 0xCC, 0x3B, 0x58, 0x00, 0x3D, 0xA7, 0x13, 0xB3, 0x99, 0x12, 0xCC, 0x3B, 0x59, 0x00,
        0x3D, 0xA7, 0x13, 0xB3, 0x99, 0x12, 0xCC, 0x3B, 0x5A, 0x00, 0x3D, 0xA7, 0x13, 0xB3, 0x99, 0x12, 0xCC, 0x3B, 0x5B, 0x00,
        0x3D, 0xA7, 0x13, 0xB3, 0x99, 0x12, 0xCC, 0x3B, 0x5C, 0x00, 0x3D, 0xA7, 0x13, 0xB3, 0x99, 0x12, 0xCC, 0x3B, 0x5D, 0x00,
        0x3D, 0xA7, 0x13, 0xB3, 0x99, 0x12, 0xCC, 0x3B, 0x5E, 0x00, 0x3D, 0xA7, 0x13, 0xB3, 0x99, 0x12, 0xCC, 0x3B, 0x5F, 0x00,
        0x3D, 0xA7, 0x13, 0xB3, 0x99, 0x12, 0xCC, 0x3B, 0x60, 0x00, 0x3D, 0xA7, 0x13, 0xB3, 0x99, 0x12, 0xCC, 0x3B, 0x61, 0x00,
        0x3D, 0xA7, 0x13, 0xB3, 0x99, 0x12, 0xCC, 0x3B, 0x62, 0x00, 0x3D, 0xA7, 0x13, 0xB3, 0x99, 0x12, 0xCC, 0x3B, 0x63, 0x00,
        0x3D, 0xA7, 0x13, 0xB3, 0x99, 0x12, 0xCC, 0x3B, 0x64, 0x00, 0x3D, 0xA7, 0x13, 0xB3, 0x99, 0x12, 0xCC, 0x3B, 0x02, 0x00,
        0x00, 0x00, 0xC1, 0x01, 0x5A, 0x80, 0x2E, 0x00, 0x64, 0x00, 0xC1, 0x01, 0x5A, 0x80, 0x2E, 0x00, 0x09, 0x91, 0x7D, 0xD1,
        0x00, 0x00, 0x02, 0x00, 0x00, 0x00, 0xE4, 0x2F, 0x2A, 0xB4, 0x86, 0x30, 0x94, 0x3B, 0x64, 0x00, 0xE4, 0x2F, 0x2A, 0xB4,
        0x86, 0x30, 0x94, 0x3B, 0x00, 0x00, 0x37, 0x13, 0x1D, 0xBC, 0x00, 0x00, 0x02, 0x00, 0x00, 0x00, 0x24, 0xAB, 0x36, 0xB4,
        0xEE, 0xAD, 0xAB, 0x3B, 0x64, 0x00, 0x24, 0xAB, 0x36, 0xB4, 0xEE, 0xAD, 0xAB, 0x3B, 0x00, 0x00, 0xA5, 0xC1, 0x5B, 0x87,
        0x00, 0x00, 0x02, 0x00, 0x00, 0x00, 0xCF, 0x9F, 0x18, 0x00, 0x08, 0x80, 0x00, 0x3C, 0x64, 0x00, 0xCF, 0x9F, 0x18, 0x00,
        0x08, 0x80, 0x00, 0x3C, 0x00, 0x00, 0x6F, 0x4D, 0x66, 0x67, 0x00, 0x00, 0x02, 0x00, 0x00, 0x00, 0x42, 0x00, 0x0F, 0x80,
        0x20, 0x00, 0x00, 0x3C, 0x64, 0x00, 0x42, 0x00, 0x0F, 0x80, 0x20, 0x00, 0x00, 0x3C, 0x00, 0x00, 0x66, 0x9D, 0xAB, 0xD9,
        0x00, 0x00, 0x65, 0x00, 0x00, 0x00, 0x94, 0x1D, 0xFF, 0xB5, 0x62, 0xA2, 0x6B, 0x3B, 0x01, 0x00, 0x94, 0x1D, 0xFF, 0xB5,
        0x62, 0xA2, 0x6B, 0x3B, 0x02, 0x00, 0x94, 0x1D, 0xFF, 0xB5, 0x62, 0xA2, 0x6B, 0x3B, 0x03, 0x00, 0x94, 0x1D, 0xFF, 0xB5,
        0x62, 0xA2, 0x6B, 0x3B, 0x04, 0x00, 0x94, 0x1D, 0xFF, 0xB5, 0x62, 0xA2, 0x6B, 0x3B, 0x05, 0x00, 0x94, 0x1D, 0xFF, 0xB5,
        0x62, 0xA2, 0x6B, 0x3B, 0x06, 0x00, 0x94, 0x1D, 0xFF, 0xB5, 0x62, 0xA2, 0x6B, 0x3B, 0x07, 0x00, 0x94, 0x1D, 0xFF, 0xB5,
        0x62, 0xA2, 0x6B, 0x3B, 0x08, 0x00, 0x94, 0x1D, 0xFF, 0xB5, 0x62, 0xA2, 0x6B, 0x3B, 0x09, 0x00, 0x94, 0x1D, 0xFF, 0xB5,
        0x62, 0xA2, 0x6B, 0x3B, 0x0A, 0x00, 0x94, 0x1D, 0xFF, 0xB5, 0x62, 0xA2, 0x6B, 0x3B, 0x0B, 0x00, 0x94, 0x1D, 0xFF, 0xB5,
        0x62, 0xA2, 0x6B, 0x3B, 0x0C, 0x00, 0x94, 0x1D, 0xFF, 0xB5, 0x62, 0xA2, 0x6B, 0x3B, 0x0D, 0x00, 0x94, 0x1D, 0xFF, 0xB5,
        0x62, 0xA2, 0x6B, 0x3B, 0x0E, 0x00, 0x94, 0x1D, 0xFF, 0xB5, 0x62, 0xA2, 0x6B, 0x3B, 0x0F, 0x00, 0x94, 0x1D, 0xFF, 0xB5,
        0x62, 0xA2, 0x6B, 0x3B, 0x10, 0x00, 0x94, 0x1D, 0xFF, 0xB5, 0x62, 0xA2, 0x6B, 0x3B, 0x11, 0x00, 0x94, 0x1D, 0xFF, 0xB5,
        0x62, 0xA2, 0x6B, 0x3B, 0x12, 0x00, 0x94, 0x1D, 0xFF, 0xB5, 0x62, 0xA2, 0x6B, 0x3B, 0x13, 0x00, 0x94, 0x1D, 0xFF, 0xB5,
        0x62, 0xA2, 0x6B, 0x3B, 0x14, 0x00, 0x94, 0x1D, 0xFF, 0xB5, 0x62, 0xA2, 0x6B, 0x3B, 0x15, 0x00, 0x94, 0x1D, 0xFF, 0xB5,
        0x62, 0xA2, 0x6B, 0x3B, 0x16, 0x00, 0x94, 0x1D, 0xFF, 0xB5, 0x62, 0xA2, 0x6B, 0x3B, 0x17, 0x00, 0x94, 0x1D, 0xFF, 0xB5,
        0x62, 0xA2, 0x6B, 0x3B, 0x18, 0x00, 0x94, 0x1D, 0xFF, 0xB5, 0x62, 0xA2, 0x6B, 0x3B, 0x19, 0x00, 0x94, 0x1D, 0xFF, 0xB5,
        0x62, 0xA2, 0x6B, 0x3B, 0x1A, 0x00, 0x94, 0x1D, 0xFF, 0xB5, 0x62, 0xA2, 0x6B, 0x3B, 0x1B, 0x00, 0x94, 0x1D, 0xFF, 0xB5,
        0x62, 0xA2, 0x6B, 0x3B, 0x1C, 0x00, 0x94, 0x1D, 0xFF, 0xB5, 0x62, 0xA2, 0x6B, 0x3B, 0x1D, 0x00, 0x94, 0x1D, 0xFF, 0xB5,
        0x62, 0xA2, 0x6B, 0x3B, 0x1E, 0x00, 0x94, 0x1D, 0xFF, 0xB5, 0x62, 0xA2, 0x6B, 0x3B, 0x1F, 0x00, 0x94, 0x1D, 0xFF, 0xB5,
        0x62, 0xA2, 0x6B, 0x3B, 0x20, 0x00, 0x94, 0x1D, 0xFF, 0xB5, 0x62, 0xA2, 0x6B, 0x3B, 0x21, 0x00, 0x94, 0x1D, 0xFF, 0xB5,
        0x62, 0xA2, 0x6B, 0x3B, 0x22, 0x00, 0x94, 0x1D, 0xFF, 0xB5, 0x62, 0xA2, 0x6B, 0x3B, 0x23, 0x00, 0x94, 0x1D, 0xFF, 0xB5,
        0x62, 0xA2, 0x6B, 0x3B, 0x24, 0x00, 0x94, 0x1D, 0xFF, 0xB5, 0x62, 0xA2, 0x6B, 0x3B, 0x25, 0x00, 0x94, 0x1D, 0xFF, 0xB5,
        0x62, 0xA2, 0x6B, 0x3B, 0x26, 0x00, 0x94, 0x1D, 0xFF, 0xB5, 0x62, 0xA2, 0x6B, 0x3B, 0x27, 0x00, 0x94, 0x1D, 0xFF, 0xB5,
        0x62, 0xA2, 0x6B, 0x3B, 0x28, 0x00, 0x94, 0x1D, 0xFF, 0xB5, 0x62, 0xA2, 0x6B, 0x3B, 0x29, 0x00, 0x94, 0x1D, 0xFF, 0xB5,
        0x62, 0xA2, 0x6B, 0x3B, 0x2A, 0x00, 0x94, 0x1D, 0xFF, 0xB5, 0x62, 0xA2, 0x6B, 0x3B, 0x2B, 0x00, 0x94, 0x1D, 0xFF, 0xB5,
        0x62, 0xA2, 0x6B, 0x3B, 0x2C, 0x00, 0x94, 0x1D, 0xFF, 0xB5, 0x62, 0xA2, 0x6B, 0x3B, 0x2D, 0x00, 0x94, 0x1D, 0xFF, 0xB5,
        0x62, 0xA2, 0x6B, 0x3B, 0x2E, 0x00, 0x94, 0x1D, 0xFF, 0xB5, 0x62, 0xA2, 0x6B, 0x3B, 0x2F, 0x00, 0x94, 0x1D, 0xFF, 0xB5,
        0x62, 0xA2, 0x6B, 0x3B, 0x30, 0x00, 0x94, 0x1D, 0xFF, 0xB5, 0x62, 0xA2, 0x6B, 0x3B, 0x31, 0x00, 0x94, 0x1D, 0xFF, 0xB5,
        0x62, 0xA2, 0x6B, 0x3B, 0x32, 0x00, 0x94, 0x1D, 0xFF, 0xB5, 0x62, 0xA2, 0x6B, 0x3B, 0x33, 0x00, 0x94, 0x1D, 0xFF, 0xB5,
        0x62, 0xA2, 0x6B, 0x3B, 0x34, 0x00, 0x94, 0x1D, 0xFF, 0xB5, 0x62, 0xA2, 0x6B, 0x3B, 0x35, 0x00, 0x94, 0x1D, 0xFF, 0xB5,
        0x62, 0xA2, 0x6B, 0x3B, 0x36, 0x00, 0x94, 0x1D, 0xFF, 0xB5, 0x62, 0xA2, 0x6B, 0x3B, 0x37, 0x00, 0x94, 0x1D, 0xFF, 0xB5,
        0x62, 0xA2, 0x6B, 0x3B, 0x38, 0x00, 0x94, 0x1D, 0xFF, 0xB5, 0x62, 0xA2, 0x6B, 0x3B, 0x39, 0x00, 0x94, 0x1D, 0xFF, 0xB5,
        0x62, 0xA2, 0x6B, 0x3B, 0x3A, 0x00, 0x94, 0x1D, 0xFF, 0xB5, 0x62, 0xA2, 0x6B, 0x3B, 0x3B, 0x00, 0x94, 0x1D, 0xFF, 0xB5,
        0x62, 0xA2, 0x6B, 0x3B, 0x3C, 0x00, 0x94, 0x1D, 0xFF, 0xB5, 0x62, 0xA2, 0x6B, 0x3B, 0x3D, 0x00, 0x94, 0x1D, 0xFF, 0xB5,
        0x62, 0xA2, 0x6B, 0x3B, 0x3E, 0x00, 0x94, 0x1D, 0xFF, 0xB5, 0x62, 0xA2, 0x6B, 0x3B, 0x3F, 0x00, 0x94, 0x1D, 0xFF, 0xB5,
        0x62, 0xA2, 0x6B, 0x3B, 0x40, 0x00, 0x94, 0x1D, 0xFF, 0xB5, 0x62, 0xA2, 0x6B, 0x3B, 0x41, 0x00, 0x94, 0x1D, 0xFF, 0xB5,
        0x62, 0xA2, 0x6B, 0x3B, 0x42, 0x00, 0x94, 0x1D, 0xFF, 0xB5, 0x62, 0xA2, 0x6B, 0x3B, 0x43, 0x00, 0x94, 0x1D, 0xFF, 0xB5,
        0x62, 0xA2, 0x6B, 0x3B, 0x44, 0x00, 0x94, 0x1D, 0xFF, 0xB5, 0x62, 0xA2, 0x6B, 0x3B, 0x45, 0x00, 0x94, 0x1D, 0xFF, 0xB5,
        0x62, 0xA2, 0x6B, 0x3B, 0x46, 0x00, 0x94, 0x1D, 0xFF, 0xB5, 0x62, 0xA2, 0x6B, 0x3B, 0x47, 0x00, 0x94, 0x1D, 0xFF, 0xB5,
        0x62, 0xA2, 0x6B, 0x3B, 0x48, 0x00, 0x94, 0x1D, 0xFF, 0xB5, 0x62, 0xA2, 0x6B, 0x3B, 0x49, 0x00, 0x94, 0x1D, 0xFF, 0xB5,
        0x62, 0xA2, 0x6B, 0x3B, 0x4A, 0x00, 0x94, 0x1D, 0xFF, 0xB5, 0x62, 0xA2, 0x6B, 0x3B, 0x4B, 0x00, 0x94, 0x1D, 0xFF, 0xB5,
        0x62, 0xA2, 0x6B, 0x3B, 0x4C, 0x00, 0x94, 0x1D, 0xFF, 0xB5, 0x62, 0xA2, 0x6B, 0x3B, 0x4D, 0x00, 0x94, 0x1D, 0xFF, 0xB5,
        0x62, 0xA2, 0x6B, 0x3B, 0x4E, 0x00, 0x94, 0x1D, 0xFF, 0xB5, 0x62, 0xA2, 0x6B, 0x3B, 0x4F, 0x00, 0x94, 0x1D, 0xFF, 0xB5,
        0x62, 0xA2, 0x6B, 0x3B, 0x50, 0x00, 0x94, 0x1D, 0xFF, 0xB5, 0x62, 0xA2, 0x6B, 0x3B, 0x51, 0x00, 0x94, 0x1D, 0xFF, 0xB5,
        0x62, 0xA2, 0x6B, 0x3B, 0x52, 0x00, 0x94, 0x1D, 0xFF, 0xB5, 0x62, 0xA2, 0x6B, 0x3B, 0x53, 0x00, 0x94, 0x1D, 0xFF, 0xB5,
        0x62, 0xA2, 0x6B, 0x3B, 0x54, 0x00, 0x94, 0x1D, 0xFF, 0xB5, 0x62, 0xA2, 0x6B, 0x3B, 0x55, 0x00, 0x94, 0x1D, 0xFF, 0xB5,
        0x62, 0xA2, 0x6B, 0x3B, 0x56, 0x00, 0x94, 0x1D, 0xFF, 0xB5, 0x62, 0xA2, 0x6B, 0x3B, 0x57, 0x00, 0x94, 0x1D, 0xFF, 0xB5,
        0x62, 0xA2, 0x6B, 0x3B, 0x58, 0x00, 0x94, 0x1D, 0xFF, 0xB5, 0x62, 0xA2, 0x6B, 0x3B, 0x59, 0x00, 0x94, 0x1D, 0xFF, 0xB5,
        0x62, 0xA2, 0x6B, 0x3B, 0x5A, 0x00, 0x94, 0x1D, 0xFF, 0xB5, 0x62, 0xA2, 0x6B, 0x3B, 0x5B, 0x00, 0x94, 0x1D, 0xFF, 0xB5,
        0x62, 0xA2, 0x6B, 0x3B, 0x5C, 0x00, 0x94, 0x1D, 0xFF, 0xB5, 0x62, 0xA2, 0x6B, 0x3B, 0x5D, 0x00, 0x94, 0x1D, 0xFF, 0xB5,
        0x62, 0xA2, 0x6B, 0x3B, 0x5E, 0x00, 0x94, 0x1D, 0xFF, 0xB5, 0x62, 0xA2, 0x6B, 0x3B, 0x5F, 0x00, 0x94, 0x1D, 0xFF, 0xB5,
        0x62, 0xA2, 0x6B, 0x3B, 0x60, 0x00, 0x94, 0x1D, 0xFF, 0xB5, 0x62, 0xA2, 0x6B, 0x3B, 0x61, 0x00, 0x94, 0x1D, 0xFF, 0xB5,
        0x62, 0xA2, 0x6B, 0x3B, 0x62, 0x00, 0x94, 0x1D, 0xFF, 0xB5, 0x62, 0xA2, 0x6B, 0x3B, 0x63, 0x00, 0x94, 0x1D, 0xFF, 0xB5,
        0x62, 0xA2, 0x6B, 0x3B, 0x64, 0x00, 0x94, 0x1D, 0xFF, 0xB5, 0x62, 0xA2, 0x6B, 0x3B, 0x02, 0x00, 0x00, 0x00, 0xA7, 0x03,
        0x11, 0x00, 0x1D, 0x01, 0x64, 0x00, 0xA7, 0x03, 0x11, 0x00, 0x1D, 0x01, 0xC1, 0xC4, 0x7A, 0xD6, 0x00, 0x00, 0x02, 0x00,
        0x00, 0x00, 0x4F, 0x81, 0x9F, 0x00, 0x16, 0x00, 0x00, 0x3C, 0x64, 0x00, 0x4F, 0x81, 0x9F, 0x00, 0x16, 0x00, 0x00, 0x3C,
        0x02, 0x00, 0x00, 0x00, 0x08, 0x00, 0x56, 0x80, 0x01, 0x80, 0x64, 0x00, 0x08, 0x00, 0x56, 0x80, 0x01, 0x80, 0x77, 0x26,
        0x80, 0xAB, 0x00, 0x00, 0x02, 0x00, 0x00, 0x00, 0xC0, 0x80, 0x71, 0x3A, 0x4E, 0x04, 0xBF, 0x38, 0x64, 0x00, 0xC0, 0x80,
        0x71, 0x3A, 0x4E, 0x04, 0xBF, 0x38, 0x00, 0x00, 0x02, 0x4D, 0x31, 0x59, 0x00, 0x00, 0x02, 0x00, 0x00, 0x00, 0xC5, 0x80,
        0xB0, 0x39, 0x13, 0x03, 0xA0, 0x39, 0x64, 0x00, 0xC5, 0x80, 0xB0, 0x39, 0x13, 0x03, 0xA0, 0x39, 0x00, 0x00, 0xC9, 0x0A,
        0xE9, 0xD2, 0x00, 0x00, 0x65, 0x00, 0x00, 0x00, 0x7A, 0x14, 0x05, 0xB1, 0x33, 0x9D, 0xE7, 0x3B, 0x01, 0x00, 0x7A, 0x14,
        0x05, 0xB1, 0x33, 0x9D, 0xE7, 0x3B, 0x02, 0x00, 0x7A, 0x14, 0x05, 0xB1, 0x33, 0x9D, 0xE7, 0x3B, 0x03, 0x00, 0x7A, 0x14,
        0x05, 0xB1, 0x33, 0x9D, 0xE7, 0x3B, 0x04, 0x00, 0x7A, 0x14, 0x05, 0xB1, 0x33, 0x9D, 0xE7, 0x3B, 0x05, 0x00, 0x7A, 0x14,
        0x05, 0xB1, 0x33, 0x9D, 0xE7, 0x3B, 0x06, 0x00, 0x7A, 0x14, 0x05, 0xB1, 0x33, 0x9D, 0xE7, 0x3B, 0x07, 0x00, 0x7A, 0x14,
        0x05, 0xB1, 0x33, 0x9D, 0xE7, 0x3B, 0x08, 0x00, 0x7A, 0x14, 0x05, 0xB1, 0x33, 0x9D, 0xE7, 0x3B, 0x09, 0x00, 0x7A, 0x14,
        0x05, 0xB1, 0x33, 0x9D, 0xE7, 0x3B, 0x0A, 0x00, 0x7A, 0x14, 0x05, 0xB1, 0x33, 0x9D, 0xE7, 0x3B, 0x0B, 0x00, 0x7A, 0x14,
        0x05, 0xB1, 0x33, 0x9D, 0xE7, 0x3B, 0x0C, 0x00, 0x7A, 0x14, 0x05, 0xB1, 0x33, 0x9D, 0xE7, 0x3B, 0x0D, 0x00, 0x7A, 0x14,
        0x05, 0xB1, 0x33, 0x9D, 0xE7, 0x3B, 0x0E, 0x00, 0x7A, 0x14, 0x05, 0xB1, 0x33, 0x9D, 0xE7, 0x3B, 0x0F, 0x00, 0x7A, 0x14,
        0x05, 0xB1, 0x33, 0x9D, 0xE7, 0x3B, 0x10, 0x00, 0x7A, 0x14, 0x05, 0xB1, 0x33, 0x9D, 0xE7, 0x3B, 0x11, 0x00, 0x7A, 0x14,
        0x05, 0xB1, 0x33, 0x9D, 0xE7, 0x3B, 0x12, 0x00, 0x7A, 0x14, 0x05, 0xB1, 0x33, 0x9D, 0xE7, 0x3B, 0x13, 0x00, 0x7A, 0x14,
        0x05, 0xB1, 0x33, 0x9D, 0xE7, 0x3B, 0x14, 0x00, 0x7A, 0x14, 0x05, 0xB1, 0x33, 0x9D, 0xE7, 0x3B, 0x15, 0x00, 0x7A, 0x14,
        0x05, 0xB1, 0x33, 0x9D, 0xE7, 0x3B, 0x16, 0x00, 0x7A, 0x14, 0x05, 0xB1, 0x33, 0x9D, 0xE7, 0x3B, 0x17, 0x00, 0x7A, 0x14,
        0x05, 0xB1, 0x33, 0x9D, 0xE7, 0x3B, 0x18, 0x00, 0x7A, 0x14, 0x05, 0xB1, 0x33, 0x9D, 0xE7, 0x3B, 0x19, 0x00, 0x7A, 0x14,
        0x05, 0xB1, 0x33, 0x9D, 0xE7, 0x3B, 0x1A, 0x00, 0x7A, 0x14, 0x05, 0xB1, 0x33, 0x9D, 0xE7, 0x3B, 0x1B, 0x00, 0x7A, 0x14,
        0x05, 0xB1, 0x33, 0x9D, 0xE7, 0x3B, 0x1C, 0x00, 0x7A, 0x14, 0x05, 0xB1, 0x33, 0x9D, 0xE7, 0x3B, 0x1D, 0x00, 0x7A, 0x14,
        0x05, 0xB1, 0x33, 0x9D, 0xE7, 0x3B, 0x1E, 0x00, 0x7A, 0x14, 0x05, 0xB1, 0x33, 0x9D, 0xE7, 0x3B, 0x1F, 0x00, 0x7A, 0x14,
        0x05, 0xB1, 0x33, 0x9D, 0xE7, 0x3B, 0x20, 0x00, 0x7A, 0x14, 0x05, 0xB1, 0x33, 0x9D, 0xE7, 0x3B, 0x21, 0x00, 0x7A, 0x14,
        0x05, 0xB1, 0x33, 0x9D, 0xE7, 0x3B, 0x22, 0x00, 0x7A, 0x14, 0x05, 0xB1, 0x33, 0x9D, 0xE7, 0x3B, 0x23, 0x00, 0x7A, 0x14,
        0x05, 0xB1, 0x33, 0x9D, 0xE7, 0x3B, 0x24, 0x00, 0x7A, 0x14, 0x05, 0xB1, 0x33, 0x9D, 0xE7, 0x3B, 0x25, 0x00, 0x7A, 0x14,
        0x05, 0xB1, 0x33, 0x9D, 0xE7, 0x3B, 0x26, 0x00, 0x7A, 0x14, 0x05, 0xB1, 0x33, 0x9D, 0xE7, 0x3B, 0x27, 0x00, 0x7A, 0x14,
        0x05, 0xB1, 0x33, 0x9D, 0xE7, 0x3B, 0x28, 0x00, 0x7A, 0x14, 0x05, 0xB1, 0x33, 0x9D, 0xE7, 0x3B, 0x29, 0x00, 0x7A, 0x14,
        0x05, 0xB1, 0x33, 0x9D, 0xE7, 0x3B, 0x2A, 0x00, 0x7A, 0x14, 0x05, 0xB1, 0x33, 0x9D, 0xE7, 0x3B, 0x2B, 0x00, 0x7A, 0x14,
        0x05, 0xB1, 0x33, 0x9D, 0xE7, 0x3B, 0x2C, 0x00, 0x7A, 0x14, 0x05, 0xB1, 0x33, 0x9D, 0xE7, 0x3B, 0x2D, 0x00, 0x7A, 0x14,
        0x05, 0xB1, 0x33, 0x9D, 0xE7, 0x3B, 0x2E, 0x00, 0x7A, 0x14, 0x05, 0xB1, 0x33, 0x9D, 0xE7, 0x3B, 0x2F, 0x00, 0x7A, 0x14,
        0x05, 0xB1, 0x33, 0x9D, 0xE7, 0x3B, 0x30, 0x00, 0x7A, 0x14, 0x05, 0xB1, 0x33, 0x9D, 0xE7, 0x3B, 0x31, 0x00, 0x7A, 0x14,
        0x05, 0xB1, 0x33, 0x9D, 0xE7, 0x3B, 0x32, 0x00, 0x7A, 0x14, 0x05, 0xB1, 0x33, 0x9D, 0xE7, 0x3B, 0x33, 0x00, 0x7A, 0x14,
        0x05, 0xB1, 0x33, 0x9D, 0xE7, 0x3B, 0x34, 0x00, 0x7A, 0x14, 0x05, 0xB1, 0x33, 0x9D, 0xE7, 0x3B, 0x35, 0x00, 0x7A, 0x14,
        0x05, 0xB1, 0x33, 0x9D, 0xE7, 0x3B, 0x36, 0x00, 0x7A, 0x14, 0x05, 0xB1, 0x33, 0x9D, 0xE7, 0x3B, 0x37, 0x00, 0x7A, 0x14,
        0x05, 0xB1, 0x33, 0x9D, 0xE7, 0x3B, 0x38, 0x00, 0x7A, 0x14, 0x05, 0xB1, 0x33, 0x9D, 0xE7, 0x3B, 0x39, 0x00, 0x7A, 0x14,
        0x05, 0xB1, 0x33, 0x9D, 0xE7, 0x3B, 0x3A, 0x00, 0x7A, 0x14, 0x05, 0xB1, 0x33, 0x9D, 0xE7, 0x3B, 0x3B, 0x00, 0x7A, 0x14,
        0x05, 0xB1, 0x33, 0x9D, 0xE7, 0x3B, 0x3C, 0x00, 0x7A, 0x14, 0x05, 0xB1, 0x33, 0x9D, 0xE7, 0x3B, 0x3D, 0x00, 0x7A, 0x14,
        0x05, 0xB1, 0x33, 0x9D, 0xE7, 0x3B, 0x3E, 0x00, 0x7A, 0x14, 0x05, 0xB1, 0x33, 0x9D, 0xE7, 0x3B, 0x3F, 0x00, 0x7A, 0x14,
        0x05, 0xB1, 0x33, 0x9D, 0xE7, 0x3B, 0x40, 0x00, 0x7A, 0x14, 0x05, 0xB1, 0x33, 0x9D, 0xE7, 0x3B, 0x41, 0x00, 0x7A, 0x14,
        0x05, 0xB1, 0x33, 0x9D, 0xE7, 0x3B, 0x42, 0x00, 0x7A, 0x14, 0x05, 0xB1, 0x33, 0x9D, 0xE7, 0x3B, 0x43, 0x00, 0x7A, 0x14,
        0x05, 0xB1, 0x33, 0x9D, 0xE7, 0x3B, 0x44, 0x00, 0x7A, 0x14, 0x05, 0xB1, 0x33, 0x9D, 0xE7, 0x3B, 0x45, 0x00, 0x7A, 0x14,
        0x05, 0xB1, 0x33, 0x9D, 0xE7, 0x3B, 0x46, 0x00, 0x7A, 0x14, 0x05, 0xB1, 0x33, 0x9D, 0xE7, 0x3B, 0x47, 0x00, 0x7A, 0x14,
        0x05, 0xB1, 0x33, 0x9D, 0xE7, 0x3B, 0x48, 0x00, 0x7A, 0x14, 0x05, 0xB1, 0x33, 0x9D, 0xE7, 0x3B, 0x49, 0x00, 0x7A, 0x14,
        0x05, 0xB1, 0x33, 0x9D, 0xE7, 0x3B, 0x4A, 0x00, 0x7A, 0x14, 0x05, 0xB1, 0x33, 0x9D, 0xE7, 0x3B, 0x4B, 0x00, 0x7A, 0x14,
        0x05, 0xB1, 0x33, 0x9D, 0xE7, 0x3B, 0x4C, 0x00, 0x7A, 0x14, 0x05, 0xB1, 0x33, 0x9D, 0xE7, 0x3B, 0x4D, 0x00, 0x7A, 0x14,
        0x05, 0xB1, 0x33, 0x9D, 0xE7, 0x3B, 0x4E, 0x00, 0x7A, 0x14, 0x05, 0xB1, 0x33, 0x9D, 0xE7, 0x3B, 0x4F, 0x00, 0x7A, 0x14,
        0x05, 0xB1, 0x33, 0x9D, 0xE7, 0x3B, 0x50, 0x00, 0x7A, 0x14, 0x05, 0xB1, 0x33, 0x9D, 0xE7, 0x3B, 0x51, 0x00, 0x7A, 0x14,
        0x05, 0xB1, 0x33, 0x9D, 0xE7, 0x3B, 0x52, 0x00, 0x7A, 0x14, 0x05, 0xB1, 0x33, 0x9D, 0xE7, 0x3B, 0x53, 0x00, 0x7A, 0x14,
        0x05, 0xB1, 0x33, 0x9D, 0xE7, 0x3B, 0x54, 0x00, 0x7A, 0x14, 0x05, 0xB1, 0x33, 0x9D, 0xE7, 0x3B, 0x55, 0x00, 0x7A, 0x14,
        0x05, 0xB1, 0x33, 0x9D, 0xE7, 0x3B, 0x56, 0x00, 0x7A, 0x14, 0x05, 0xB1, 0x33, 0x9D, 0xE7, 0x3B, 0x57, 0x00, 0x7A, 0x14,
        0x05, 0xB1, 0x33, 0x9D, 0xE7, 0x3B, 0x58, 0x00, 0x7A, 0x14, 0x05, 0xB1, 0x33, 0x9D, 0xE7, 0x3B, 0x59, 0x00, 0x7A, 0x14,
        0x05, 0xB1, 0x33, 0x9D, 0xE7, 0x3B, 0x5A, 0x00, 0x7A, 0x14, 0x05, 0xB1, 0x33, 0x9D, 0xE7, 0x3B, 0x5B, 0x00, 0x7A, 0x14,
        0x05, 0xB1, 0x33, 0x9D, 0xE7, 0x3B, 0x5C, 0x00, 0x7A, 0x14, 0x05, 0xB1, 0x33, 0x9D, 0xE7, 0x3B, 0x5D, 0x00, 0x7A, 0x14,
        0x05, 0xB1, 0x33, 0x9D, 0xE7, 0x3B, 0x5E, 0x00, 0x7A, 0x14, 0x05, 0xB1, 0x33, 0x9D, 0xE7, 0x3B, 0x5F, 0x00, 0x7A, 0x14,
        0x05, 0xB1, 0x33, 0x9D, 0xE7, 0x3B, 0x60, 0x00, 0x7A, 0x14, 0x05, 0xB1, 0x33, 0x9D, 0xE7, 0x3B, 0x61, 0x00, 0x7A, 0x14,
        0x05, 0xB1, 0x33, 0x9D, 0xE7, 0x3B, 0x62, 0x00, 0x7A, 0x14, 0x05, 0xB1, 0x33, 0x9D, 0xE7, 0x3B, 0x63, 0x00, 0x7A, 0x14,
        0x05, 0xB1, 0x33, 0x9D, 0xE7, 0x3B, 0x64, 0x00, 0x7A, 0x14, 0x05, 0xB1, 0x33, 0x9D, 0xE7, 0x3B, 0x02, 0x00, 0x00, 0x00,
        0x48, 0x01, 0x11, 0x00, 0x13, 0x00, 0x64, 0x00, 0x48, 0x01, 0x11, 0x00, 0x13, 0x00, 0xC2, 0x41, 0xDB, 0xD9, 0x00, 0x00,
        0x02, 0x00, 0x00, 0x00, 0x7A, 0x99, 0x51, 0x80, 0x7B, 0x99, 0x00, 0x3C, 0x64, 0x00, 0x7A, 0x99, 0x51, 0x80, 0x7B, 0x99,
        0x00, 0x3C, 0x02, 0x00, 0x00, 0x00, 0x58, 0xAE, 0xEF, 0x0D, 0x58, 0x2E, 0x64, 0x00, 0x58, 0xAE, 0xEF, 0x0D, 0x58, 0x2E,
        0x69, 0xC6, 0x80, 0xBC, 0x00, 0x00, 0x02, 0x00, 0x00, 0x00, 0xA9, 0x83, 0x29, 0x80, 0xC0, 0x83, 0x00, 0x3C, 0x64, 0x00,
        0xA9, 0x83, 0x29, 0x80, 0xC0, 0x83, 0x00, 0x3C, 0x00, 0x00, 0x91, 0xA9, 0x96, 0x37, 0x00, 0x00, 0x02, 0x00, 0x00, 0x00,
        0x3B, 0x05, 0x09, 0x80, 0x0E, 0x00, 0x00, 0x3C, 0x64, 0x00, 0x3B, 0x05, 0x09, 0x80, 0x0E, 0x00, 0x00, 0x3C, 0x00, 0x00,
        0x1A, 0xA4, 0xF2, 0xD2, 0x00, 0x00, 0x02, 0x00, 0x00, 0x00, 0x3B, 0x05, 0x09, 0x80, 0x0E, 0x00, 0x00, 0x3C, 0x64, 0x00,
        0x3B, 0x05, 0x09, 0x80, 0x0E, 0x00, 0x00, 0x3C, 0x00, 0x00, 0x7C, 0x78, 0xA5, 0xF4, 0x00, 0x00, 0x02, 0x00, 0x00, 0x00,
        0x25, 0xA9, 0x03, 0xA7, 0x2D, 0xB0, 0xEC, 0x3B, 0x64, 0x00, 0x25, 0xA9, 0x03, 0xA7, 0x2D, 0xB0, 0xEC, 0x3B, 0x00, 0x00,
        0xF3, 0x07, 0x9C, 0xDD, 0x00, 0x00, 0x02, 0x00, 0x00, 0x00, 0xDD, 0x9C, 0xFF, 0x30, 0x9B, 0x28, 0xE6, 0x3B, 0x64, 0x00,
        0xDD, 0x9C, 0xFF, 0x30, 0x9B, 0x28, 0xE6, 0x3B, 0x00, 0x00, 0xFA, 0xE9, 0x39, 0xD4, 0x00, 0x00, 0x65, 0x00, 0x00, 0x00,
        0x0E, 0x22, 0x9F, 0x33, 0x40, 0x99, 0xC5, 0x3B, 0x01, 0x00, 0x0E, 0x22, 0x9F, 0x33, 0x40, 0x99, 0xC5, 0x3B, 0x02, 0x00,
        0x0E, 0x22, 0x9F, 0x33, 0x40, 0x99, 0xC5, 0x3B, 0x03, 0x00, 0x0E, 0x22, 0x9F, 0x33, 0x40, 0x99, 0xC5, 0x3B, 0x04, 0x00,
        0x0E, 0x22, 0x9F, 0x33, 0x40, 0x99, 0xC5, 0x3B, 0x05, 0x00, 0x0E, 0x22, 0x9F, 0x33, 0x40, 0x99, 0xC5, 0x3B, 0x06, 0x00,
        0x0E, 0x22, 0x9F, 0x33, 0x40, 0x99, 0xC5, 0x3B, 0x07, 0x00, 0x0E, 0x22, 0x9F, 0x33, 0x40, 0x99, 0xC5, 0x3B, 0x08, 0x00,
        0x0E, 0x22, 0x9F, 0x33, 0x40, 0x99, 0xC5, 0x3B, 0x09, 0x00, 0x0E, 0x22, 0x9F, 0x33, 0x40, 0x99, 0xC5, 0x3B, 0x0A, 0x00,
        0x0E, 0x22, 0x9F, 0x33, 0x40, 0x99, 0xC5, 0x3B, 0x0B, 0x00, 0x0E, 0x22, 0x9F, 0x33, 0x40, 0x99, 0xC5, 0x3B, 0x0C, 0x00,
        0x0E, 0x22, 0x9F, 0x33, 0x40, 0x99, 0xC5, 0x3B, 0x0D, 0x00, 0x0E, 0x22, 0x9F, 0x33, 0x40, 0x99, 0xC5, 0x3B, 0x0E, 0x00,
        0x0E, 0x22, 0x9F, 0x33, 0x40, 0x99, 0xC5, 0x3B, 0x0F, 0x00, 0x0E, 0x22, 0x9F, 0x33, 0x40, 0x99, 0xC5, 0x3B, 0x10, 0x00,
        0x0E, 0x22, 0x9F, 0x33, 0x40, 0x99, 0xC5, 0x3B, 0x11, 0x00, 0x0E, 0x22, 0x9F, 0x33, 0x40, 0x99, 0xC5, 0x3B, 0x12, 0x00,
        0x0E, 0x22, 0x9F, 0x33, 0x40, 0x99, 0xC5, 0x3B, 0x13, 0x00, 0x0E, 0x22, 0x9F, 0x33, 0x40, 0x99, 0xC5, 0x3B, 0x14, 0x00,
        0x0E, 0x22, 0x9F, 0x33, 0x40, 0x99, 0xC5, 0x3B, 0x15, 0x00, 0x0E, 0x22, 0x9F, 0x33, 0x40, 0x99, 0xC5, 0x3B, 0x16, 0x00,
        0x0E, 0x22, 0x9F, 0x33, 0x40, 0x99, 0xC5, 0x3B, 0x17, 0x00, 0x0E, 0x22, 0x9F, 0x33, 0x40, 0x99, 0xC5, 0x3B, 0x18, 0x00,
        0x0E, 0x22, 0x9F, 0x33, 0x40, 0x99, 0xC5, 0x3B, 0x19, 0x00, 0x0E, 0x22, 0x9F, 0x33, 0x40, 0x99, 0xC5, 0x3B, 0x1A, 0x00,
        0x0E, 0x22, 0x9F, 0x33, 0x40, 0x99, 0xC5, 0x3B, 0x1B, 0x00, 0x0E, 0x22, 0x9F, 0x33, 0x40, 0x99, 0xC5, 0x3B, 0x1C, 0x00,
        0x0E, 0x22, 0x9F, 0x33, 0x40, 0x99, 0xC5, 0x3B, 0x1D, 0x00, 0x0E, 0x22, 0x9F, 0x33, 0x40, 0x99, 0xC5, 0x3B, 0x1E, 0x00,
        0x0E, 0x22, 0x9F, 0x33, 0x40, 0x99, 0xC5, 0x3B, 0x1F, 0x00, 0x0E, 0x22, 0x9F, 0x33, 0x40, 0x99, 0xC5, 0x3B, 0x20, 0x00,
        0x0E, 0x22, 0x9F, 0x33, 0x40, 0x99, 0xC5, 0x3B, 0x21, 0x00, 0x0E, 0x22, 0x9F, 0x33, 0x40, 0x99, 0xC5, 0x3B, 0x22, 0x00,
        0x0E, 0x22, 0x9F, 0x33, 0x40, 0x99, 0xC5, 0x3B, 0x23, 0x00, 0x0E, 0x22, 0x9F, 0x33, 0x40, 0x99, 0xC5, 0x3B, 0x24, 0x00,
        0x0E, 0x22, 0x9F, 0x33, 0x40, 0x99, 0xC5, 0x3B, 0x25, 0x00, 0x0E, 0x22, 0x9F, 0x33, 0x40, 0x99, 0xC5, 0x3B, 0x26, 0x00,
        0x0E, 0x22, 0x9F, 0x33, 0x40, 0x99, 0xC5, 0x3B, 0x27, 0x00, 0x0E, 0x22, 0x9F, 0x33, 0x40, 0x99, 0xC5, 0x3B, 0x28, 0x00,
        0x0E, 0x22, 0x9F, 0x33, 0x40, 0x99, 0xC5, 0x3B, 0x29, 0x00, 0x0E, 0x22, 0x9F, 0x33, 0x40, 0x99, 0xC5, 0x3B, 0x2A, 0x00,
        0x0E, 0x22, 0x9F, 0x33, 0x40, 0x99, 0xC5, 0x3B, 0x2B, 0x00, 0x0E, 0x22, 0x9F, 0x33, 0x40, 0x99, 0xC5, 0x3B, 0x2C, 0x00,
        0x0E, 0x22, 0x9F, 0x33, 0x40, 0x99, 0xC5, 0x3B, 0x2D, 0x00, 0x0E, 0x22, 0x9F, 0x33, 0x40, 0x99, 0xC5, 0x3B, 0x2E, 0x00,
        0x0E, 0x22, 0x9F, 0x33, 0x40, 0x99, 0xC5, 0x3B, 0x2F, 0x00, 0x0E, 0x22, 0x9F, 0x33, 0x40, 0x99, 0xC5, 0x3B, 0x30, 0x00,
        0x0E, 0x22, 0x9F, 0x33, 0x40, 0x99, 0xC5, 0x3B, 0x31, 0x00, 0x0E, 0x22, 0x9F, 0x33, 0x40, 0x99, 0xC5, 0x3B, 0x32, 0x00,
        0x0E, 0x22, 0x9F, 0x33, 0x40, 0x99, 0xC5, 0x3B, 0x33, 0x00, 0x0E, 0x22, 0x9F, 0x33, 0x40, 0x99, 0xC5, 0x3B, 0x34, 0x00,
        0x0E, 0x22, 0x9F, 0x33, 0x40, 0x99, 0xC5, 0x3B, 0x35, 0x00, 0x0E, 0x22, 0x9F, 0x33, 0x40, 0x99, 0xC5, 0x3B, 0x36, 0x00,
        0x0E, 0x22, 0x9F, 0x33, 0x40, 0x99, 0xC5, 0x3B, 0x37, 0x00, 0x0E, 0x22, 0x9F, 0x33, 0x40, 0x99, 0xC5, 0x3B, 0x38, 0x00,
        0x0E, 0x22, 0x9F, 0x33, 0x40, 0x99, 0xC5, 0x3B, 0x39, 0x00, 0x0E, 0x22, 0x9F, 0x33, 0x40, 0x99, 0xC5, 0x3B, 0x3A, 0x00,
        0x0E, 0x22, 0x9F, 0x33, 0x40, 0x99, 0xC5, 0x3B, 0x3B, 0x00, 0x0E, 0x22, 0x9F, 0x33, 0x40, 0x99, 0xC5, 0x3B, 0x3C, 0x00,
        0x0E, 0x22, 0x9F, 0x33, 0x40, 0x99, 0xC5, 0x3B, 0x3D, 0x00, 0x0E, 0x22, 0x9F, 0x33, 0x40, 0x99, 0xC5, 0x3B, 0x3E, 0x00,
        0x0E, 0x22, 0x9F, 0x33, 0x40, 0x99, 0xC5, 0x3B, 0x3F, 0x00, 0x0E, 0x22, 0x9F, 0x33, 0x40, 0x99, 0xC5, 0x3B, 0x40, 0x00,
        0x0E, 0x22, 0x9F, 0x33, 0x40, 0x99, 0xC5, 0x3B, 0x41, 0x00, 0x0E, 0x22, 0x9F, 0x33, 0x40, 0x99, 0xC5, 0x3B, 0x42, 0x00,
        0x0E, 0x22, 0x9F, 0x33, 0x40, 0x99, 0xC5, 0x3B, 0x43, 0x00, 0x0E, 0x22, 0x9F, 0x33, 0x40, 0x99, 0xC5, 0x3B, 0x44, 0x00,
        0x0E, 0x22, 0x9F, 0x33, 0x40, 0x99, 0xC5, 0x3B, 0x45, 0x00, 0x0E, 0x22, 0x9F, 0x33, 0x40, 0x99, 0xC5, 0x3B, 0x46, 0x00,
        0x0E, 0x22, 0x9F, 0x33, 0x40, 0x99, 0xC5, 0x3B, 0x47, 0x00, 0x0E, 0x22, 0x9F, 0x33, 0x40, 0x99, 0xC5, 0x3B, 0x48, 0x00,
        0x0E, 0x22, 0x9F, 0x33, 0x40, 0x99, 0xC5, 0x3B, 0x49, 0x00, 0x0E, 0x22, 0x9F, 0x33, 0x40, 0x99, 0xC5, 0x3B, 0x4A, 0x00,
        0x0E, 0x22, 0x9F, 0x33, 0x40, 0x99, 0xC5, 0x3B, 0x4B, 0x00, 0x0E, 0x22, 0x9F, 0x33, 0x40, 0x99, 0xC5, 0x3B, 0x4C, 0x00,
        0x0E, 0x22, 0x9F, 0x33, 0x40, 0x99, 0xC5, 0x3B, 0x4D, 0x00, 0x0E, 0x22, 0x9F, 0x33, 0x40, 0x99, 0xC5, 0x3B, 0x4E, 0x00,
        0x0E, 0x22, 0x9F, 0x33, 0x40, 0x99, 0xC5, 0x3B, 0x4F, 0x00, 0x0E, 0x22, 0x9F, 0x33, 0x40, 0x99, 0xC5, 0x3B, 0x50, 0x00,
        0x0E, 0x22, 0x9F, 0x33, 0x40, 0x99, 0xC5, 0x3B, 0x51, 0x00, 0x0E, 0x22, 0x9F, 0x33, 0x40, 0x99, 0xC5, 0x3B, 0x52, 0x00,
        0x0E, 0x22, 0x9F, 0x33, 0x40, 0x99, 0xC5, 0x3B, 0x53, 0x00, 0x0E, 0x22, 0x9F, 0x33, 0x40, 0x99, 0xC5, 0x3B, 0x54, 0x00,
        0x0E, 0x22, 0x9F, 0x33, 0x40, 0x99, 0xC5, 0x3B, 0x55, 0x00, 0x0E, 0x22, 0x9F, 0x33, 0x40, 0x99, 0xC5, 0x3B, 0x56, 0x00,
        0x0E, 0x22, 0x9F, 0x33, 0x40, 0x99, 0xC5, 0x3B, 0x57, 0x00, 0x0E, 0x22, 0x9F, 0x33, 0x40, 0x99, 0xC5, 0x3B, 0x58, 0x00,
        0x0E, 0x22, 0x9F, 0x33, 0x40, 0x99, 0xC5, 0x3B, 0x59, 0x00, 0x0E, 0x22, 0x9F, 0x33, 0x40, 0x99, 0xC5, 0x3B, 0x5A, 0x00,
        0x0E, 0x22, 0x9F, 0x33, 0x40, 0x99, 0xC5, 0x3B, 0x5B, 0x00, 0x0E, 0x22, 0x9F, 0x33, 0x40, 0x99, 0xC5, 0x3B, 0x5C, 0x00,
        0x0E, 0x22, 0x9F, 0x33, 0x40, 0x99, 0xC5, 0x3B, 0x5D, 0x00, 0x0E, 0x22, 0x9F, 0x33, 0x40, 0x99, 0xC5, 0x3B, 0x5E, 0x00,
        0x0E, 0x22, 0x9F, 0x33, 0x40, 0x99, 0xC5, 0x3B, 0x5F, 0x00, 0x0E, 0x22, 0x9F, 0x33, 0x40, 0x99, 0xC5, 0x3B, 0x60, 0x00,
        0x0E, 0x22, 0x9F, 0x33, 0x40, 0x99, 0xC5, 0x3B, 0x61, 0x00, 0x0E, 0x22, 0x9F, 0x33, 0x40, 0x99, 0xC5, 0x3B, 0x62, 0x00,
        0x0E, 0x22, 0x9F, 0x33, 0x40, 0x99, 0xC5, 0x3B, 0x63, 0x00, 0x0E, 0x22, 0x9F, 0x33, 0x40, 0x99, 0xC5, 0x3B, 0x64, 0x00,
        0x0E, 0x22, 0x9F, 0x33, 0x40, 0x99, 0xC5, 0x3B, 0x02, 0x00, 0x00, 0x00, 0xEC, 0x80, 0x21, 0x00, 0x12, 0x00, 0x64, 0x00,
        0xEC, 0x80, 0x21, 0x00, 0x12, 0x00, 0x24, 0xC1, 0x83, 0x25, 0x00, 0x00, 0x02, 0x00, 0x00, 0x00, 0x10, 0x80, 0x0C, 0x80,
        0x18, 0x00, 0x00, 0x3C, 0x64, 0x00, 0x10, 0x80, 0x0C, 0x80, 0x18, 0x00, 0x00, 0x3C, 0x00, 0x00, 0xF3, 0x58, 0x16, 0x21,
        0x00, 0x00, 0x02, 0x00, 0x00, 0x00, 0xB3, 0x33, 0x30, 0xB9, 0xA7, 0xAD, 0xBC, 0x39, 0x64, 0x00, 0xB3, 0x33, 0x30, 0xB9,
        0xA7, 0xAD, 0xBC, 0x39, 0x02, 0x00, 0x00, 0x00, 0x6B, 0xB6, 0x8A, 0x30, 0x40, 0x35, 0x64, 0x00, 0x6B, 0xB6, 0x8A, 0x30,
        0x40, 0x35, 0xD4, 0x62, 0x52, 0xF6, 0x00, 0x00, 0x02, 0x00, 0x00, 0x00, 0x1E, 0x80, 0x7D, 0x00, 0x97, 0x80, 0x00, 0x3C,
        0x64, 0x00, 0x1E, 0x80, 0x7D, 0x00, 0x97, 0x80, 0x00, 0x3C, 0x02, 0x00, 0x00, 0x00, 0x12, 0x80, 0x0C, 0x80, 0x62, 0x80,
        0x64, 0x00, 0x12, 0x80, 0x0C, 0x80, 0x62, 0x80, 0xC6, 0x58, 0x95, 0xF7, 0x00, 0x00, 0x02, 0x00, 0x00, 0x00, 0x26, 0x00,
        0xF9, 0x05, 0x01, 0x00, 0x00, 0x3C, 0x64, 0x00, 0x26, 0x00, 0xF9, 0x05, 0x01, 0x00, 0x00, 0x3C, 0x02, 0x00, 0x00, 0x00,
        0x14, 0x80, 0x0C, 0x00, 0x7B, 0x80, 0x64, 0x00, 0x14, 0x80, 0x0C, 0x00, 0x7B, 0x80, 0x8E, 0x28, 0x3A, 0xA2, 0x00, 0x00,
        0x65, 0x00, 0x00, 0x00, 0xA9, 0x21, 0x90, 0x33, 0xF7, 0xA0, 0xC6, 0x3B, 0x01, 0x00, 0xA9, 0x21, 0x90, 0x33, 0xF7, 0xA0,
        0xC6, 0x3B, 0x02, 0x00, 0xA9, 0x21, 0x90, 0x33, 0xF7, 0xA0, 0xC6, 0x3B, 0x03, 0x00, 0xA9, 0x21, 0x90, 0x33, 0xF7, 0xA0,
        0xC6, 0x3B, 0x04, 0x00, 0xA9, 0x21, 0x90, 0x33, 0xF7, 0xA0, 0xC6, 0x3B, 0x05, 0x00, 0xA9, 0x21, 0x90, 0x33, 0xF7, 0xA0,
        0xC6, 0x3B, 0x06, 0x00, 0xA9, 0x21, 0x90, 0x33, 0xF7, 0xA0, 0xC6, 0x3B, 0x07, 0x00, 0xA9, 0x21, 0x90, 0x33, 0xF7, 0xA0,
        0xC6, 0x3B, 0x08, 0x00, 0xA9, 0x21, 0x90, 0x33, 0xF7, 0xA0, 0xC6, 0x3B, 0x09, 0x00, 0xA9, 0x21, 0x90, 0x33, 0xF7, 0xA0,
        0xC6, 0x3B, 0x0A, 0x00, 0xA9, 0x21, 0x90, 0x33, 0xF7, 0xA0, 0xC6, 0x3B, 0x0B, 0x00, 0xA9, 0x21, 0x90, 0x33, 0xF7, 0xA0,
        0xC6, 0x3B, 0x0C, 0x00, 0xA9, 0x21, 0x90, 0x33, 0xF7, 0xA0, 0xC6, 0x3B, 0x0D, 0x00, 0xA9, 0x21, 0x90, 0x33, 0xF7, 0xA0,
        0xC6, 0x3B, 0x0E, 0x00, 0xA9, 0x21, 0x90, 0x33, 0xF7, 0xA0, 0xC6, 0x3B, 0x0F, 0x00, 0xA9, 0x21, 0x90, 0x33, 0xF7, 0xA0,
        0xC6, 0x3B, 0x10, 0x00, 0xA9, 0x21, 0x90, 0x33, 0xF7, 0xA0, 0xC6, 0x3B, 0x11, 0x00, 0xA9, 0x21, 0x90, 0x33, 0xF7, 0xA0,
        0xC6, 0x3B, 0x12, 0x00, 0xA9, 0x21, 0x90, 0x33, 0xF7, 0xA0, 0xC6, 0x3B, 0x13, 0x00, 0xA9, 0x21, 0x90, 0x33, 0xF7, 0xA0,
        0xC6, 0x3B, 0x14, 0x00, 0xA9, 0x21, 0x90, 0x33, 0xF7, 0xA0, 0xC6, 0x3B, 0x15, 0x00, 0xA9, 0x21, 0x90, 0x33, 0xF7, 0xA0,
        0xC6, 0x3B, 0x16, 0x00, 0xA9, 0x21, 0x90, 0x33, 0xF7, 0xA0, 0xC6, 0x3B, 0x17, 0x00, 0xA9, 0x21, 0x90, 0x33, 0xF7, 0xA0,
        0xC6, 0x3B, 0x18, 0x00, 0xA9, 0x21, 0x90, 0x33, 0xF7, 0xA0, 0xC6, 0x3B, 0x19, 0x00, 0xA9, 0x21, 0x90, 0x33, 0xF7, 0xA0,
        0xC6, 0x3B, 0x1A, 0x00, 0xA9, 0x21, 0x90, 0x33, 0xF7, 0xA0, 0xC6, 0x3B, 0x1B, 0x00, 0xA9, 0x21, 0x90, 0x33, 0xF7, 0xA0,
        0xC6, 0x3B, 0x1C, 0x00, 0xA9, 0x21, 0x90, 0x33, 0xF7, 0xA0, 0xC6, 0x3B, 0x1D, 0x00, 0xA9, 0x21, 0x90, 0x33, 0xF7, 0xA0,
        0xC6, 0x3B, 0x1E, 0x00, 0xA9, 0x21, 0x90, 0x33, 0xF7, 0xA0, 0xC6, 0x3B, 0x1F, 0x00, 0xA9, 0x21, 0x90, 0x33, 0xF7, 0xA0,
        0xC6, 0x3B, 0x20, 0x00, 0xA9, 0x21, 0x90, 0x33, 0xF7, 0xA0, 0xC6, 0x3B, 0x21, 0x00, 0xA9, 0x21, 0x90, 0x33, 0xF7, 0xA0,
        0xC6, 0x3B, 0x22, 0x00, 0xA9, 0x21, 0x90, 0x33, 0xF7, 0xA0, 0xC6, 0x3B, 0x23, 0x00, 0xA9, 0x21, 0x90, 0x33, 0xF7, 0xA0,
        0xC6, 0x3B, 0x24, 0x00, 0xA9, 0x21, 0x90, 0x33, 0xF7, 0xA0, 0xC6, 0x3B, 0x25, 0x00, 0xA9, 0x21, 0x90, 0x33, 0xF7, 0xA0,
        0xC6, 0x3B, 0x26, 0x00, 0xA9, 0x21, 0x90, 0x33, 0xF7, 0xA0, 0xC6, 0x3B, 0x27, 0x00, 0xA9, 0x21, 0x90, 0x33, 0xF7, 0xA0,
        0xC6, 0x3B, 0x28, 0x00, 0xA9, 0x21, 0x90, 0x33, 0xF7, 0xA0, 0xC6, 0x3B, 0x29, 0x00, 0xA9, 0x21, 0x90, 0x33, 0xF7, 0xA0,
        0xC6, 0x3B, 0x2A, 0x00, 0xA9, 0x21, 0x90, 0x33, 0xF7, 0xA0, 0xC6, 0x3B, 0x2B, 0x00, 0xA9, 0x21, 0x90, 0x33, 0xF7, 0xA0,
        0xC6, 0x3B, 0x2C, 0x00, 0xA9, 0x21, 0x90, 0x33, 0xF7, 0xA0, 0xC6, 0x3B, 0x2D, 0x00, 0xA9, 0x21, 0x90, 0x33, 0xF7, 0xA0,
        0xC6, 0x3B, 0x2E, 0x00, 0xA9, 0x21, 0x90, 0x33, 0xF7, 0xA0, 0xC6, 0x3B, 0x2F, 0x00, 0xA9, 0x21, 0x90, 0x33, 0xF7, 0xA0,
        0xC6, 0x3B, 0x30, 0x00, 0xA9, 0x21, 0x90, 0x33, 0xF7, 0xA0, 0xC6, 0x3B, 0x31, 0x00, 0xA9, 0x21, 0x90, 0x33, 0xF7, 0xA0,
        0xC6, 0x3B, 0x32, 0x00, 0xA9, 0x21, 0x90, 0x33, 0xF7, 0xA0, 0xC6, 0x3B, 0x33, 0x00, 0xA9, 0x21, 0x90, 0x33, 0xF7, 0xA0,
        0xC6, 0x3B, 0x34, 0x00, 0xA9, 0x21, 0x90, 0x33, 0xF7, 0xA0, 0xC6, 0x3B, 0x35, 0x00, 0xA9, 0x21, 0x90, 0x33, 0xF7, 0xA0,
        0xC6, 0x3B, 0x36, 0x00, 0xA9, 0x21, 0x90, 0x33, 0xF7, 0xA0, 0xC6, 0x3B, 0x37, 0x00, 0xA9, 0x21, 0x90, 0x33, 0xF7, 0xA0,
        0xC6, 0x3B, 0x38, 0x00, 0xA9, 0x21, 0x90, 0x33, 0xF7, 0xA0, 0xC6, 0x3B, 0x39, 0x00, 0xA9, 0x21, 0x90, 0x33, 0xF7, 0xA0,
        0xC6, 0x3B, 0x3A, 0x00, 0xA9, 0x21, 0x90, 0x33, 0xF7, 0xA0, 0xC6, 0x3B, 0x3B, 0x00, 0xA9, 0x21, 0x90, 0x33, 0xF7, 0xA0,
        0xC6, 0x3B, 0x3C, 0x00, 0xA9, 0x21, 0x90, 0x33, 0xF7, 0xA0, 0xC6, 0x3B, 0x3D, 0x00, 0xA9, 0x21, 0x90, 0x33, 0xF7, 0xA0,
        0xC6, 0x3B, 0x3E, 0x00, 0xA9, 0x21, 0x90, 0x33, 0xF7, 0xA0, 0xC6, 0x3B, 0x3F, 0x00, 0xA9, 0x21, 0x90, 0x33, 0xF7, 0xA0,
        0xC6, 0x3B, 0x40, 0x00, 0xA9, 0x21, 0x90, 0x33, 0xF7, 0xA0, 0xC6, 0x3B, 0x41, 0x00, 0xA9, 0x21, 0x90, 0x33, 0xF7, 0xA0,
        0xC6, 0x3B, 0x42, 0x00, 0xA9, 0x21, 0x90, 0x33, 0xF7, 0xA0, 0xC6, 0x3B, 0x43, 0x00, 0xA9, 0x21, 0x90, 0x33, 0xF7, 0xA0,
        0xC6, 0x3B, 0x44, 0x00, 0xA9, 0x21, 0x90, 0x33, 0xF7, 0xA0, 0xC6, 0x3B, 0x45, 0x00, 0xA9, 0x21, 0x90, 0x33, 0xF7, 0xA0,
        0xC6, 0x3B, 0x46, 0x00, 0xA9, 0x21, 0x90, 0x33, 0xF7, 0xA0, 0xC6, 0x3B, 0x47, 0x00, 0xA9, 0x21, 0x90, 0x33, 0xF7, 0xA0,
        0xC6, 0x3B, 0x48, 0x00, 0xA9, 0x21, 0x90, 0x33, 0xF7, 0xA0, 0xC6, 0x3B, 0x49, 0x00, 0xA9, 0x21, 0x90, 0x33, 0xF7, 0xA0,
        0xC6, 0x3B, 0x4A, 0x00, 0xA9, 0x21, 0x90, 0x33, 0xF7, 0xA0, 0xC6, 0x3B, 0x4B, 0x00, 0xA9, 0x21, 0x90, 0x33, 0xF7, 0xA0,
        0xC6, 0x3B, 0x4C, 0x00, 0xA9, 0x21, 0x90, 0x33, 0xF7, 0xA0, 0xC6, 0x3B, 0x4D, 0x00, 0xA9, 0x21, 0x90, 0x33, 0xF7, 0xA0,
        0xC6, 0x3B, 0x4E, 0x00, 0xA9, 0x21, 0x90, 0x33, 0xF7, 0xA0, 0xC6, 0x3B, 0x4F, 0x00, 0xA9, 0x21, 0x90, 0x33, 0xF7, 0xA0,
        0xC6, 0x3B, 0x50, 0x00, 0xA9, 0x21, 0x90, 0x33, 0xF7, 0xA0, 0xC6, 0x3B, 0x51, 0x00, 0xA9, 0x21, 0x90, 0x33, 0xF7, 0xA0,
        0xC6, 0x3B, 0x52, 0x00, 0xA9, 0x21, 0x90, 0x33, 0xF7, 0xA0, 0xC6, 0x3B, 0x53, 0x00, 0xA9, 0x21, 0x90, 0x33, 0xF7, 0xA0,
        0xC6, 0x3B, 0x54, 0x00, 0xA9, 0x21, 0x90, 0x33, 0xF7, 0xA0, 0xC6, 0x3B, 0x55, 0x00, 0xA9, 0x21, 0x90, 0x33, 0xF7, 0xA0,
        0xC6, 0x3B, 0x56, 0x00, 0xA9, 0x21, 0x90, 0x33, 0xF7, 0xA0, 0xC6, 0x3B, 0x57, 0x00, 0xA9, 0x21, 0x90, 0x33, 0xF7, 0xA0,
        0xC6, 0x3B, 0x58, 0x00, 0xA9, 0x21, 0x90, 0x33, 0xF7, 0xA0, 0xC6, 0x3B, 0x59, 0x00, 0xA9, 0x21, 0x90, 0x33, 0xF7, 0xA0,
        0xC6, 0x3B, 0x5A, 0x00, 0xA9, 0x21, 0x90, 0x33, 0xF7, 0xA0, 0xC6, 0x3B, 0x5B, 0x00, 0xA9, 0x21, 0x90, 0x33, 0xF7, 0xA0,
        0xC6, 0x3B, 0x5C, 0x00, 0xA9, 0x21, 0x90, 0x33, 0xF7, 0xA0, 0xC6, 0x3B, 0x5D, 0x00, 0xA9, 0x21, 0x90, 0x33, 0xF7, 0xA0,
        0xC6, 0x3B, 0x5E, 0x00, 0xA9, 0x21, 0x90, 0x33, 0xF7, 0xA0, 0xC6, 0x3B, 0x5F, 0x00, 0xA9, 0x21, 0x90, 0x33, 0xF7, 0xA0,
        0xC6, 0x3B, 0x60, 0x00, 0xA9, 0x21, 0x90, 0x33, 0xF7, 0xA0, 0xC6, 0x3B, 0x61, 0x00, 0xA9, 0x21, 0x90, 0x33, 0xF7, 0xA0,
        0xC6, 0x3B, 0x62, 0x00, 0xA9, 0x21, 0x90, 0x33, 0xF7, 0xA0, 0xC6, 0x3B, 0x63, 0x00, 0xA9, 0x21, 0x90, 0x33, 0xF7, 0xA0,
        0xC6, 0x3B, 0x64, 0x00, 0xA9, 0x21, 0x90, 0x33, 0xF7, 0xA0, 0xC6, 0x3B, 0x02, 0x00, 0x00, 0x00, 0xB4, 0x85, 0x00, 0x00,
        0xC1, 0x8F, 0x64, 0x00, 0xB4, 0x85, 0x00, 0x00, 0xC1, 0x8F, 0x90, 0x23, 0xD1, 0x50, 0x00, 0x00, 0x02, 0x00, 0x00, 0x00,
        0x9C, 0xAA, 0x31, 0x80, 0x22, 0x00, 0xFD, 0x3B, 0x64, 0x00, 0x9C, 0xAA, 0x31, 0x80, 0x22, 0x00, 0xFD, 0x3B, 0x02, 0x00,
        0x00, 0x00, 0x00, 0x80, 0x7A, 0x80, 0x02, 0x80, 0x64, 0x00, 0x00, 0x80, 0x7A, 0x80, 0x02, 0x80, 0x14, 0xB3, 0x40, 0xB4,
        0x00, 0x00, 0x02, 0x00, 0x00, 0x00, 0xEC, 0x93, 0xD6, 0x2C, 0x5A, 0x1A, 0xFA, 0x3B, 0x64, 0x00, 0xEC, 0x93, 0xD6, 0x2C,
        0x5A, 0x1A, 0xFA, 0x3B, 0x00, 0x00, 0xCB, 0xCC, 0x3F, 0xDE, 0x00, 0x00, 0x02, 0x00, 0x00, 0x00, 0x16, 0x17, 0xF4, 0x29,
        0x71, 0x25, 0xFD, 0x3B, 0x64, 0x00, 0x16, 0x17, 0xF4, 0x29, 0x71, 0x25, 0xFD, 0x3B, 0x00, 0x00, 0x34, 0xF4, 0x5D, 0x9B,
        0x00, 0x00, 0x02, 0x00, 0x00, 0x00, 0x4B, 0x20, 0x17, 0x38, 0x71, 0x2F, 0xD0, 0x3A, 0x64, 0x00, 0x4B, 0x20, 0x17, 0x38,
        0x71, 0x2F, 0xD0, 0x3A, 0x00, 0x00, 0x45, 0x7B, 0xD9, 0x24, 0x00, 0x00, 0x02, 0x00, 0x00, 0x00, 0xFA, 0xB0, 0x32, 0x39,
        0xDE, 0xA4, 0xF4, 0x39, 0x64, 0x00, 0xFA, 0xB0, 0x32, 0x39, 0xDE, 0xA4, 0xF4, 0x39, 0x00, 0x00, 0x73, 0x68, 0x81, 0x53,
        0x00, 0x00, 0x02, 0x00, 0x00, 0x00, 0xDE, 0x26, 0x11, 0x39, 0xD8, 0x2C, 0x28, 0x3A, 0x64, 0x00, 0xDE, 0x26, 0x11, 0x39,
        0xD8, 0x2C, 0x28, 0x3A, 0x02, 0x00, 0x00, 0x00, 0x4C, 0x00, 0x22, 0x80, 0x0A, 0x00, 0x64, 0x00, 0x4C, 0x00, 0x22, 0x80,
        0x0A, 0x00, 0xCB, 0x19, 0xC4, 0x44, 0x00, 0x00, 0x02, 0x00, 0x00, 0x00, 0x18, 0xA0, 0xAE, 0x38, 0x3F, 0xA5, 0x7C, 0x3A,
        0x64, 0x00, 0x18, 0xA0, 0xAE, 0x38, 0x3F, 0xA5, 0x7C, 0x3A, 0x02, 0x00, 0x00, 0x00, 0x4A, 0x00, 0x21, 0x00, 0x0A, 0x00,
        0x64, 0x00, 0x4A, 0x00, 0x21, 0x00, 0x0A, 0x00, 0xF5, 0x6C, 0x40, 0x51, 0x00, 0x00, 0x02, 0x00, 0x00, 0x00, 0x4F, 0x24,
        0x8A, 0x35, 0x4C, 0x35, 0x05, 0x3B, 0x64, 0x00, 0x4F, 0x24, 0x8A, 0x35, 0x4C, 0x35, 0x05, 0x3B, 0x00, 0x00, 0x7B, 0x30,
        0x4E, 0xFD, 0x00, 0x00, 0x02, 0x00, 0x00, 0x00, 0xE4, 0x27, 0x03, 0x85, 0x78, 0x00, 0xFF, 0x3B, 0x64, 0x00, 0xE4, 0x27,
        0x03, 0x85, 0x78, 0x00, 0xFF, 0x3B, 0x02, 0x00, 0x00, 0x00, 0x6C, 0x9F, 0xFF, 0xA1, 0x42, 0x8E, 0x64, 0x00, 0x6C, 0x9F,
        0xFF, 0xA1, 0x42, 0x8E, 0x4F, 0x1C, 0xB8, 0x2F, 0x00, 0x00, 0x02, 0x00, 0x00, 0x00, 0xE9, 0xA0, 0x54, 0x32, 0x91, 0xB6,
        0x1F, 0x3B, 0x64, 0x00, 0xE9, 0xA0, 0x54, 0x32, 0x91, 0xB6, 0x1F, 0x3B, 0x00, 0x00, 0x24, 0xF7, 0x51, 0xC4, 0x00, 0x00,
        0x02, 0x00, 0x00, 0x00, 0xFD, 0x3B, 0x33, 0x28, 0xB4, 0x28, 0x7C, 0xA3, 0x64, 0x00, 0xFD, 0x3B, 0x33, 0x28, 0xB4, 0x28,
        0x7C, 0xA3, 0x02, 0x00, 0x00, 0x00, 0x5B, 0x2B, 0xBA, 0x23, 0x3E, 0x9A, 0x64, 0x00, 0x5B, 0x2B, 0xBA, 0x23, 0x3E, 0x9A,
        0x34, 0x44, 0xCF, 0xFF, 0x00, 0x00, 0x02, 0x00, 0x00, 0x00, 0x2C, 0xAA, 0x2C, 0xB7, 0x9D, 0x2A, 0x21, 0x3B, 0x64, 0x00,
        0x2C, 0xAA, 0x2C, 0xB7, 0x9D, 0x2A, 0x21, 0x3B, 0x00, 0x00, 0x5D, 0x4D, 0x7A, 0xCD, 0x00, 0x00, 0x02, 0x00, 0x00, 0x00,
        0xF0, 0xAC, 0x30, 0xB7, 0x2B, 0x2B, 0x1B, 0x3B, 0x64, 0x00, 0xF0, 0xAC, 0x30, 0xB7, 0x2B, 0x2B, 0x1B, 0x3B, 0x00, 0x00,
        0x2B, 0xC2, 0x80, 0xD7, 0x00, 0x00, 0x02, 0x00, 0x00, 0x00, 0x3A, 0x2C, 0x15, 0xB8, 0x16, 0x18, 0xDC, 0x3A, 0x64, 0x00,
        0x3A, 0x2C, 0x15, 0xB8, 0x16, 0x18, 0xDC, 0x3A, 0x02, 0x00, 0x00, 0x00, 0xC4, 0x80, 0x00, 0x00, 0x21, 0x00, 0x64, 0x00,
        0xC4, 0x80, 0x00, 0x00, 0x21, 0x00, 0x77, 0x56, 0x43, 0xFF, 0x00, 0x00, 0x02, 0x00, 0x00, 0x00, 0x65, 0x2E, 0xCC, 0xB6,
        0x9D, 0x28, 0x31, 0x3B, 0x64, 0x00, 0x65, 0x2E, 0xCC, 0xB6, 0x9D, 0x28, 0x31, 0x3B, 0x02, 0x00, 0x00, 0x00, 0xAE, 0x80,
        0x0B, 0x80, 0x15, 0x00, 0x64, 0x00, 0xAE, 0x80, 0x0B, 0x80, 0x15, 0x00, 0xA5, 0xFF, 0x33, 0xF1, 0x00, 0x00, 0x02, 0x00,
        0x00, 0x00, 0x06, 0x29, 0xCD, 0x2A, 0x18, 0xA1, 0xFB, 0x3B, 0x64, 0x00, 0x06, 0x29, 0xCD, 0x2A, 0x18, 0xA1, 0xFB, 0x3B,
        0x00, 0x00, 0x60, 0x60, 0xA3, 0xB1, 0x00, 0x00, 0x02, 0x00, 0x00, 0x00, 0x29, 0xA7, 0x08, 0xAA, 0x8D, 0x3B, 0x39, 0xB5,
        0x64, 0x00, 0x29, 0xA7, 0x08, 0xAA, 0x8D, 0x3B, 0x39, 0xB5, 0x02, 0x00, 0x00, 0x00, 0x5B, 0x2B, 0xBA, 0x23, 0x40, 0x1A,
        0x64, 0x00, 0x5B, 0x2B, 0xBA, 0x23, 0x40, 0x1A, 0x66, 0xB0, 0x98, 0x55, 0x00, 0x00, 0x02, 0x00, 0x00, 0x00, 0xD8, 0x22,
        0x6C, 0xB5, 0x8D, 0xAB, 0x83, 0x3B, 0x64, 0x00, 0xD8, 0x22, 0x6C, 0xB5, 0x8D, 0xAB, 0x83, 0x3B, 0x00, 0x00, 0x7E, 0x07,
        0xF9, 0x49, 0x00, 0x00, 0x02, 0x00, 0x00, 0x00, 0x76, 0x2C, 0xD0, 0xB5, 0x3C, 0x22, 0x6F, 0x3B, 0x64, 0x00, 0x76, 0x2C,
        0xD0, 0xB5, 0x3C, 0x22, 0x6F, 0x3B, 0x00, 0x00, 0x73, 0x35, 0x09, 0x5B, 0x00, 0x00, 0x02, 0x00, 0x00, 0x00, 0x53, 0xAE,
        0xF6, 0xB6, 0x57, 0x29, 0x27, 0x3B, 0x64, 0x00, 0x53, 0xAE, 0xF6, 0xB6, 0x57, 0x29, 0x27, 0x3B, 0x02, 0x00, 0x00, 0x00,
        0xC6, 0x80, 0x03, 0x80, 0x22, 0x00, 0x64, 0x00, 0xC6, 0x80, 0x03, 0x80, 0x22, 0x00, 0xD1, 0xAA, 0x4F, 0x2C, 0x00, 0x00,
        0x02, 0x00, 0x00, 0x00, 0x32, 0xB0, 0xBD, 0xB5, 0x74, 0x2E, 0x5A, 0x3B, 0x64, 0x00, 0x32, 0xB0, 0xBD, 0xB5, 0x74, 0x2E,
        0x5A, 0x3B, 0x02, 0x00, 0x00, 0x00, 0xAF, 0x80, 0x08, 0x00, 0x15, 0x00, 0x64, 0x00, 0xAF, 0x80, 0x08, 0x00, 0x15, 0x00,
        0x94, 0x77, 0x0F, 0xE8, 0x00, 0x00, 0x02, 0x00, 0x00, 0x00, 0x03, 0x23, 0x61, 0x2D, 0xC4, 0x27, 0xF8, 0x3B, 0x64, 0x00,
        0x03, 0x23, 0x61, 0x2D, 0xC4, 0x27, 0xF8, 0x3B, 0x00, 0x00, 0x89, 0x7C, 0x4D, 0x2C, 0x00, 0x00, 0x02, 0x00, 0x00, 0x00,
        0x6E, 0x1D, 0x40, 0xB0, 0x85, 0xA0, 0xEE, 0x3B, 0x64, 0x00, 0x6E, 0x1D, 0x40, 0xB0, 0x85, 0xA0, 0xEE, 0x3B, 0x00, 0x00,
        0xBC, 0xD7, 0x9B, 0x85, 0x00, 0x00, 0x02, 0x00, 0x00, 0x00, 0x70, 0x81, 0xF5, 0xB5, 0x6B, 0x00, 0x6D, 0x3B, 0x64, 0x00,
        0x70, 0x81, 0xF5, 0xB5, 0x6B, 0x00, 0x6D, 0x3B, 0x00, 0x00, 0xD1, 0x24, 0x43, 0x3D, 0x00, 0x00, 0x02, 0x00, 0x00, 0x00,
        0xEA, 0x00, 0xF7, 0xB7, 0xCD, 0x00, 0xF0, 0x3A, 0x64, 0x00, 0xEA, 0x00, 0xF7, 0xB7, 0xCD, 0x00, 0xF0, 0x3A, 0x00, 0x00,
        0xE4, 0xBB, 0xF3, 0xE5, 0x00, 0x00, 0x02, 0x00, 0x00, 0x00, 0x44, 0x80, 0xC1, 0xB8, 0x46, 0x00, 0x6F, 0x3A, 0x64, 0x00,
        0x44, 0x80, 0xC1, 0xB8, 0x46, 0x00, 0x6F, 0x3A, 0x00, 0x00, 0x86, 0x6C, 0x11, 0x66, 0x00, 0x00, 0x02, 0x00, 0x00, 0x00,
        0x4A, 0x80, 0xEF, 0xB2, 0x52, 0x00, 0xCF, 0x3B, 0x64, 0x00, 0x4A, 0x80, 0xEF, 0xB2, 0x52, 0x00, 0xCF, 0x3B, 0x00, 0x00,
        0xCC, 0x12, 0xD0, 0x40, 0x00, 0x00, 0x02, 0x00, 0x00, 0x00, 0xCE, 0xA0, 0xD4, 0xAF, 0xE6, 0xA6, 0xF0, 0x3B, 0x64, 0x00,
        0xCE, 0xA0, 0xD4, 0xAF, 0xE6, 0xA6, 0xF0, 0x3B, 0x00, 0x00, 0xBB, 0x42, 0x77, 0x79, 0x00, 0x00, 0x02, 0x00, 0x00, 0x00,
        0x66, 0x27, 0x6F, 0xB5, 0x5F, 0xA7, 0x84, 0x3B, 0x64, 0x00, 0x66, 0x27, 0x6F, 0xB5, 0x5F, 0xA7, 0x84, 0x3B, 0x00, 0x00,
        0x7D, 0x97, 0xFF, 0x62, 0x00, 0x00, 0x02, 0x00, 0x00, 0x00, 0x30, 0x12, 0x95, 0xB6, 0x50, 0x24, 0x4A, 0x3B, 0x64, 0x00,
        0x30, 0x12, 0x95, 0xB6, 0x50, 0x24, 0x4A, 0x3B, 0x00, 0x00, 0x5C, 0xBD, 0x12, 0xC5, 0x00, 0x00, 0x02, 0x00, 0x00, 0x00,
        0xFA, 0x25, 0x18, 0xB7, 0xCA, 0x29, 0x29, 0x3B, 0x64, 0x00, 0xFA, 0x25, 0x18, 0xB7, 0xCA, 0x29, 0x29, 0x3B, 0x00, 0x00,
        0xF6, 0x92, 0xB5, 0xD9, 0x00, 0x00, 0x02, 0x00, 0x00, 0x00, 0xDB, 0xA1, 0xF3, 0xAC, 0x10, 0x22, 0xFA, 0x3B, 0x64, 0x00,
        0xDB, 0xA1, 0xF3, 0xAC, 0x10, 0x22, 0xFA, 0x3B, 0x00, 0x00, 0xE7, 0xE6, 0x83, 0xBC, 0x00, 0x00, 0x02, 0x00, 0x00, 0x00,
        0x10, 0x00, 0xB9, 0xB4, 0x15, 0x00, 0xA5, 0x3B, 0x64, 0x00, 0x10, 0x00, 0xB9, 0xB4, 0x15, 0x00, 0xA5, 0x3B, 0x00, 0x00,
        0x7F, 0x12, 0xA9, 0x74, 0x00, 0x00, 0x02, 0x00, 0x00, 0x00, 0x15, 0x00, 0xBC, 0xB4, 0x4D, 0x80, 0xA4, 0x3B, 0x64, 0x00,
        0x15, 0x00, 0xBC, 0xB4, 0x4D, 0x80, 0xA4, 0x3B, 0x00, 0x00, 0xDB, 0xAB, 0x54, 0xCC, 0x00, 0x00, 0x02, 0x00, 0x00, 0x00,
        0x05, 0x80, 0x69, 0xB2, 0x07, 0x80, 0xD6, 0x3B, 0x64, 0x00, 0x05, 0x80, 0x69, 0xB2, 0x07, 0x80, 0xD6, 0x3B, 0x00, 0x00,
        0xBC, 0x59, 0x67, 0xEF, 0x00, 0x00, 0x02, 0x00, 0x00, 0x00, 0x02, 0x00, 0xD1, 0xB3, 0x02, 0x00, 0xC2, 0x3B, 0x64, 0x00,
        0x02, 0x00, 0xD1, 0xB3, 0x02, 0x00, 0xC2, 0x3B, 0x00, 0x00, 0x25, 0x2A, 0xD9, 0x7B, 0x00, 0x00, 0x02, 0x00, 0x00, 0x00,
        0x01, 0x80, 0x74, 0xB3, 0x04, 0x00, 0xC8, 0x3B, 0x64, 0x00, 0x01, 0x80, 0x74, 0xB3, 0x04, 0x00, 0xC8, 0x3B, 0x00, 0x00,
        0x4F, 0x31, 0xD5, 0x6A, 0x00, 0x00, 0x02, 0x00, 0x00, 0x00, 0x59, 0x23, 0x35, 0xB2, 0x75, 0xA7, 0xD8, 0x3B, 0x64, 0x00,
        0x59, 0x23, 0x35, 0xB2, 0x75, 0xA7, 0xD8, 0x3B, 0x00, 0x00, 0x3B, 0xFD, 0x3F, 0xAA, 0x00, 0x00, 0x02, 0x00, 0x00, 0x00,
        0x5A, 0xA9, 0x2D, 0xAE, 0xA3, 0x28, 0xF3, 0x3B, 0x64, 0x00, 0x5A, 0xA9, 0x2D, 0xAE, 0xA3, 0x28, 0xF3, 0x3B, 0x00, 0x00,
        0x54, 0x94, 0x79, 0x0C, 0x00, 0x00, 0x02, 0x00, 0x00, 0x00, 0xC7, 0x2A, 0x9F, 0xAF, 0xCB, 0xA3, 0xEE, 0x3B, 0x64, 0x00,
        0xC7, 0x2A, 0x9F, 0xAF, 0xCB, 0xA3, 0xEE, 0x3B, 0x00, 0x00, 0x0D, 0x9F, 0x1A, 0x93, 0x00, 0x00, 0x02, 0x00, 0x00, 0x00,
        0x84, 0xA5, 0x6D, 0xB3, 0x10, 0x1D, 0xC8, 0x3B, 0x64, 0x00, 0x84, 0xA5, 0x6D, 0xB3, 0x10, 0x1D, 0xC8, 0x3B, 0x00, 0x00,
        0xD5, 0xE3, 0xDC, 0x21, 0x00, 0x00, 0x02, 0x00, 0x00, 0x00, 0xAE, 0xA0, 0xBE, 0xB1, 0xE9, 0x24, 0xDE, 0x3B, 0x64, 0x00,
        0xAE, 0xA0, 0xBE, 0xB1, 0xE9, 0x24, 0xDE, 0x3B, 0x00, 0x00, 0x15, 0xF1, 0x6F, 0x52, 0x00, 0x00, 0x00, 0x00, 0x02, 0x00,
        0x00, 0x00, 0xAE, 0xA0, 0xA7, 0x67, 0x80, 0x29, 0x55, 0xA8, 0x06, 0x17, 0x8C, 0x7E, 0x4E, 0x30, 0x64, 0x00, 0xAE, 0xA0,
        0xA7, 0x67, 0x80, 0x29, 0x55, 0xA8, 0x06, 0x17, 0x8C, 0x7E, 0x4E, 0x30, 0xB8, 0xE7, 0x9A, 0xE1, 0x00, 0x00, 0x02, 0x00,
        0x00, 0x00, 0x02, 0x80, 0x13, 0x00, 0x86, 0x30, 0xEB, 0x3B, 0x64, 0x00, 0x02, 0x80, 0x13, 0x00, 0x86, 0x30, 0xEB, 0x3B,
        0x02, 0x00, 0x00, 0x00, 0x03, 0x80, 0x5F, 0x24, 0x4F, 0x3C, 0xBB, 0x45, 0x60, 0xBF, 0x87, 0xD4, 0x0B, 0xB3, 0x64, 0x00,
        0x03, 0x80, 0x5F, 0x24, 0x4F, 0x3C, 0xBB, 0x45, 0x60, 0xBF, 0x87, 0xD4, 0x0B, 0xB3, 0xB0, 0x4D, 0xDA, 0xDC, 0x00, 0x00,
        0x00, 0x00, 0x02, 0x00, 0x00, 0x00, 0x03, 0x80, 0x88, 0x60, 0x34, 0x35, 0xF4, 0x35, 0xAD, 0xBF, 0x5E, 0x29, 0xC6, 0xBE,
        0x64, 0x00, 0x03, 0x80, 0x88, 0x60, 0x34, 0x35, 0xF4, 0x35, 0xAD, 0xBF, 0x5E, 0x29, 0xC6, 0xBE, 0xC4, 0x3F, 0xC6, 0xA6,
        0x00, 0x00, 0x00, 0x00, 0x02, 0x00, 0x00, 0x00, 0x03, 0x80, 0x3B, 0xB2, 0x33, 0x35, 0xF4, 0x35, 0xAD, 0xBF, 0x5E, 0x29,
        0xC6, 0xBE, 0x64, 0x00, 0x03, 0x80, 0x3B, 0xB2, 0x33, 0x35, 0xF4, 0x35, 0xAD, 0xBF, 0x5E, 0x29, 0xC6, 0xBE, 0x86, 0xA8,
        0x1D, 0x7E, 0x00, 0x00, 0x00, 0x00, 0x02, 0x00, 0x00, 0x00, 0x03, 0x80, 0x4A, 0x99, 0x13, 0x35, 0xF4, 0x35, 0xAD, 0xBF,
        0x5E, 0x29, 0xC6, 0xBE, 0x64, 0x00, 0x03, 0x80, 0x4A, 0x99, 0x13, 0x35, 0xF4, 0x35, 0xAD, 0xBF, 0x5E, 0x29, 0xC6, 0xBE,
        0x9A, 0x2B, 0x9A, 0xD6, 0x00, 0x00, 0x00, 0x00, 0x02, 0x00, 0x00, 0x00, 0x03, 0x80, 0x15, 0x6C, 0x08, 0x35, 0xF4, 0x35,
        0xAD, 0xBF, 0x5E, 0x29, 0xC6, 0xBE, 0x64, 0x00, 0x03, 0x80, 0x15, 0x6C, 0x08, 0x35, 0xF4, 0x35, 0xAD, 0xBF, 0x5E, 0x29,
        0xC6, 0xBE,
    };
    inline constexpr uint8_t kLeanRunLod[] = {
        0x50, 0x41, 0x52, 0x20, 0x02, 0x03, 0x00, 0x01, 0x02, 0x03, 0x04, 0x05, 0x06, 0x07, 0x08, 0x09, 0x9F, 0x01, 0x00, 0x00,
        0xD6, 0x47, 0x09, 0xB1, 0x00, 0x00, 0x80, 0x3F, 0x00, 0x00, 0x80, 0x3F, 0x00, 0x00, 0x80, 0x3F, 0x1F, 0x00, 0x00, 0xB0,
        0xF1, 0xE2, 0x35, 0xB4, 0xE6, 0xEF, 0x7F, 0xB4, 0x00, 0x00, 0x80, 0x3F, 0x17, 0xA9, 0x1F, 0xB3, 0xF4, 0x35, 0xAD, 0x3F,
        0x5E, 0x29, 0xC6, 0x3E, 0x00, 0x00, 0x80, 0x3F, 0x00, 0x00, 0x80, 0x3F, 0x00, 0x00, 0x80, 0x3F, 0x1F, 0x00, 0x00, 0xB0,
        0xF1, 0xE2, 0x35, 0xB4, 0xE6, 0xEF, 0x7F, 0xB4, 0x00, 0x00, 0x80, 0x3F, 0xF0, 0xC3, 0x23, 0xB3, 0xFC, 0xA9, 0xB1, 0x3F,
        0x9E, 0x41, 0xCB, 0x3E, 0x71, 0xE5, 0x78, 0x3F, 0x55, 0x55, 0x55, 0x40, 0x05, 0x00, 0x00, 0x00, 0x1F, 0x00, 0x06, 0x00,
        0x00, 0x00, 0x00, 0x00, 0x32, 0x02, 0x00, 0x00, 0xF3, 0x58, 0x16, 0x21, 0x00, 0x02, 0x00, 0x0F, 0xD6, 0xFA, 0x2E, 0x11,
        0x0F, 0xD6, 0xFA, 0x2E, 0x02, 0x00, 0xF3, 0x05, 0x0A, 0x11, 0xF3, 0x05, 0x0A, 0x45, 0x7B, 0xD9, 0x24, 0x00, 0x02, 0x00,
        0xF6, 0x2A, 0xFF, 0x30, 0x11, 0xF6, 0x2A, 0xFF, 0x30, 0x00, 0x24, 0xC1, 0x83, 0x25, 0x00, 0x02, 0x00, 0x00, 0x00, 0x00,
        0x40, 0x11, 0x00, 0x00, 0x00, 0x40, 0x00, 0x4F, 0x1C, 0xB8, 0x2F, 0x00, 0x02, 0x00, 0xFF, 0x0D, 0xE6, 0x39, 0x11, 0xFF,
        0x0D, 0xE6, 0x39, 0x00, 0x38, 0xB9, 0x77, 0x37, 0x00, 0x02, 0x00, 0x00, 0x00, 0x00, 0x40, 0x11, 0x00, 0x00, 0x00, 0x40,
        0x02, 0x00, 0xFE, 0x00, 0x00, 0x11, 0xFE, 0x00, 0x00, 0x3A, 0x9A, 0x73, 0x3C, 0x00, 0x02, 0x00, 0x00, 0x00, 0x00, 0x40,
        0x11, 0x00, 0x00, 0x00, 0x40, 0x02, 0x00, 0x00, 0x00, 0x00, 0x11, 0x00, 0x00, 0x00, 0xCB, 0x19, 0xC4, 0x44, 0x00, 0x02,
        0x00, 0xFF, 0x25, 0xFF, 0x34, 0x11, 0xFF, 0x25, 0xFF, 0x34, 0x02, 0x00, 0x00, 0x00, 0x00, 0x11, 0x00, 0x00, 0x00, 0x90,
        0x23, 0xD1, 0x50, 0x00, 0x02, 0x00, 0xFD, 0x00, 0x00, 0x40, 0x11, 0xFD, 0x00, 0x00, 0x40, 0x02, 0x00, 0x00, 0x00, 0x00,
        0x11, 0x00, 0x00, 0x00, 0xF5, 0x6C, 0x40, 0x51, 0x00, 0x02, 0x00, 0x01, 0x16, 0x15, 0x38, 0x11, 0x01, 0x16, 0x15, 0x38,
        0x00, 0x73, 0x68, 0x81, 0x53, 0x00, 0x02, 0x00, 0x02, 0x29, 0x05, 0x31, 0x11, 0x02, 0x29, 0x05, 0x31, 0x02, 0x00, 0x00,
        0x00, 0x00, 0x11, 0x00, 0x00, 0x00, 0x02, 0x4D, 0x31, 0x59, 0x00, 0x02, 0x00, 0x00, 0x2E, 0x00, 0x2D, 0x11, 0x00, 0x2E,
        0x00, 0x2D, 0x00, 0x6F, 0x4D, 0x66, 0x67, 0x00, 0x02, 0x00, 0x00, 0x00, 0x00, 0x40, 0x11, 0x00, 0x00, 0x00, 0x40, 0x00,
        0x34, 0xF4, 0x5D, 0x9B, 0x00, 0x02, 0x00, 0x01, 0x21, 0x07, 0x36, 0x11, 0x01, 0x21, 0x07, 0x36, 0x00, 0x8E, 0x28, 0x3A,
        0xA2, 0x00, 0x02, 0x00, 0x01, 0x0F, 0xFF, 0x3E, 0x11, 0x01, 0x0F, 0xFF, 0x3E, 0x02, 0x00, 0x00, 0x00, 0x00, 0x11, 0x00,
        0x00, 0x00, 0x77, 0x26, 0x80, 0xAB, 0x00, 0x02, 0x00, 0x00, 0x34, 0x00, 0x26, 0x11, 0x00, 0x34, 0x00, 0x26, 0x00, 0x60,
        0x60, 0xA3, 0xB1, 0x00, 0x02, 0x00, 0xFE, 0xFD, 0x3C, 0xEB, 0x11, 0xFE, 0xFD, 0x3C, 0xEB, 0x02, 0x00, 0x02, 0x00, 0x00,
        0x11, 0x02, 0x00, 0x00, 0x14, 0xB3, 0x40, 0xB4, 0x00, 0x02, 0x00, 0x00, 0x05, 0x00, 0x40, 0x11, 0x00, 0x05, 0x00, 0x40,
        0x00, 0x37, 0x13, 0x1D, 0xBC, 0x00, 0x02, 0x00, 0xFC, 0xEF, 0xFA, 0x3D, 0x11, 0xFC, 0xEF, 0xFA, 0x3D, 0x00, 0x04, 0x5A,
        0x35, 0xBF, 0x00, 0x02, 0x00, 0x00, 0x00, 0x00, 0x40, 0x11, 0x00, 0x00, 0x00, 0x40, 0x02, 0x00, 0x00, 0x00, 0x00, 0x11,
        0x00, 0x00, 0x00, 0x24, 0xF7, 0x51, 0xC4, 0x00, 0x02, 0x00, 0x40, 0x02, 0x02, 0xFF, 0x11, 0x40, 0x02, 0x02, 0xFF, 0x02,
        0x00, 0x02, 0x00, 0x00, 0x11, 0x02, 0x00, 0x00, 0x0D, 0x91, 0xFA, 0xCC, 0x00, 0x02, 0x00, 0xFE, 0xF2, 0x00, 0x3E, 0x11,
        0xFE, 0xF2, 0x00, 0x3E, 0x02, 0x00, 0x00, 0x00, 0x00, 0x11, 0x00, 0x00, 0x00, 0x09, 0x91, 0x7D, 0xD1, 0x00, 0x02, 0x00,
        0x08, 0xEF, 0x09, 0x3D, 0x11, 0x08, 0xEF, 0x09, 0x3D, 0x00, 0xC9, 0x0A, 0xE9, 0xD2, 0x00, 0x02, 0x00, 0x00, 0xF6, 0x00,
        0x3F, 0x11, 0x00, 0xF6, 0x00, 0x3F, 0x02, 0x00, 0x00, 0x00, 0x00, 0x11, 0x00, 0x00, 0x00, 0xFA, 0xE9, 0x39, 0xD4, 0x00,
        0x02, 0x00, 0x01, 0x0F, 0x00, 0x3E, 0x11, 0x01, 0x0F, 0x00, 0x3E, 0x02, 0x00, 0x00, 0x00, 0x00, 0x11, 0x00, 0x00, 0x00,
        0x66, 0x9D, 0xAB, 0xD9, 0x00, 0x02, 0x00, 0x00, 0xE8, 0xFF, 0x3B, 0x11, 0x00, 0xE8, 0xFF, 0x3B, 0x02, 0x00, 0x00, 0x00,
        0x00, 0x11, 0x00, 0x00, 0x00, 0xF3, 0x07, 0x9C, 0xDD, 0x00, 0x02, 0x00, 0x00, 0x0A, 0x02, 0x3F, 0x11, 0x00, 0x0A, 0x02,
        0x3F, 0x00, 0xCB, 0xCC, 0x3F, 0xDE, 0x00, 0x02, 0x00, 0x00, 0x03, 0x01, 0x40, 0x11, 0x00, 0x03, 0x01, 0x40, 0x00, 0x7C,
        0x78, 0xA5, 0xF4, 0x00, 0x02, 0x00, 0xFD, 0xFE, 0xF8, 0x3F, 0x11, 0xFD, 0xFE, 0xF8, 0x3F, 0x00, 0xD4, 0x62, 0x52, 0xF6,
        0x00, 0x02, 0x00, 0x00, 0x00, 0x00, 0x40, 0x11, 0x00, 0x00, 0x00, 0x40, 0x02, 0x00, 0x00, 0x00, 0x00, 0x11, 0x00, 0x00,
        0x00, 0xC6, 0x58, 0x95, 0xF7, 0x00, 0x02, 0x00, 0x00, 0x00, 0x00, 0x40, 0x11, 0x00, 0x00, 0x00, 0x40, 0x02, 0x00, 0x00,
        0x00, 0x00, 0x11, 0x00, 0x00, 0x00, 0x7B, 0x30, 0x4E, 0xFD, 0x00, 0x02, 0x00, 0x02, 0x00, 0x00, 0x40, 0x11, 0x02, 0x00,
        0x00, 0x40, 0x02, 0x00, 0x00, 0x00, 0x00, 0x11, 0x00, 0x00, 0x00, 0x15, 0xF1, 0x6F, 0x52, 0x00, 0x00, 0x00, 0x00, 0x02,
        0x00, 0x00, 0x00, 0x00, 0x00, 0x00, 0x00, 0x00, 0x00, 0x64, 0x00, 0x00, 0x00, 0x00, 0x00, 0x00, 0x00, 0x86, 0xA8, 0x1D,
        0x7E, 0x00, 0x00, 0x00, 0x00, 0x02, 0x00, 0x00, 0x00, 0x09, 0x00, 0x6A, 0xBD, 0x31, 0xB6, 0x64, 0x00, 0x09, 0x00, 0x6A,
        0xBD, 0x31, 0xB6, 0xC4, 0x3F, 0xC6, 0xA6, 0x00, 0x00, 0x00, 0x00, 0x02, 0x00, 0x00, 0x00, 0x0B, 0x00, 0x6A, 0xBD, 0x31,
        0xB6, 0x64, 0x00, 0x0B, 0x00, 0x6A, 0xBD, 0x31, 0xB6, 0x9A, 0x2B, 0x9A, 0xD6, 0x00, 0x00, 0x00, 0x00, 0x02, 0x00, 0x00,
        0x00, 0x09, 0x00, 0x6A, 0xBD, 0x31, 0xB6, 0x64, 0x00, 0x09, 0x00, 0x6A, 0xBD, 0x31, 0xB6, 0xB0, 0x4D, 0xDA, 0xDC, 0x00,
        0x00, 0x00, 0x00, 0x02, 0x00, 0x00, 0x00, 0x0B, 0x00, 0x6A, 0xBD, 0x31, 0xB6, 0x64, 0x00, 0x0B, 0x00, 0x6A, 0xBD, 0x31,
        0xB6, 0xB8, 0xE7, 0x9A, 0xE1, 0x00, 0x00, 0x02, 0x00, 0x00, 0x00, 0x02, 0x80, 0x13, 0x00, 0x86, 0x30, 0xEB, 0x3B, 0x64,
        0x00, 0x02, 0x80, 0x13, 0x00, 0x86, 0x30, 0xEB, 0x3B, 0x02, 0x00, 0x00, 0x00, 0x79, 0x22, 0x02, 0xBB, 0x01, 0x80, 0x64,
        0x00, 0x79, 0x22, 0x02, 0xBB, 0x01, 0x80,
    };
    inline constexpr uint8_t kLeanRunfastClip[] = {
        0x50, 0x41, 0x52, 0x20, 0x02, 0x03, 0x00, 0x01, 0x02, 0x03, 0x04, 0x05, 0x06, 0x07, 0x08, 0x09, 0x0F, 0x00, 0x00, 0xC0,
        0x12, 0x00, 0xEB, 0x82, 0xA8, 0xEC, 0x9E, 0x90, 0x3B, 0xEB, 0xB9, 0x97, 0xEC, 0x9E, 0x90, 0xEB, 0xA3, 0xA8, 0x3B, 0x00,
        0x00, 0x00, 0x80, 0x3F, 0x00, 0x00, 0x80, 0x3F, 0x00, 0x00, 0x80, 0x3F, 0x1F, 0x00, 0x00, 0xB0, 0xF1, 0xE2, 0x35, 0xB4,
        0xE6, 0xEF, 0x7F, 0xB4, 0x00, 0x00, 0x80, 0x3F, 0x17, 0xA9, 0x1F, 0xB3, 0xF4, 0x35, 0xAD, 0x3F, 0x5E, 0x29, 0xC6, 0x3E,
        0x00, 0x00, 0x80, 0x3F, 0x00, 0x00, 0x80, 0x3F, 0x00, 0x00, 0x80, 0x3F, 0x1F, 0x00, 0x00, 0xB0, 0xF1, 0xE2, 0x35, 0xB4,
        0xE6, 0xEF, 0x7F, 0xB4, 0x00, 0x00, 0x80, 0x3F, 0xF0, 0xC3, 0x23, 0xB3, 0xFC, 0xA9, 0xB1, 0x3F, 0x9E, 0x41, 0xCB, 0x3E,
        0x71, 0xE5, 0x78, 0x3F, 0x55, 0x55, 0x55, 0x40, 0x44, 0x00, 0x06, 0x00, 0x0A, 0x1B, 0x00, 0x00, 0x6C, 0x14, 0xBB, 0x50,
        0x00, 0x00, 0x02, 0x00, 0x00, 0x00, 0x86, 0xB0, 0x0E, 0x80, 0x03, 0x80, 0xEB, 0x3B, 0x64, 0x00, 0x86, 0xB0, 0x0E, 0x80,
        0x03, 0x80, 0xEB, 0x3B, 0x02, 0x00, 0x00, 0x00, 0x06, 0x80, 0xB8, 0x34, 0x51, 0x32, 0x64, 0x00, 0x06, 0x80, 0xB8, 0x34,
        0x51, 0x32, 0x3A, 0x9A, 0x73, 0x3C, 0x00, 0x00, 0x02, 0x00, 0x00, 0x00, 0x40, 0x80, 0xE9, 0x80, 0x0E, 0x80, 0x00, 0x3C,
        0x64, 0x00, 0x40, 0x80, 0xE9, 0x80, 0x0E, 0x80, 0x00, 0x3C, 0x02, 0x00, 0x00, 0x00, 0x02, 0x00, 0x00, 0x01, 0x00, 0x80,
        0x64, 0x00, 0x02, 0x00, 0x00, 0x01, 0x00, 0x80, 0x38, 0xB9, 0x77, 0x37, 0x00, 0x00, 0x02, 0x00, 0x00, 0x00, 0x56, 0x00,
        0xB8, 0x80, 0x1C, 0x80, 0x00, 0x3C, 0x64, 0x00, 0x56, 0x00, 0xB8, 0x80, 0x1C, 0x80, 0x00, 0x3C, 0x02, 0x00, 0x00, 0x00,
        0x82, 0xAB, 0xA7, 0xA3, 0x7C, 0x1A, 0x64, 0x00, 0x82, 0xAB, 0xA7, 0xA3, 0x7C, 0x1A, 0x04, 0x5A, 0x35, 0xBF, 0x00, 0x00,
        0x02, 0x00, 0x00, 0x00, 0x31, 0x80, 0xE5, 0x00, 0x0E, 0x80, 0x00, 0x3C, 0x64, 0x00, 0x31, 0x80, 0xE5, 0x00, 0x0E, 0x80,
        0x00, 0x3C, 0x02, 0x00, 0x00, 0x00, 0xDA, 0x1C, 0x0A, 0x80, 0x63, 0x11, 0x64, 0x00, 0xDA, 0x1C, 0x0A, 0x80, 0x63, 0x11,
        0x0D, 0x91, 0xFA, 0xCC, 0x00, 0x00, 0x65, 0x00, 0x00, 0x00, 0x3C, 0xA7, 0xA9, 0xB4, 0x20, 0x95, 0xA6, 0x3B, 0x01, 0x00,
        0x3C, 0xA7, 0xA9, 0xB4, 0x20, 0x95, 0xA6, 0x3B, 0x02, 0x00, 0x3C, 0xA7, 0xA9, 0xB4, 0x20, 0x95, 0xA6, 0x3B, 0x03, 0x00,
        0x3C, 0xA7, 0xA9, 0xB4, 0x20, 0x95, 0xA6, 0x3B, 0x04, 0x00, 0x3C, 0xA7, 0xA9, 0xB4, 0x20, 0x95, 0xA6, 0x3B, 0x05, 0x00,
        0x3C, 0xA7, 0xA9, 0xB4, 0x20, 0x95, 0xA6, 0x3B, 0x06, 0x00, 0x3C, 0xA7, 0xA9, 0xB4, 0x20, 0x95, 0xA6, 0x3B, 0x07, 0x00,
        0x3C, 0xA7, 0xA9, 0xB4, 0x20, 0x95, 0xA6, 0x3B, 0x08, 0x00, 0x3C, 0xA7, 0xA9, 0xB4, 0x20, 0x95, 0xA6, 0x3B, 0x09, 0x00,
        0x3C, 0xA7, 0xA9, 0xB4, 0x20, 0x95, 0xA6, 0x3B, 0x0A, 0x00, 0x3C, 0xA7, 0xA9, 0xB4, 0x20, 0x95, 0xA6, 0x3B, 0x0B, 0x00,
        0x3C, 0xA7, 0xA9, 0xB4, 0x20, 0x95, 0xA6, 0x3B, 0x0C, 0x00, 0x3C, 0xA7, 0xA9, 0xB4, 0x20, 0x95, 0xA6, 0x3B, 0x0D, 0x00,
        0x3C, 0xA7, 0xA9, 0xB4, 0x20, 0x95, 0xA6, 0x3B, 0x0E, 0x00, 0x3C, 0xA7, 0xA9, 0xB4, 0x20, 0x95, 0xA6, 0x3B, 0x0F, 0x00,
        0x3C, 0xA7, 0xA9, 0xB4, 0x20, 0x95, 0xA6, 0x3B, 0x10, 0x00, 0x3C, 0xA7, 0xA9, 0xB4, 0x20, 0x95, 0xA6, 0x3B, 0x11, 0x00,
        0x3C, 0xA7, 0xA9, 0xB4, 0x20, 0x95, 0xA6, 0x3B, 0x12, 0x00, 0x3C, 0xA7, 0xA9, 0xB4, 0x20, 0x95, 0xA6, 0x3B, 0x13, 0x00,
        0x3C, 0xA7, 0xA9, 0xB4, 0x20, 0x95, 0xA6, 0x3B, 0x14, 0x00, 0x3C, 0xA7, 0xA9, 0xB4, 0x20, 0x95, 0xA6, 0x3B, 0x15, 0x00,
        0x3C, 0xA7, 0xA9, 0xB4, 0x20, 0x95, 0xA6, 0x3B, 0x16, 0x00, 0x3C, 0xA7, 0xA9, 0xB4, 0x20, 0x95, 0xA6, 0x3B, 0x17, 0x00,
        0x3C, 0xA7, 0xA9, 0xB4, 0x20, 0x95, 0xA6, 0x3B, 0x18, 0x00, 0x3C, 0xA7, 0xA9, 0xB4, 0x20, 0x95, 0xA6, 0x3B, 0x19, 0x00,
        0x3C, 0xA7, 0xA9, 0xB4, 0x20, 0x95, 0xA6, 0x3B, 0x1A, 0x00, 0x3C, 0xA7, 0xA9, 0xB4, 0x20, 0x95, 0xA6, 0x3B, 0x1B, 0x00,
        0x3C, 0xA7, 0xA9, 0xB4, 0x20, 0x95, 0xA6, 0x3B, 0x1C, 0x00, 0x3C, 0xA7, 0xA9, 0xB4, 0x20, 0x95, 0xA6, 0x3B, 0x1D, 0x00,
        0x3C, 0xA7, 0xA9, 0xB4, 0x20, 0x95, 0xA6, 0x3B, 0x1E, 0x00, 0x3C, 0xA7, 0xA9, 0xB4, 0x20, 0x95, 0xA6, 0x3B, 0x1F, 0x00,
        0x3C, 0xA7, 0xA9, 0xB4, 0x20, 0x95, 0xA6, 0x3B, 0x20, 0x00, 0x3C, 0xA7, 0xA9, 0xB4, 0x20, 0x95, 0xA6, 0x3B, 0x21, 0x00,
        0x3C, 0xA7, 0xA9, 0xB4, 0x20, 0x95, 0xA6, 0x3B, 0x22, 0x00, 0x3C, 0xA7, 0xA9, 0xB4, 0x20, 0x95, 0xA6, 0x3B, 0x23, 0x00,
        0x3C, 0xA7, 0xA9, 0xB4, 0x20, 0x95, 0xA6, 0x3B, 0x24, 0x00, 0x3C, 0xA7, 0xA9, 0xB4, 0x20, 0x95, 0xA6, 0x3B, 0x25, 0x00,
        0x3C, 0xA7, 0xA9, 0xB4, 0x20, 0x95, 0xA6, 0x3B, 0x26, 0x00, 0x3C, 0xA7, 0xA9, 0xB4, 0x20, 0x95, 0xA6, 0x3B, 0x27, 0x00,
        0x3C, 0xA7, 0xA9, 0xB4, 0x20, 0x95, 0xA6, 0x3B, 0x28, 0x00, 0x3C, 0xA7, 0xA9, 0xB4, 0x20, 0x95, 0xA6, 0x3B, 0x29, 0x00,
        0x3C, 0xA7, 0xA9, 0xB4, 0x20, 0x95, 0xA6, 0x3B, 0x2A, 0x00, 0x3C, 0xA7, 0xA9, 0xB4, 0x20, 0x95, 0xA6, 0x3B, 0x2B, 0x00,
        0x3C, 0xA7, 0xA9, 0xB4, 0x20, 0x95, 0xA6, 0x3B, 0x2C, 0x00, 0x3C, 0xA7, 0xA9, 0xB4, 0x20, 0x95, 0xA6, 0x3B, 0x2D, 0x00,
        0x3C, 0xA7, 0xA9, 0xB4, 0x20, 0x95, 0xA6, 0x3B, 0x2E, 0x00, 0x3C, 0xA7, 0xA9, 0xB4, 0x20, 0x95, 0xA6, 0x3B, 0x2F, 0x00,
        0x3C, 0xA7, 0xA9, 0xB4, 0x20, 0x95, 0xA6, 0x3B, 0x30, 0x00, 0x3C, 0xA7, 0xA9, 0xB4, 0x20, 0x95, 0xA6, 0x3B, 0x31, 0x00,
        0x3C, 0xA7, 0xA9, 0xB4, 0x20, 0x95, 0xA6, 0x3B, 0x32, 0x00, 0x3C, 0xA7, 0xA9, 0xB4, 0x20, 0x95, 0xA6, 0x3B, 0x33, 0x00,
        0x3C, 0xA7, 0xA9, 0xB4, 0x20, 0x95, 0xA6, 0x3B, 0x34, 0x00, 0x3C, 0xA7, 0xA9, 0xB4, 0x20, 0x95, 0xA6, 0x3B, 0x35, 0x00,
        0x3C, 0xA7, 0xA9, 0xB4, 0x20, 0x95, 0xA6, 0x3B, 0x36, 0x00, 0x3C, 0xA7, 0xA9, 0xB4, 0x20, 0x95, 0xA6, 0x3B, 0x37, 0x00,
        0x3C, 0xA7, 0xA9, 0xB4, 0x20, 0x95, 0xA6, 0x3B, 0x38, 0x00, 0x3C, 0xA7, 0xA9, 0xB4, 0x20, 0x95, 0xA6, 0x3B, 0x39, 0x00,
        0x3C, 0xA7, 0xA9, 0xB4, 0x20, 0x95, 0xA6, 0x3B, 0x3A, 0x00, 0x3C, 0xA7, 0xA9, 0xB4, 0x20, 0x95, 0xA6, 0x3B, 0x3B, 0x00,
        0x3C, 0xA7, 0xA9, 0xB4, 0x20, 0x95, 0xA6, 0x3B, 0x3C, 0x00, 0x3C, 0xA7, 0xA9, 0xB4, 0x20, 0x95, 0xA6, 0x3B, 0x3D, 0x00,
        0x3C, 0xA7, 0xA9, 0xB4, 0x20, 0x95, 0xA6, 0x3B, 0x3E, 0x00, 0x3C, 0xA7, 0xA9, 0xB4, 0x20, 0x95, 0xA6, 0x3B, 0x3F, 0x00,
        0x3C, 0xA7, 0xA9, 0xB4, 0x20, 0x95, 0xA6, 0x3B, 0x40, 0x00, 0x3C, 0xA7, 0xA9, 0xB4, 0x20, 0x95, 0xA6, 0x3B, 0x41, 0x00,
        0x3C, 0xA7, 0xA9, 0xB4, 0x20, 0x95, 0xA6, 0x3B, 0x42, 0x00, 0x3C, 0xA7, 0xA9, 0xB4, 0x20, 0x95, 0xA6, 0x3B, 0x43, 0x00,
        0x3C, 0xA7, 0xA9, 0xB4, 0x20, 0x95, 0xA6, 0x3B, 0x44, 0x00, 0x3C, 0xA7, 0xA9, 0xB4, 0x20, 0x95, 0xA6, 0x3B, 0x45, 0x00,
        0x3C, 0xA7, 0xA9, 0xB4, 0x20, 0x95, 0xA6, 0x3B, 0x46, 0x00, 0x3C, 0xA7, 0xA9, 0xB4, 0x20, 0x95, 0xA6, 0x3B, 0x47, 0x00,
        0x3C, 0xA7, 0xA9, 0xB4, 0x20, 0x95, 0xA6, 0x3B, 0x48, 0x00, 0x3C, 0xA7, 0xA9, 0xB4, 0x20, 0x95, 0xA6, 0x3B, 0x49, 0x00,
        0x3C, 0xA7, 0xA9, 0xB4, 0x20, 0x95, 0xA6, 0x3B, 0x4A, 0x00, 0x3C, 0xA7, 0xA9, 0xB4, 0x20, 0x95, 0xA6, 0x3B, 0x4B, 0x00,
        0x3C, 0xA7, 0xA9, 0xB4, 0x20, 0x95, 0xA6, 0x3B, 0x4C, 0x00, 0x3C, 0xA7, 0xA9, 0xB4, 0x20, 0x95, 0xA6, 0x3B, 0x4D, 0x00,
        0x3C, 0xA7, 0xA9, 0xB4, 0x20, 0x95, 0xA6, 0x3B, 0x4E, 0x00, 0x3C, 0xA7, 0xA9, 0xB4, 0x20, 0x95, 0xA6, 0x3B, 0x4F, 0x00,
        0x3C, 0xA7, 0xA9, 0xB4, 0x20, 0x95, 0xA6, 0x3B, 0x50, 0x00, 0x3C, 0xA7, 0xA9, 0xB4, 0x20, 0x95, 0xA6, 0x3B, 0x51, 0x00,
        0x3C, 0xA7, 0xA9, 0xB4, 0x20, 0x95, 0xA6, 0x3B, 0x52, 0x00, 0x3C, 0xA7, 0xA9, 0xB4, 0x20, 0x95, 0xA6, 0x3B, 0x53, 0x00,
        0x3C, 0xA7, 0xA9, 0xB4, 0x20, 0x95, 0xA6, 0x3B, 0x54, 0x00, 0x3C, 0xA7, 0xA9, 0xB4, 0x20, 0x95, 0xA6, 0x3B, 0x55, 0x00,
        0x3C, 0xA7, 0xA9, 0xB4, 0x20, 0x95, 0xA6, 0x3B, 0x56, 0x00, 0x3C, 0xA7, 0xA9, 0xB4, 0x20, 0x95, 0xA6, 0x3B, 0x57, 0x00,
        0x3C, 0xA7, 0xA9, 0xB4, 0x20, 0x95, 0xA6, 0x3B, 0x58, 0x00, 0x3C, 0xA7, 0xA9, 0xB4, 0x20, 0x95, 0xA6, 0x3B, 0x59, 0x00,
        0x3C, 0xA7, 0xA9, 0xB4, 0x20, 0x95, 0xA6, 0x3B, 0x5A, 0x00, 0x3C, 0xA7, 0xA9, 0xB4, 0x20, 0x95, 0xA6, 0x3B, 0x5B, 0x00,
        0x3C, 0xA7, 0xA9, 0xB4, 0x20, 0x95, 0xA6, 0x3B, 0x5C, 0x00, 0x3C, 0xA7, 0xA9, 0xB4, 0x20, 0x95, 0xA6, 0x3B, 0x5D, 0x00,
        0x3C, 0xA7, 0xA9, 0xB4, 0x20, 0x95, 0xA6, 0x3B, 0x5E, 0x00, 0x3C, 0xA7, 0xA9, 0xB4, 0x20, 0x95, 0xA6, 0x3B, 0x5F, 0x00,
        0x3C, 0xA7, 0xA9, 0xB4, 0x20, 0x95, 0xA6, 0x3B, 0x60, 0x00, 0x3C, 0xA7, 0xA9, 0xB4, 0x20, 0x95, 0xA6, 0x3B, 0x61, 0x00,
        0x3C, 0xA7, 0xA9, 0xB4, 0x20, 0x95, 0xA6, 0x3B, 0x62, 0x00, 0x3C, 0xA7, 0xA9, 0xB4, 0x20, 0x95, 0xA6, 0x3B, 0x63, 0x00,
        0x3C, 0xA7, 0xA9, 0xB4, 0x20, 0x95, 0xA6, 0x3B, 0x64, 0x00, 0x3C, 0xA7, 0xA9, 0xB4, 0x20, 0x95, 0xA6, 0x3B, 0x02, 0x00,
        0x00, 0x00, 0xC1, 0x01, 0x5A, 0x80, 0x2E, 0x00, 0x64, 0x00, 0xC1, 0x01, 0x5A, 0x80, 0x2E, 0x00, 0x09, 0x91, 0x7D, 0xD1,
        0x00, 0x00, 0x02, 0x00, 0x00, 0x00, 0xE4, 0x2F, 0x2A, 0xB4, 0x86, 0x30, 0x94, 0x3B, 0x64, 0x00, 0xE4, 0x2F, 0x2A, 0xB4,
        0x86, 0x30, 0x94, 0x3B, 0x00, 0x00, 0x37, 0x13, 0x1D, 0xBC, 0x00, 0x00, 0x02, 0x00, 0x00, 0x00, 0x24, 0xAB, 0x36, 0xB4,
        0xEE, 0xAD, 0xAB, 0x3B, 0x64, 0x00, 0x24, 0xAB, 0x36, 0xB4, 0xEE, 0xAD, 0xAB, 0x3B, 0x00, 0x00, 0xA5, 0xC1, 0x5B, 0x87,
        0x00, 0x00, 0x02, 0x00, 0x00, 0x00, 0xCF, 0x9F, 0x18, 0x00, 0x08, 0x80, 0x00, 0x3C, 0x64, 0x00, 0xCF, 0x9F, 0x18, 0x00,
        0x08, 0x80, 0x00, 0x3C, 0x00, 0x00, 0x6F, 0x4D, 0x66, 0x67, 0x00, 0x00, 0x02, 0x00, 0x00, 0x00, 0x42, 0x00, 0x0F, 0x80,
        0x20, 0x00, 0x00, 0x3C, 0x64, 0x00, 0x42, 0x00, 0x0F, 0x80, 0x20, 0x00, 0x00, 0x3C, 0x00, 0x00, 0x66, 0x9D, 0xAB, 0xD9,
        0x00, 0x00, 0x65, 0x00, 0x00, 0x00, 0x4B, 0x1C, 0x0F, 0xB7, 0xF5, 0xA3, 0x2E, 0x3B, 0x01, 0x00, 0x4B, 0x1C, 0x0F, 0xB7,
        0xF5, 0xA3, 0x2E, 0x3B, 0x02, 0x00, 0x4B, 0x1C, 0x0F, 0xB7, 0xF5, 0xA3, 0x2E, 0x3B, 0x03, 0x00, 0x4B, 0x1C, 0x0F, 0xB7,
        0xF5, 0xA3, 0x2E, 0x3B, 0x04, 0x00, 0x4B, 0x1C, 0x0F, 0xB7, 0xF5, 0xA3, 0x2E, 0x3B, 0x05, 0x00, 0x4B, 0x1C, 0x0F, 0xB7,
        0xF5, 0xA3, 0x2E, 0x3B, 0x06, 0x00, 0x4B, 0x1C, 0x0F, 0xB7, 0xF5, 0xA3, 0x2E, 0x3B, 0x07, 0x00, 0x4B, 0x1C, 0x0F, 0xB7,
        0xF5, 0xA3, 0x2E, 0x3B, 0x08, 0x00, 0x4B, 0x1C, 0x0F, 0xB7, 0xF5, 0xA3, 0x2E, 0x3B, 0x09, 0x00, 0x4B, 0x1C, 0x0F, 0xB7,
        0xF5, 0xA3, 0x2E, 0x3B, 0x0A, 0x00, 0x4B, 0x1C, 0x0F, 0xB7, 0xF5, 0xA3, 0x2E, 0x3B, 0x0B, 0x00, 0x4B, 0x1C, 0x0F, 0xB7,
        0xF5, 0xA3, 0x2E, 0x3B, 0x0C, 0x00, 0x4B, 0x1C, 0x0F, 0xB7, 0xF5, 0xA3, 0x2E, 0x3B, 0x0D, 0x00, 0x4B, 0x1C, 0x0F, 0xB7,
        0xF5, 0xA3, 0x2E, 0x3B, 0x0E, 0x00, 0x4B, 0x1C, 0x0F, 0xB7, 0xF5, 0xA3, 0x2E, 0x3B, 0x0F, 0x00, 0x4B, 0x1C, 0x0F, 0xB7,
        0xF5, 0xA3, 0x2E, 0x3B, 0x10, 0x00, 0x4B, 0x1C, 0x0F, 0xB7, 0xF5, 0xA3, 0x2E, 0x3B, 0x11, 0x00, 0x4B, 0x1C, 0x0F, 0xB7,
        0xF5, 0xA3, 0x2E, 0x3B, 0x12, 0x00, 0x4B, 0x1C, 0x0F, 0xB7, 0xF5, 0xA3, 0x2E, 0x3B, 0x13, 0x00, 0x4B, 0x1C, 0x0F, 0xB7,
        0xF5, 0xA3, 0x2E, 0x3B, 0x14, 0x00, 0x4B, 0x1C, 0x0F, 0xB7, 0xF5, 0xA3, 0x2E, 0x3B, 0x15, 0x00, 0x4B, 0x1C, 0x0F, 0xB7,
        0xF5, 0xA3, 0x2E, 0x3B, 0x16, 0x00, 0x4B, 0x1C, 0x0F, 0xB7, 0xF5, 0xA3, 0x2E, 0x3B, 0x17, 0x00, 0x4B, 0x1C, 0x0F, 0xB7,
        0xF5, 0xA3, 0x2E, 0x3B, 0x18, 0x00, 0x4B, 0x1C, 0x0F, 0xB7, 0xF5, 0xA3, 0x2E, 0x3B, 0x19, 0x00, 0x4B, 0x1C, 0x0F, 0xB7,
        0xF5, 0xA3, 0x2E, 0x3B, 0x1A, 0x00, 0x4B, 0x1C, 0x0F, 0xB7, 0xF5, 0xA3, 0x2E, 0x3B, 0x1B, 0x00, 0x4B, 0x1C, 0x0F, 0xB7,
        0xF5, 0xA3, 0x2E, 0x3B, 0x1C, 0x00, 0x4B, 0x1C, 0x0F, 0xB7, 0xF5, 0xA3, 0x2E, 0x3B, 0x1D, 0x00, 0x4B, 0x1C, 0x0F, 0xB7,
        0xF5, 0xA3, 0x2E, 0x3B, 0x1E, 0x00, 0x4B, 0x1C, 0x0F, 0xB7, 0xF5, 0xA3, 0x2E, 0x3B, 0x1F, 0x00, 0x4B, 0x1C, 0x0F, 0xB7,
        0xF5, 0xA3, 0x2E, 0x3B, 0x20, 0x00, 0x4B, 0x1C, 0x0F, 0xB7, 0xF5, 0xA3, 0x2E, 0x3B, 0x21, 0x00, 0x4B, 0x1C, 0x0F, 0xB7,
        0xF5, 0xA3, 0x2E, 0x3B, 0x22, 0x00, 0x4B, 0x1C, 0x0F, 0xB7, 0xF5, 0xA3, 0x2E, 0x3B, 0x23, 0x00, 0x4B, 0x1C, 0x0F, 0xB7,
        0xF5, 0xA3, 0x2E, 0x3B, 0x24, 0x00, 0x4B, 0x1C, 0x0F, 0xB7, 0xF5, 0xA3, 0x2E, 0x3B, 0x25, 0x00, 0x4B, 0x1C, 0x0F, 0xB7,
        0xF5, 0xA3, 0x2E, 0x3B, 0x26, 0x00, 0x4B, 0x1C, 0x0F, 0xB7, 0xF5, 0xA3, 0x2E, 0x3B, 0x27, 0x00, 0x4B, 0x1C, 0x0F, 0xB7,
        0xF5, 0xA3, 0x2E, 0x3B, 0x28, 0x00, 0x4B, 0x1C, 0x0F, 0xB7, 0xF5, 0xA3, 0x2E, 0x3B, 0x29, 0x00, 0x4B, 0x1C, 0x0F, 0xB7,
        0xF5, 0xA3, 0x2E, 0x3B, 0x2A, 0x00, 0x4B, 0x1C, 0x0F, 0xB7, 0xF5, 0xA3, 0x2E, 0x3B, 0x2B, 0x00, 0x4B, 0x1C, 0x0F, 0xB7,
        0xF5, 0xA3, 0x2E, 0x3B, 0x2C, 0x00, 0x4B, 0x1C, 0x0F, 0xB7, 0xF5, 0xA3, 0x2E, 0x3B, 0x2D, 0x00, 0x4B, 0x1C, 0x0F, 0xB7,
        0xF5, 0xA3, 0x2E, 0x3B, 0x2E, 0x00, 0x4B, 0x1C, 0x0F, 0xB7, 0xF5, 0xA3, 0x2E, 0x3B, 0x2F, 0x00, 0x4B, 0x1C, 0x0F, 0xB7,
        0xF5, 0xA3, 0x2E, 0x3B, 0x30, 0x00, 0x4B, 0x1C, 0x0F, 0xB7, 0xF5, 0xA3, 0x2E, 0x3B, 0x31, 0x00, 0x4B, 0x1C, 0x0F, 0xB7,
        0xF5, 0xA3, 0x2E, 0x3B, 0x32, 0x00, 0x4B, 0x1C, 0x0F, 0xB7, 0xF5, 0xA3, 0x2E, 0x3B, 0x33, 0x00, 0x4B, 0x1C, 0x0F, 0xB7,
        0xF5, 0xA3, 0x2E, 0x3B, 0x34, 0x00, 0x4B, 0x1C, 0x0F, 0xB7, 0xF5, 0xA3, 0x2E, 0x3B, 0x35, 0x00, 0x4B, 0x1C, 0x0F, 0xB7,
        0xF5, 0xA3, 0x2E, 0x3B, 0x36, 0x00, 0x4B, 0x1C, 0x0F, 0xB7, 0xF5, 0xA3, 0x2E, 0x3B, 0x37, 0x00, 0x4B, 0x1C, 0x0F, 0xB7,
        0xF5, 0xA3, 0x2E, 0x3B, 0x38, 0x00, 0x4B, 0x1C, 0x0F, 0xB7, 0xF5, 0xA3, 0x2E, 0x3B, 0x39, 0x00, 0x4B, 0x1C, 0x0F, 0xB7,
        0xF5, 0xA3, 0x2E, 0x3B, 0x3A, 0x00, 0x4B, 0x1C, 0x0F, 0xB7, 0xF5, 0xA3, 0x2E, 0x3B, 0x3B, 0x00, 0x4B, 0x1C, 0x0F, 0xB7,
        0xF5, 0xA3, 0x2E, 0x3B, 0x3C, 0x00, 0x4B, 0x1C, 0x0F, 0xB7, 0xF5, 0xA3, 0x2E, 0x3B, 0x3D, 0x00, 0x4B, 0x1C, 0x0F, 0xB7,
        0xF5, 0xA3, 0x2E, 0x3B, 0x3E, 0x00, 0x4B, 0x1C, 0x0F, 0xB7, 0xF5, 0xA3, 0x2E, 0x3B, 0x3F, 0x00, 0x4B, 0x1C, 0x0F, 0xB7,
        0xF5, 0xA3, 0x2E, 0x3B, 0x40, 0x00, 0x4B, 0x1C, 0x0F, 0xB7, 0xF5, 0xA3, 0x2E, 0x3B, 0x41, 0x00, 0x4B, 0x1C, 0x0F, 0xB7,
        0xF5, 0xA3, 0x2E, 0x3B, 0x42, 0x00, 0x4B, 0x1C, 0x0F, 0xB7, 0xF5, 0xA3, 0x2E, 0x3B, 0x43, 0x00, 0x4B, 0x1C, 0x0F, 0xB7,
        0xF5, 0xA3, 0x2E, 0x3B, 0x44, 0x00, 0x4B, 0x1C, 0x0F, 0xB7, 0xF5, 0xA3, 0x2E, 0x3B, 0x45, 0x00, 0x4B, 0x1C, 0x0F, 0xB7,
        0xF5, 0xA3, 0x2E, 0x3B, 0x46, 0x00, 0x4B, 0x1C, 0x0F, 0xB7, 0xF5, 0xA3, 0x2E, 0x3B, 0x47, 0x00, 0x4B, 0x1C, 0x0F, 0xB7,
        0xF5, 0xA3, 0x2E, 0x3B, 0x48, 0x00, 0x4B, 0x1C, 0x0F, 0xB7, 0xF5, 0xA3, 0x2E, 0x3B, 0x49, 0x00, 0x4B, 0x1C, 0x0F, 0xB7,
        0xF5, 0xA3, 0x2E, 0x3B, 0x4A, 0x00, 0x4B, 0x1C, 0x0F, 0xB7, 0xF5, 0xA3, 0x2E, 0x3B, 0x4B, 0x00, 0x4B, 0x1C, 0x0F, 0xB7,
        0xF5, 0xA3, 0x2E, 0x3B, 0x4C, 0x00, 0x4B, 0x1C, 0x0F, 0xB7, 0xF5, 0xA3, 0x2E, 0x3B, 0x4D, 0x00, 0x4B, 0x1C, 0x0F, 0xB7,
        0xF5, 0xA3, 0x2E, 0x3B, 0x4E, 0x00, 0x4B, 0x1C, 0x0F, 0xB7, 0xF5, 0xA3, 0x2E, 0x3B, 0x4F, 0x00, 0x4B, 0x1C, 0x0F, 0xB7,
        0xF5, 0xA3, 0x2E, 0x3B, 0x50, 0x00, 0x4B, 0x1C, 0x0F, 0xB7, 0xF5, 0xA3, 0x2E, 0x3B, 0x51, 0x00, 0x4B, 0x1C, 0x0F, 0xB7,
        0xF5, 0xA3, 0x2E, 0x3B, 0x52, 0x00, 0x4B, 0x1C, 0x0F, 0xB7, 0xF5, 0xA3, 0x2E, 0x3B, 0x53, 0x00, 0x4B, 0x1C, 0x0F, 0xB7,
        0xF5, 0xA3, 0x2E, 0x3B, 0x54, 0x00, 0x4B, 0x1C, 0x0F, 0xB7, 0xF5, 0xA3, 0x2E, 0x3B, 0x55, 0x00, 0x4B, 0x1C, 0x0F, 0xB7,
        0xF5, 0xA3, 0x2E, 0x3B, 0x56, 0x00, 0x4B, 0x1C, 0x0F, 0xB7, 0xF5, 0xA3, 0x2E, 0x3B, 0x57, 0x00, 0x4B, 0x1C, 0x0F, 0xB7,
        0xF5, 0xA3, 0x2E, 0x3B, 0x58, 0x00, 0x4B, 0x1C, 0x0F, 0xB7, 0xF5, 0xA3, 0x2E, 0x3B, 0x59, 0x00, 0x4B, 0x1C, 0x0F, 0xB7,
        0xF5, 0xA3, 0x2E, 0x3B, 0x5A, 0x00, 0x4B, 0x1C, 0x0F, 0xB7, 0xF5, 0xA3, 0x2E, 0x3B, 0x5B, 0x00, 0x4B, 0x1C, 0x0F, 0xB7,
        0xF5, 0xA3, 0x2E, 0x3B, 0x5C, 0x00, 0x4B, 0x1C, 0x0F, 0xB7, 0xF5, 0xA3, 0x2E, 0x3B, 0x5D, 0x00, 0x4B, 0x1C, 0x0F, 0xB7,
        0xF5, 0xA3, 0x2E, 0x3B, 0x5E, 0x00, 0x4B, 0x1C, 0x0F, 0xB7, 0xF5, 0xA3, 0x2E, 0x3B, 0x5F, 0x00, 0x4B, 0x1C, 0x0F, 0xB7,
        0xF5, 0xA3, 0x2E, 0x3B, 0x60, 0x00, 0x4B, 0x1C, 0x0F, 0xB7, 0xF5, 0xA3, 0x2E, 0x3B, 0x61, 0x00, 0x4B, 0x1C, 0x0F, 0xB7,
        0xF5, 0xA3, 0x2E, 0x3B, 0x62, 0x00, 0x4B, 0x1C, 0x0F, 0xB7, 0xF5, 0xA3, 0x2E, 0x3B, 0x63, 0x00, 0x4B, 0x1C, 0x0F, 0xB7,
        0xF5, 0xA3, 0x2E, 0x3B, 0x64, 0x00, 0x4B, 0x1C, 0x0F, 0xB7, 0xF5, 0xA3, 0x2E, 0x3B, 0x02, 0x00, 0x00, 0x00, 0xA7, 0x03,
        0x11, 0x00, 0x1D, 0x01, 0x64, 0x00, 0xA7, 0x03, 0x11, 0x00, 0x1D, 0x01, 0xC1, 0xC4, 0x7A, 0xD6, 0x00, 0x00, 0x02, 0x00,
        0x00, 0x00, 0x4F, 0x81, 0x9F, 0x00, 0x16, 0x00, 0x00, 0x3C, 0x64, 0x00, 0x4F, 0x81, 0x9F, 0x00, 0x16, 0x00, 0x00, 0x3C,
        0x02, 0x00, 0x00, 0x00, 0x08, 0x00, 0x56, 0x80, 0x01, 0x80, 0x64, 0x00, 0x08, 0x00, 0x56, 0x80, 0x01, 0x80, 0x77, 0x26,
        0x80, 0xAB, 0x00, 0x00, 0x02, 0x00, 0x00, 0x00, 0xC0, 0x80, 0x71, 0x3A, 0x4E, 0x04, 0xBF, 0x38, 0x64, 0x00, 0xC0, 0x80,
        0x71, 0x3A, 0x4E, 0x04, 0xBF, 0x38, 0x00, 0x00, 0x02, 0x4D, 0x31, 0x59, 0x00, 0x00, 0x02, 0x00, 0x00, 0x00, 0xC5, 0x80,
        0xB0, 0x39, 0x13, 0x03, 0xA0, 0x39, 0x64, 0x00, 0xC5, 0x80, 0xB0, 0x39, 0x13, 0x03, 0xA0, 0x39, 0x00, 0x00, 0xC9, 0x0A,
        0xE9, 0xD2, 0x00, 0x00, 0x65, 0x00, 0x00, 0x00, 0x05, 0x8C, 0x4D, 0xB3, 0x4C, 0x9F, 0xCA, 0x3B, 0x01, 0x00, 0x05, 0x8C,
        0x4D, 0xB3, 0x4C, 0x9F, 0xCA, 0x3B, 0x02, 0x00, 0x05, 0x8C, 0x4D, 0xB3, 0x4C, 0x9F, 0xCA, 0x3B, 0x03, 0x00, 0x05, 0x8C,
        0x4D, 0xB3, 0x4C, 0x9F, 0xCA, 0x3B, 0x04, 0x00, 0x05, 0x8C, 0x4D, 0xB3, 0x4C, 0x9F, 0xCA, 0x3B, 0x05, 0x00, 0x05, 0x8C,
        0x4D, 0xB3, 0x4C, 0x9F, 0xCA, 0x3B, 0x06, 0x00, 0x05, 0x8C, 0x4D, 0xB3, 0x4C, 0x9F, 0xCA, 0x3B, 0x07, 0x00, 0x05, 0x8C,
        0x4D, 0xB3, 0x4C, 0x9F, 0xCA, 0x3B, 0x08, 0x00, 0x05, 0x8C, 0x4D, 0xB3, 0x4C, 0x9F, 0xCA, 0x3B, 0x09, 0x00, 0x05, 0x8C,
        0x4D, 0xB3, 0x4C, 0x9F, 0xCA, 0x3B, 0x0A, 0x00, 0x05, 0x8C, 0x4D, 0xB3, 0x4C, 0x9F, 0xCA, 0x3B, 0x0B, 0x00, 0x05, 0x8C,
        0x4D, 0xB3, 0x4C, 0x9F, 0xCA, 0x3B, 0x0C, 0x00, 0x05, 0x8C, 0x4D, 0xB3, 0x4C, 0x9F, 0xCA, 0x3B, 0x0D, 0x00, 0x05, 0x8C,
        0x4D, 0xB3, 0x4C, 0x9F, 0xCA, 0x3B, 0x0E, 0x00, 0x05, 0x8C, 0x4D, 0xB3, 0x4C, 0x9F, 0xCA, 0x3B, 0x0F, 0x00, 0x05, 0x8C,
        0x4D, 0xB3, 0x4C, 0x9F, 0xCA, 0x3B, 0x10, 0x00, 0x05, 0x8C, 0x4D, 0xB3, 0x4C, 0x9F, 0xCA, 0x3B, 0x11, 0x00, 0x05, 0x8C,
        0x4D, 0xB3, 0x4C, 0x9F, 0xCA, 0x3B, 0x12, 0x00, 0x05, 0x8C, 0x4D, 0xB3, 0x4C, 0x9F, 0xCA, 0x3B, 0x13, 0x00, 0x05, 0x8C,
        0x4D, 0xB3, 0x4C, 0x9F, 0xCA, 0x3B, 0x14, 0x00, 0x05, 0x8C, 0x4D, 0xB3, 0x4C, 0x9F, 0xCA, 0x3B, 0x15, 0x00, 0x05, 0x8C,
        0x4D, 0xB3, 0x4C, 0x9F, 0xCA, 0x3B, 0x16, 0x00, 0x05, 0x8C, 0x4D, 0xB3, 0x4C, 0x9F, 0xCA, 0x3B, 0x17, 0x00, 0x05, 0x8C,
        0x4D, 0xB3, 0x4C, 0x9F, 0xCA, 0x3B, 0x18, 0x00, 0x05, 0x8C, 0x4D, 0xB3, 0x4C, 0x9F, 0xCA, 0x3B, 0x19, 0x00, 0x05, 0x8C,
        0x4D, 0xB3, 0x4C, 0x9F, 0xCA, 0x3B, 0x1A, 0x00, 0x05, 0x8C, 0x4D, 0xB3, 0x4C, 0x9F, 0xCA, 0x3B, 0x1B, 0x00, 0x05, 0x8C,
        0x4D, 0xB3, 0x4C, 0x9F, 0xCA, 0x3B, 0x1C, 0x00, 0x05, 0x8C, 0x4D, 0xB3, 0x4C, 0x9F, 0xCA, 0x3B, 0x1D, 0x00, 0x05, 0x8C,
        0x4D, 0xB3, 0x4C, 0x9F, 0xCA, 0x3B, 0x1E, 0x00, 0x05, 0x8C, 0x4D, 0xB3, 0x4C, 0x9F, 0xCA, 0x3B, 0x1F, 0x00, 0x05, 0x8C,
        0x4D, 0xB3, 0x4C, 0x9F, 0xCA, 0x3B, 0x20, 0x00, 0x05, 0x8C, 0x4D, 0xB3, 0x4C, 0x9F, 0xCA, 0x3B, 0x21, 0x00, 0x05, 0x8C,
        0x4D, 0xB3, 0x4C, 0x9F, 0xCA, 0x3B, 0x22, 0x00, 0x05, 0x8C, 0x4D, 0xB3, 0x4C, 0x9F, 0xCA, 0x3B, 0x23, 0x00, 0x05, 0x8C,
        0x4D, 0xB3, 0x4C, 0x9F, 0xCA, 0x3B, 0x24, 0x00, 0x05, 0x8C, 0x4D, 0xB3, 0x4C, 0x9F, 0xCA, 0x3B, 0x25, 0x00, 0x05, 0x8C,
        0x4D, 0xB3, 0x4C, 0x9F, 0xCA, 0x3B, 0x26, 0x00, 0x05, 0x8C, 0x4D, 0xB3, 0x4C, 0x9F, 0xCA, 0x3B, 0x27, 0x00, 0x05, 0x8C,
        0x4D, 0xB3, 0x4C, 0x9F, 0xCA, 0x3B, 0x28, 0x00, 0x05, 0x8C, 0x4D, 0xB3, 0x4C, 0x9F, 0xCA, 0x3B, 0x29, 0x00, 0x05, 0x8C,
        0x4D, 0xB3, 0x4C, 0x9F, 0xCA, 0x3B, 0x2A, 0x00, 0x05, 0x8C, 0x4D, 0xB3, 0x4C, 0x9F, 0xCA, 0x3B, 0x2B, 0x00, 0x05, 0x8C,
        0x4D, 0xB3, 0x4C, 0x9F, 0xCA, 0x3B, 0x2C, 0x00, 0x05, 0x8C, 0x4D, 0xB3, 0x4C, 0x9F, 0xCA, 0x3B, 0x2D, 0x00, 0x05, 0x8C,
        0x4D, 0xB3, 0x4C, 0x9F, 0xCA, 0x3B, 0x2E, 0x00, 0x05, 0x8C, 0x4D, 0xB3, 0x4C, 0x9F, 0xCA, 0x3B, 0x2F, 0x00, 0x05, 0x8C,
        0x4D, 0xB3, 0x4C, 0x9F, 0xCA, 0x3B, 0x30, 0x00, 0x05, 0x8C, 0x4D, 0xB3, 0x4C, 0x9F, 0xCA, 0x3B, 0x31, 0x00, 0x05, 0x8C,
        0x4D, 0xB3, 0x4C, 0x9F, 0xCA, 0x3B, 0x32, 0x00, 0x05, 0x8C, 0x4D, 0xB3, 0x4C, 0x9F, 0xCA, 0x3B, 0x33, 0x00, 0x05, 0x8C,
        0x4D, 0xB3, 0x4C, 0x9F, 0xCA, 0x3B, 0x34, 0x00, 0x05, 0x8C, 0x4D, 0xB3, 0x4C, 0x9F, 0xCA, 0x3B, 0x35, 0x00, 0x05, 0x8C,
        0x4D, 0xB3, 0x4C, 0x9F, 0xCA, 0x3B, 0x36, 0x00, 0x05, 0x8C, 0x4D, 0xB3, 0x4C, 0x9F, 0xCA, 0x3B, 0x37, 0x00, 0x05, 0x8C,
        0x4D, 0xB3, 0x4C, 0x9F, 0xCA, 0x3B, 0x38, 0x00, 0x05, 0x8C, 0x4D, 0xB3, 0x4C, 0x9F, 0xCA, 0x3B, 0x39, 0x00, 0x05, 0x8C,
        0x4D, 0xB3, 0x4C, 0x9F, 0xCA, 0x3B, 0x3A, 0x00, 0x05, 0x8C, 0x4D, 0xB3, 0x4C, 0x9F, 0xCA, 0x3B, 0x3B, 0x00, 0x05, 0x8C,
        0x4D, 0xB3, 0x4C, 0x9F, 0xCA, 0x3B, 0x3C, 0x00, 0x05, 0x8C, 0x4D, 0xB3, 0x4C, 0x9F, 0xCA, 0x3B, 0x3D, 0x00, 0x05, 0x8C,
        0x4D, 0xB3, 0x4C, 0x9F, 0xCA, 0x3B, 0x3E, 0x00, 0x05, 0x8C, 0x4D, 0xB3, 0x4C, 0x9F, 0xCA, 0x3B, 0x3F, 0x00, 0x05, 0x8C,
        0x4D, 0xB3, 0x4C, 0x9F, 0xCA, 0x3B, 0x40, 0x00, 0x05, 0x8C, 0x4D, 0xB3, 0x4C, 0x9F, 0xCA, 0x3B, 0x41, 0x00, 0x05, 0x8C,
        0x4D, 0xB3, 0x4C, 0x9F, 0xCA, 0x3B, 0x42, 0x00, 0x05, 0x8C, 0x4D, 0xB3, 0x4C, 0x9F, 0xCA, 0x3B, 0x43, 0x00, 0x05, 0x8C,
        0x4D, 0xB3, 0x4C, 0x9F, 0xCA, 0x3B, 0x44, 0x00, 0x05, 0x8C, 0x4D, 0xB3, 0x4C, 0x9F, 0xCA, 0x3B, 0x45, 0x00, 0x05, 0x8C,
        0x4D, 0xB3, 0x4C, 0x9F, 0xCA, 0x3B, 0x46, 0x00, 0x05, 0x8C, 0x4D, 0xB3, 0x4C, 0x9F, 0xCA, 0x3B, 0x47, 0x00, 0x05, 0x8C,
        0x4D, 0xB3, 0x4C, 0x9F, 0xCA, 0x3B, 0x48, 0x00, 0x05, 0x8C, 0x4D, 0xB3, 0x4C, 0x9F, 0xCA, 0x3B, 0x49, 0x00, 0x05, 0x8C,
        0x4D, 0xB3, 0x4C, 0x9F, 0xCA, 0x3B, 0x4A, 0x00, 0x05, 0x8C, 0x4D, 0xB3, 0x4C, 0x9F, 0xCA, 0x3B, 0x4B, 0x00, 0x05, 0x8C,
        0x4D, 0xB3, 0x4C, 0x9F, 0xCA, 0x3B, 0x4C, 0x00, 0x05, 0x8C, 0x4D, 0xB3, 0x4C, 0x9F, 0xCA, 0x3B, 0x4D, 0x00, 0x05, 0x8C,
        0x4D, 0xB3, 0x4C, 0x9F, 0xCA, 0x3B, 0x4E, 0x00, 0x05, 0x8C, 0x4D, 0xB3, 0x4C, 0x9F, 0xCA, 0x3B, 0x4F, 0x00, 0x05, 0x8C,
        0x4D, 0xB3, 0x4C, 0x9F, 0xCA, 0x3B, 0x50, 0x00, 0x05, 0x8C, 0x4D, 0xB3, 0x4C, 0x9F, 0xCA, 0x3B, 0x51, 0x00, 0x05, 0x8C,
        0x4D, 0xB3, 0x4C, 0x9F, 0xCA, 0x3B, 0x52, 0x00, 0x05, 0x8C, 0x4D, 0xB3, 0x4C, 0x9F, 0xCA, 0x3B, 0x53, 0x00, 0x05, 0x8C,
        0x4D, 0xB3, 0x4C, 0x9F, 0xCA, 0x3B, 0x54, 0x00, 0x05, 0x8C, 0x4D, 0xB3, 0x4C, 0x9F, 0xCA, 0x3B, 0x55, 0x00, 0x05, 0x8C,
        0x4D, 0xB3, 0x4C, 0x9F, 0xCA, 0x3B, 0x56, 0x00, 0x05, 0x8C, 0x4D, 0xB3, 0x4C, 0x9F, 0xCA, 0x3B, 0x57, 0x00, 0x05, 0x8C,
        0x4D, 0xB3, 0x4C, 0x9F, 0xCA, 0x3B, 0x58, 0x00, 0x05, 0x8C, 0x4D, 0xB3, 0x4C, 0x9F, 0xCA, 0x3B, 0x59, 0x00, 0x05, 0x8C,
        0x4D, 0xB3, 0x4C, 0x9F, 0xCA, 0x3B, 0x5A, 0x00, 0x05, 0x8C, 0x4D, 0xB3, 0x4C, 0x9F, 0xCA, 0x3B, 0x5B, 0x00, 0x05, 0x8C,
        0x4D, 0xB3, 0x4C, 0x9F, 0xCA, 0x3B, 0x5C, 0x00, 0x05, 0x8C, 0x4D, 0xB3, 0x4C, 0x9F, 0xCA, 0x3B, 0x5D, 0x00, 0x05, 0x8C,
        0x4D, 0xB3, 0x4C, 0x9F, 0xCA, 0x3B, 0x5E, 0x00, 0x05, 0x8C, 0x4D, 0xB3, 0x4C, 0x9F, 0xCA, 0x3B, 0x5F, 0x00, 0x05, 0x8C,
        0x4D, 0xB3, 0x4C, 0x9F, 0xCA, 0x3B, 0x60, 0x00, 0x05, 0x8C, 0x4D, 0xB3, 0x4C, 0x9F, 0xCA, 0x3B, 0x61, 0x00, 0x05, 0x8C,
        0x4D, 0xB3, 0x4C, 0x9F, 0xCA, 0x3B, 0x62, 0x00, 0x05, 0x8C, 0x4D, 0xB3, 0x4C, 0x9F, 0xCA, 0x3B, 0x63, 0x00, 0x05, 0x8C,
        0x4D, 0xB3, 0x4C, 0x9F, 0xCA, 0x3B, 0x64, 0x00, 0x05, 0x8C, 0x4D, 0xB3, 0x4C, 0x9F, 0xCA, 0x3B, 0x02, 0x00, 0x00, 0x00,
        0x48, 0x01, 0x11, 0x00, 0x13, 0x00, 0x64, 0x00, 0x48, 0x01, 0x11, 0x00, 0x13, 0x00, 0xC2, 0x41, 0xDB, 0xD9, 0x00, 0x00,
        0x02, 0x00, 0x00, 0x00, 0x7A, 0x99, 0x51, 0x80, 0x7B, 0x99, 0x00, 0x3C, 0x64, 0x00, 0x7A, 0x99, 0x51, 0x80, 0x7B, 0x99,
        0x00, 0x3C, 0x02, 0x00, 0x00, 0x00, 0x58, 0xAE, 0xEF, 0x0D, 0x58, 0x2E, 0x64, 0x00, 0x58, 0xAE, 0xEF, 0x0D, 0x58, 0x2E,
        0x69, 0xC6, 0x80, 0xBC, 0x00, 0x00, 0x02, 0x00, 0x00, 0x00, 0xA9, 0x83, 0x29, 0x80, 0xC0, 0x83, 0x00, 0x3C, 0x64, 0x00,
        0xA9, 0x83, 0x29, 0x80, 0xC0, 0x83, 0x00, 0x3C, 0x00, 0x00, 0x91, 0xA9, 0x96, 0x37, 0x00, 0x00, 0x02, 0x00, 0x00, 0x00,
        0x3B, 0x05, 0x09, 0x80, 0x0E, 0x00, 0x00, 0x3C, 0x64, 0x00, 0x3B, 0x05, 0x09, 0x80, 0x0E, 0x00, 0x00, 0x3C, 0x00, 0x00,
        0x1A, 0xA4, 0xF2, 0xD2, 0x00, 0x00, 0x02, 0x00, 0x00, 0x00, 0x3B, 0x05, 0x09, 0x80, 0x0E, 0x00, 0x00, 0x3C, 0x64, 0x00,
        0x3B, 0x05, 0x09, 0x80, 0x0E, 0x00, 0x00, 0x3C, 0x00, 0x00, 0x7C, 0x78, 0xA5, 0xF4, 0x00, 0x00, 0x02, 0x00, 0x00, 0x00,
        0x25, 0xA9, 0x03, 0xA7, 0x2D, 0xB0, 0xEC, 0x3B, 0x64, 0x00, 0x25, 0xA9, 0x03, 0xA7, 0x2D, 0xB0, 0xEC, 0x3B, 0x00, 0x00,
        0xF3, 0x07, 0x9C, 0xDD, 0x00, 0x00, 0x02, 0x00, 0x00, 0x00, 0xDD, 0x9C, 0xFF, 0x30, 0x9B, 0x28, 0xE6, 0x3B, 0x64, 0x00,
        0xDD, 0x9C, 0xFF, 0x30, 0x9B, 0x28, 0xE6, 0x3B, 0x00, 0x00, 0xFA, 0xE9, 0x39, 0xD4, 0x00, 0x00, 0x65, 0x00, 0x00, 0x00,
        0xDB, 0x22, 0x7B, 0x35, 0xAA, 0x94, 0x84, 0x3B, 0x01, 0x00, 0xDB, 0x22, 0x7B, 0x35, 0xAA, 0x94, 0x84, 0x3B, 0x02, 0x00,
        0xDB, 0x22, 0x7B, 0x35, 0xAA, 0x94, 0x84, 0x3B, 0x03, 0x00, 0xDB, 0x22, 0x7B, 0x35, 0xAA, 0x94, 0x84, 0x3B, 0x04, 0x00,
        0xDB, 0x22, 0x7B, 0x35, 0xAA, 0x94, 0x84, 0x3B, 0x05, 0x00, 0xDB, 0x22, 0x7B, 0x35, 0xAA, 0x94, 0x84, 0x3B, 0x06, 0x00,
        0xDB, 0x22, 0x7B, 0x35, 0xAA, 0x94, 0x84, 0x3B, 0x07, 0x00, 0xDB, 0x22, 0x7B, 0x35, 0xAA, 0x94, 0x84, 0x3B, 0x08, 0x00,
        0xDB, 0x22, 0x7B, 0x35, 0xAA, 0x94, 0x84, 0x3B, 0x09, 0x00, 0xDB, 0x22, 0x7B, 0x35, 0xAA, 0x94, 0x84, 0x3B, 0x0A, 0x00,
        0xDB, 0x22, 0x7B, 0x35, 0xAA, 0x94, 0x84, 0x3B, 0x0B, 0x00, 0xDB, 0x22, 0x7B, 0x35, 0xAA, 0x94, 0x84, 0x3B, 0x0C, 0x00,
        0xDB, 0x22, 0x7B, 0x35, 0xAA, 0x94, 0x84, 0x3B, 0x0D, 0x00, 0xDB, 0x22, 0x7B, 0x35, 0xAA, 0x94, 0x84, 0x3B, 0x0E, 0x00,
        0xDB, 0x22, 0x7B, 0x35, 0xAA, 0x94, 0x84, 0x3B, 0x0F, 0x00, 0xDB, 0x22, 0x7B, 0x35, 0xAA, 0x94, 0x84, 0x3B, 0x10, 0x00,
        0xDB, 0x22, 0x7B, 0x35, 0xAA, 0x94, 0x84, 0x3B, 0x11, 0x00, 0xDB, 0x22, 0x7B, 0x35, 0xAA, 0x94, 0x84, 0x3B, 0x12, 0x00,
        0xDB, 0x22, 0x7B, 0x35, 0xAA, 0x94, 0x84, 0x3B, 0x13, 0x00, 0xDB, 0x22, 0x7B, 0x35, 0xAA, 0x94, 0x84, 0x3B, 0x14, 0x00,
        0xDB, 0x22, 0x7B, 0x35, 0xAA, 0x94, 0x84, 0x3B, 0x15, 0x00, 0xDB, 0x22, 0x7B, 0x35, 0xAA, 0x94, 0x84, 0x3B, 0x16, 0x00,
        0xDB, 0x22, 0x7B, 0x35, 0xAA, 0x94, 0x84, 0x3B, 0x17, 0x00, 0xDB, 0x22, 0x7B, 0x35, 0xAA, 0x94, 0x84, 0x3B, 0x18, 0x00,
        0xDB, 0x22, 0x7B, 0x35, 0xAA, 0x94, 0x84, 0x3B, 0x19, 0x00, 0xDB, 0x22, 0x7B, 0x35, 0xAA, 0x94, 0x84, 0x3B, 0x1A, 0x00,
        0xDB, 0x22, 0x7B, 0x35, 0xAA, 0x94, 0x84, 0x3B, 0x1B, 0x00, 0xDB, 0x22, 0x7B, 0x35, 0xAA, 0x94, 0x84, 0x3B, 0x1C, 0x00,
        0xDB, 0x22, 0x7B, 0x35, 0xAA, 0x94, 0x84, 0x3B, 0x1D, 0x00, 0xDB, 0x22, 0x7B, 0x35, 0xAA, 0x94, 0x84, 0x3B, 0x1E, 0x00,
        0xDB, 0x22, 0x7B, 0x35, 0xAA, 0x94, 0x84, 0x3B, 0x1F, 0x00, 0xDB, 0x22, 0x7B, 0x35, 0xAA, 0x94, 0x84, 0x3B, 0x20, 0x00,
        0xDB, 0x22, 0x7B, 0x35, 0xAA, 0x94, 0x84, 0x3B, 0x21, 0x00, 0xDB, 0x22, 0x7B, 0x35, 0xAA, 0x94, 0x84, 0x3B, 0x22, 0x00,
        0xDB, 0x22, 0x7B, 0x35, 0xAA, 0x94, 0x84, 0x3B, 0x23, 0x00, 0xDB, 0x22, 0x7B, 0x35, 0xAA, 0x94, 0x84, 0x3B, 0x24, 0x00,
        0xDB, 0x22, 0x7B, 0x35, 0xAA, 0x94, 0x84, 0x3B, 0x25, 0x00, 0xDB, 0x22, 0x7B, 0x35, 0xAA, 0x94, 0x84, 0x3B, 0x26, 0x00,
        0xDB, 0x22, 0x7B, 0x35, 0xAA, 0x94, 0x84, 0x3B, 0x27, 0x00, 0xDB, 0x22, 0x7B, 0x35, 0xAA, 0x94, 0x84, 0x3B, 0x28, 0x00,
        0xDB, 0x22, 0x7B, 0x35, 0xAA, 0x94, 0x84, 0x3B, 0x29, 0x00, 0xDB, 0x22, 0x7B, 0x35, 0xAA, 0x94, 0x84, 0x3B, 0x2A, 0x00,
        0xDB, 0x22, 0x7B, 0x35, 0xAA, 0x94, 0x84, 0x3B, 0x2B, 0x00, 0xDB, 0x22, 0x7B, 0x35, 0xAA, 0x94, 0x84, 0x3B, 0x2C, 0x00,
        0xDB, 0x22, 0x7B, 0x35, 0xAA, 0x94, 0x84, 0x3B, 0x2D, 0x00, 0xDB, 0x22, 0x7B, 0x35, 0xAA, 0x94, 0x84, 0x3B, 0x2E, 0x00,
        0xDB, 0x22, 0x7B, 0x35, 0xAA, 0x94, 0x84, 0x3B, 0x2F, 0x00, 0xDB, 0x22, 0x7B, 0x35, 0xAA, 0x94, 0x84, 0x3B, 0x30, 0x00,
        0xDB, 0x22, 0x7B, 0x35, 0xAA, 0x94, 0x84, 0x3B, 0x31, 0x00, 0xDB, 0x22, 0x7B, 0x35, 0xAA, 0x94, 0x84, 0x3B, 0x32, 0x00,
        0xDB, 0x22, 0x7B, 0x35, 0xAA, 0x94, 0x84, 0x3B, 0x33, 0x00, 0xDB, 0x22, 0x7B, 0x35, 0xAA, 0x94, 0x84, 0x3B, 0x34, 0x00,
        0xDB, 0x22, 0x7B, 0x35, 0xAA, 0x94, 0x84, 0x3B, 0x35, 0x00, 0xDB, 0x22, 0x7B, 0x35, 0xAA, 0x94, 0x84, 0x3B, 0x36, 0x00,
        0xDB, 0x22, 0x7B, 0x35, 0xAA, 0x94, 0x84, 0x3B, 0x37, 0x00, 0xDB, 0x22, 0x7B, 0x35, 0xAA, 0x94, 0x84, 0x3B, 0x38, 0x00,
        0xDB, 0x22, 0x7B, 0x35, 0xAA, 0x94, 0x84, 0x3B, 0x39, 0x00, 0xDB, 0x22, 0x7B, 0x35, 0xAA, 0x94, 0x84, 0x3B, 0x3A, 0x00,
        0xDB, 0x22, 0x7B, 0x35, 0xAA, 0x94, 0x84, 0x3B, 0x3B, 0x00, 0xDB, 0x22, 0x7B, 0x35, 0xAA, 0x94, 0x84, 0x3B, 0x3C, 0x00,
        0xDB, 0x22, 0x7B, 0x35, 0xAA, 0x94, 0x84, 0x3B, 0x3D, 0x00, 0xDB, 0x22, 0x7B, 0x35, 0xAA, 0x94, 0x84, 0x3B, 0x3E, 0x00,
        0xDB, 0x22, 0x7B, 0x35, 0xAA, 0x94, 0x84, 0x3B, 0x3F, 0x00, 0xDB, 0x22, 0x7B, 0x35, 0xAA, 0x94, 0x84, 0x3B, 0x40, 0x00,
        0xDB, 0x22, 0x7B, 0x35, 0xAA, 0x94, 0x84, 0x3B, 0x41, 0x00, 0xDB, 0x22, 0x7B, 0x35, 0xAA, 0x94, 0x84, 0x3B, 0x42, 0x00,
        0xDB, 0x22, 0x7B, 0x35, 0xAA, 0x94, 0x84, 0x3B, 0x43, 0x00, 0xDB, 0x22, 0x7B, 0x35, 0xAB, 0x94, 0x84, 0x3B, 0x44, 0x00,
        0xDB, 0x22, 0x7B, 0x35, 0xAB, 0x94, 0x84, 0x3B, 0x45, 0x00, 0xDB, 0x22, 0x7B, 0x35, 0xAB, 0x94, 0x84, 0x3B, 0x46, 0x00,
        0xDB, 0x22, 0x7B, 0x35, 0xAB, 0x94, 0x84, 0x3B, 0x47, 0x00, 0xDB, 0x22, 0x7B, 0x35, 0xAA, 0x94, 0x84, 0x3B, 0x48, 0x00,
        0xDB, 0x22, 0x7B, 0x35, 0xAA, 0x94, 0x84, 0x3B, 0x49, 0x00, 0xDB, 0x22, 0x7B, 0x35, 0xAA, 0x94, 0x84, 0x3B, 0x4A, 0x00,
        0xDB, 0x22, 0x7B, 0x35, 0xAA, 0x94, 0x84, 0x3B, 0x4B, 0x00, 0xDB, 0x22, 0x7B, 0x35, 0xAA, 0x94, 0x84, 0x3B, 0x4C, 0x00,
        0xDB, 0x22, 0x7B, 0x35, 0xAA, 0x94, 0x84, 0x3B, 0x4D, 0x00, 0xDB, 0x22, 0x7B, 0x35, 0xAA, 0x94, 0x84, 0x3B, 0x4E, 0x00,
        0xDB, 0x22, 0x7B, 0x35, 0xAA, 0x94, 0x84, 0x3B, 0x4F, 0x00, 0xDB, 0x22, 0x7B, 0x35, 0xAA, 0x94, 0x84, 0x3B, 0x50, 0x00,
        0xDB, 0x22, 0x7B, 0x35, 0xAA, 0x94, 0x84, 0x3B, 0x51, 0x00, 0xDB, 0x22, 0x7B, 0x35, 0xAA, 0x94, 0x84, 0x3B, 0x52, 0x00,
        0xDB, 0x22, 0x7B, 0x35, 0xAA, 0x94, 0x84, 0x3B, 0x53, 0x00, 0xDB, 0x22, 0x7B, 0x35, 0xAA, 0x94, 0x84, 0x3B, 0x54, 0x00,
        0xDB, 0x22, 0x7B, 0x35, 0xAA, 0x94, 0x84, 0x3B, 0x55, 0x00, 0xDB, 0x22, 0x7B, 0x35, 0xAA, 0x94, 0x84, 0x3B, 0x56, 0x00,
        0xDB, 0x22, 0x7B, 0x35, 0xAA, 0x94, 0x84, 0x3B, 0x57, 0x00, 0xDB, 0x22, 0x7B, 0x35, 0xAA, 0x94, 0x84, 0x3B, 0x58, 0x00,
        0xDB, 0x22, 0x7B, 0x35, 0xAA, 0x94, 0x84, 0x3B, 0x59, 0x00, 0xDB, 0x22, 0x7B, 0x35, 0xAA, 0x94, 0x84, 0x3B, 0x5A, 0x00,
        0xDB, 0x22, 0x7B, 0x35, 0xAB, 0x94, 0x84, 0x3B, 0x5B, 0x00, 0xDB, 0x22, 0x7B, 0x35, 0xAB, 0x94, 0x84, 0x3B, 0x5C, 0x00,
        0xDB, 0x22, 0x7B, 0x35, 0xAB, 0x94, 0x84, 0x3B, 0x5D, 0x00, 0xDB, 0x22, 0x7B, 0x35, 0xAB, 0x94, 0x84, 0x3B, 0x5E, 0x00,
        0xDB, 0x22, 0x7B, 0x35, 0xAB, 0x94, 0x84, 0x3B, 0x5F, 0x00, 0xDB, 0x22, 0x7B, 0x35, 0xAB, 0x94, 0x84, 0x3B, 0x60, 0x00,
        0xDB, 0x22, 0x7B, 0x35, 0xAB, 0x94, 0x84, 0x3B, 0x61, 0x00, 0xDB, 0x22, 0x7B, 0x35, 0xAB, 0x94, 0x84, 0x3B, 0x62, 0x00,
        0xDB, 0x22, 0x7B, 0x35, 0xAB, 0x94, 0x84, 0x3B, 0x63, 0x00, 0xDB, 0x22, 0x7B, 0x35, 0xAB, 0x94, 0x84, 0x3B, 0x64, 0x00,
        0xDB, 0x22, 0x7B, 0x35, 0xAA, 0x94, 0x84, 0x3B, 0x02, 0x00, 0x00, 0x00, 0xEC, 0x80, 0x21, 0x00, 0x12, 0x00, 0x64, 0x00,
        0xEC, 0x80, 0x21, 0x00, 0x12, 0x00, 0x24, 0xC1, 0x83, 0x25, 0x00, 0x00, 0x02, 0x00, 0x00, 0x00, 0x10, 0x80, 0x0C, 0x80,
        0x18, 0x00, 0x00, 0x3C, 0x64, 0x00, 0x10, 0x80, 0x0C, 0x80, 0x18, 0x00, 0x00, 0x3C, 0x00, 0x00, 0xF3, 0x58, 0x16, 0x21,
        0x00, 0x00, 0x02, 0x00, 0x00, 0x00, 0xB3, 0x33, 0x30, 0xB9, 0xA7, 0xAD, 0xBC, 0x39, 0x64, 0x00, 0xB3, 0x33, 0x30, 0xB9,
        0xA7, 0xAD, 0xBC, 0x39, 0x02, 0x00, 0x00, 0x00, 0x6B, 0xB6, 0x8A, 0x30, 0x40, 0x35, 0x64, 0x00, 0x6B, 0xB6, 0x8A, 0x30,
        0x40, 0x35, 0xD4, 0x62, 0x52, 0xF6, 0x00, 0x00, 0x02, 0x00, 0x00, 0x00, 0x1E, 0x80, 0x7D, 0x00, 0x97, 0x80, 0x00, 0x3C,
        0x64, 0x00, 0x1E, 0x80, 0x7D, 0x00, 0x97, 0x80, 0x00, 0x3C, 0x02, 0x00, 0x00, 0x00, 0x12, 0x80, 0x0C, 0x80, 0x62, 0x80,
        0x64, 0x00, 0x12, 0x80, 0x0C, 0x80, 0x62, 0x80, 0xC6, 0x58, 0x95, 0xF7, 0x00, 0x00, 0x02, 0x00, 0x00, 0x00, 0x26, 0x00,
        0xF9, 0x05, 0x01, 0x00, 0x00, 0x3C, 0x64, 0x00, 0x26, 0x00, 0xF9, 0x05, 0x01, 0x00, 0x00, 0x3C, 0x02, 0x00, 0x00, 0x00,
        0x14, 0x80, 0x0C, 0x00, 0x7B, 0x80, 0x64, 0x00, 0x14, 0x80, 0x0C, 0x00, 0x7B, 0x80, 0x8E, 0x28, 0x3A, 0xA2, 0x00, 0x00,
        0x65, 0x00, 0x00, 0x00, 0xA3, 0x21, 0x73, 0x35, 0x21, 0xA1, 0x85, 0x3B, 0x01, 0x00, 0xA3, 0x21, 0x73, 0x35, 0x21, 0xA1,
        0x85, 0x3B, 0x02, 0x00, 0xA3, 0x21, 0x73, 0x35, 0x21, 0xA1, 0x85, 0x3B, 0x03, 0x00, 0xA3, 0x21, 0x73, 0x35, 0x21, 0xA1,
        0x85, 0x3B, 0x04, 0x00, 0xA3, 0x21, 0x73, 0x35, 0x21, 0xA1, 0x85, 0x3B, 0x05, 0x00, 0xA3, 0x21, 0x73, 0x35, 0x21, 0xA1,
        0x85, 0x3B, 0x06, 0x00, 0xA3, 0x21, 0x73, 0x35, 0x21, 0xA1, 0x85, 0x3B, 0x07, 0x00, 0xA3, 0x21, 0x73, 0x35, 0x21, 0xA1,
        0x85, 0x3B, 0x08, 0x00, 0xA3, 0x21, 0x73, 0x35, 0x21, 0xA1, 0x85, 0x3B, 0x09, 0x00, 0xA3, 0x21, 0x73, 0x35, 0x21, 0xA1,
        0x85, 0x3B, 0x0A, 0x00, 0xA3, 0x21, 0x73, 0x35, 0x21, 0xA1, 0x85, 0x3B, 0x0B, 0x00, 0xA3, 0x21, 0x73, 0x35, 0x21, 0xA1,
        0x85, 0x3B, 0x0C, 0x00, 0xA3, 0x21, 0x73, 0x35, 0x21, 0xA1, 0x85, 0x3B, 0x0D, 0x00, 0xA3, 0x21, 0x73, 0x35, 0x21, 0xA1,
        0x85, 0x3B, 0x0E, 0x00, 0xA3, 0x21, 0x73, 0x35, 0x21, 0xA1, 0x85, 0x3B, 0x0F, 0x00, 0xA3, 0x21, 0x73, 0x35, 0x21, 0xA1,
        0x85, 0x3B, 0x10, 0x00, 0xA3, 0x21, 0x73, 0x35, 0x21, 0xA1, 0x85, 0x3B, 0x11, 0x00, 0xA3, 0x21, 0x73, 0x35, 0x21, 0xA1,
        0x85, 0x3B, 0x12, 0x00, 0xA3, 0x21, 0x73, 0x35, 0x21, 0xA1, 0x85, 0x3B, 0x13, 0x00, 0xA3, 0x21, 0x73, 0x35, 0x21, 0xA1,
        0x85, 0x3B, 0x14, 0x00, 0xA3, 0x21, 0x73, 0x35, 0x21, 0xA1, 0x85, 0x3B, 0x15, 0x00, 0xA3, 0x21, 0x73, 0x35, 0x21, 0xA1,
        0x85, 0x3B, 0x16, 0x00, 0xA3, 0x21, 0x73, 0x35, 0x21, 0xA1, 0x85, 0x3B, 0x17, 0x00, 0xA3, 0x21, 0x73, 0x35, 0x21, 0xA1,
        0x85, 0x3B, 0x18, 0x00, 0xA3, 0x21, 0x73, 0x35, 0x21, 0xA1, 0x85, 0x3B, 0x19, 0x00, 0xA3, 0x21, 0x73, 0x35, 0x21, 0xA1,
        0x85, 0x3B, 0x1A, 0x00, 0xA3, 0x21, 0x73, 0x35, 0x21, 0xA1, 0x85, 0x3B, 0x1B, 0x00, 0xA3, 0x21, 0x73, 0x35, 0x21, 0xA1,
        0x85, 0x3B, 0x1C, 0x00, 0xA3, 0x21, 0x73, 0x35, 0x21, 0xA1, 0x85, 0x3B, 0x1D, 0x00, 0xA3, 0x21, 0x73, 0x35, 0x21, 0xA1,
        0x85, 0x3B, 0x1E, 0x00, 0xA3, 0x21, 0x73, 0x35, 0x21, 0xA1, 0x85, 0x3B, 0x1F, 0x00, 0xA3, 0x21, 0x73, 0x35, 0x21, 0xA1,
        0x85, 0x3B, 0x20, 0x00, 0xA3, 0x21, 0x73, 0x35, 0x21, 0xA1, 0x85, 0x3B, 0x21, 0x00, 0xA3, 0x21, 0x73, 0x35, 0x21, 0xA1,
        0x85, 0x3B, 0x22, 0x00, 0xA3, 0x21, 0x73, 0x35, 0x21, 0xA1, 0x85, 0x3B, 0x23, 0x00, 0xA3, 0x21, 0x73, 0x35, 0x21, 0xA1,
        0x85, 0x3B, 0x24, 0x00, 0xA3, 0x21, 0x73, 0x35, 0x21, 0xA1, 0x85, 0x3B, 0x25, 0x00, 0xA3, 0x21, 0x73, 0x35, 0x21, 0xA1,
        0x85, 0x3B, 0x26, 0x00, 0xA3, 0x21, 0x73, 0x35, 0x21, 0xA1, 0x85, 0x3B, 0x27, 0x00, 0xA3, 0x21, 0x73, 0x35, 0x21, 0xA1,
        0x85, 0x3B, 0x28, 0x00, 0xA3, 0x21, 0x73, 0x35, 0x21, 0xA1, 0x85, 0x3B, 0x29, 0x00, 0xA3, 0x21, 0x73, 0x35, 0x21, 0xA1,
        0x85, 0x3B, 0x2A, 0x00, 0xA3, 0x21, 0x73, 0x35, 0x21, 0xA1, 0x85, 0x3B, 0x2B, 0x00, 0xA3, 0x21, 0x73, 0x35, 0x21, 0xA1,
        0x85, 0x3B, 0x2C, 0x00, 0xA3, 0x21, 0x73, 0x35, 0x21, 0xA1, 0x85, 0x3B, 0x2D, 0x00, 0xA3, 0x21, 0x73, 0x35, 0x21, 0xA1,
        0x85, 0x3B, 0x2E, 0x00, 0xA3, 0x21, 0x73, 0x35, 0x21, 0xA1, 0x85, 0x3B, 0x2F, 0x00, 0xA3, 0x21, 0x73, 0x35, 0x21, 0xA1,
        0x85, 0x3B, 0x30, 0x00, 0xA3, 0x21, 0x73, 0x35, 0x21, 0xA1, 0x85, 0x3B, 0x31, 0x00, 0xA3, 0x21, 0x73, 0x35, 0x21, 0xA1,
        0x85, 0x3B, 0x32, 0x00, 0xA3, 0x21, 0x73, 0x35, 0x21, 0xA1, 0x85, 0x3B, 0x33, 0x00, 0xA3, 0x21, 0x73, 0x35, 0x21, 0xA1,
        0x85, 0x3B, 0x34, 0x00, 0xA3, 0x21, 0x73, 0x35, 0x21, 0xA1, 0x85, 0x3B, 0x35, 0x00, 0xA3, 0x21, 0x73, 0x35, 0x21, 0xA1,
        0x85, 0x3B, 0x36, 0x00, 0xA3, 0x21, 0x73, 0x35, 0x21, 0xA1, 0x85, 0x3B, 0x37, 0x00, 0xA3, 0x21, 0x73, 0x35, 0x21, 0xA1,
        0x85, 0x3B, 0x38, 0x00, 0xA3, 0x21, 0x73, 0x35, 0x21, 0xA1, 0x85, 0x3B, 0x39, 0x00, 0xA3, 0x21, 0x73, 0x35, 0x21, 0xA1,
        0x85, 0x3B, 0x3A, 0x00, 0xA3, 0x21, 0x73, 0x35, 0x21, 0xA1, 0x85, 0x3B, 0x3B, 0x00, 0xA3, 0x21, 0x73, 0x35, 0x21, 0xA1,
        0x85, 0x3B, 0x3C, 0x00, 0xA3, 0x21, 0x73, 0x35, 0x21, 0xA1, 0x85, 0x3B, 0x3D, 0x00, 0xA3, 0x21, 0x73, 0x35, 0x21, 0xA1,
        0x85, 0x3B, 0x3E, 0x00, 0xA3, 0x21, 0x73, 0x35, 0x21, 0xA1, 0x85, 0x3B, 0x3F, 0x00, 0xA3, 0x21, 0x73, 0x35, 0x21, 0xA1,
        0x85, 0x3B, 0x40, 0x00, 0xA3, 0x21, 0x73, 0x35, 0x21, 0xA1, 0x85, 0x3B, 0x41, 0x00, 0xA3, 0x21, 0x73, 0x35, 0x21, 0xA1,
        0x85, 0x3B, 0x42, 0x00, 0xA3, 0x21, 0x73, 0x35, 0x21, 0xA1, 0x85, 0x3B, 0x43, 0x00, 0xA3, 0x21, 0x73, 0x35, 0x21, 0xA1,
        0x85, 0x3B, 0x44, 0x00, 0xA3, 0x21, 0x73, 0x35, 0x21, 0xA1, 0x85, 0x3B, 0x45, 0x00, 0xA3, 0x21, 0x73, 0x35, 0x21, 0xA1,
        0x85, 0x3B, 0x46, 0x00, 0xA3, 0x21, 0x73, 0x35, 0x21, 0xA1, 0x85, 0x3B, 0x47, 0x00, 0xA3, 0x21, 0x73, 0x35, 0x21, 0xA1,
        0x85, 0x3B, 0x48, 0x00, 0xA3, 0x21, 0x73, 0x35, 0x21, 0xA1, 0x85, 0x3B, 0x49, 0x00, 0xA3, 0x21, 0x73, 0x35, 0x21, 0xA1,
        0x85, 0x3B, 0x4A, 0x00, 0xA3, 0x21, 0x73, 0x35, 0x21, 0xA1, 0x85, 0x3B, 0x4B, 0x00, 0xA3, 0x21, 0x73, 0x35, 0x21, 0xA1,
        0x85, 0x3B, 0x4C, 0x00, 0xA3, 0x21, 0x73, 0x35, 0x21, 0xA1, 0x85, 0x3B, 0x4D, 0x00, 0xA3, 0x21, 0x73, 0x35, 0x21, 0xA1,
        0x85, 0x3B, 0x4E, 0x00, 0xA3, 0x21, 0x73, 0x35, 0x21, 0xA1, 0x85, 0x3B, 0x4F, 0x00, 0xA3, 0x21, 0x73, 0x35, 0x21, 0xA1,
        0x85, 0x3B, 0x50, 0x00, 0xA3, 0x21, 0x73, 0x35, 0x21, 0xA1, 0x85, 0x3B, 0x51, 0x00, 0xA3, 0x21, 0x73, 0x35, 0x21, 0xA1,
        0x85, 0x3B, 0x52, 0x00, 0xA3, 0x21, 0x73, 0x35, 0x21, 0xA1, 0x85, 0x3B, 0x53, 0x00, 0xA3, 0x21, 0x73, 0x35, 0x21, 0xA1,
        0x85, 0x3B, 0x54, 0x00, 0xA3, 0x21, 0x73, 0x35, 0x21, 0xA1, 0x85, 0x3B, 0x55, 0x00, 0xA3, 0x21, 0x73, 0x35, 0x21, 0xA1,
        0x85, 0x3B, 0x56, 0x00, 0xA3, 0x21, 0x73, 0x35, 0x21, 0xA1, 0x85, 0x3B, 0x57, 0x00, 0xA3, 0x21, 0x73, 0x35, 0x21, 0xA1,
        0x85, 0x3B, 0x58, 0x00, 0xA3, 0x21, 0x73, 0x35, 0x21, 0xA1, 0x85, 0x3B, 0x59, 0x00, 0xA3, 0x21, 0x73, 0x35, 0x21, 0xA1,
        0x85, 0x3B, 0x5A, 0x00, 0xA3, 0x21, 0x73, 0x35, 0x21, 0xA1, 0x85, 0x3B, 0x5B, 0x00, 0xA3, 0x21, 0x73, 0x35, 0x21, 0xA1,
        0x85, 0x3B, 0x5C, 0x00, 0xA3, 0x21, 0x73, 0x35, 0x21, 0xA1, 0x85, 0x3B, 0x5D, 0x00, 0xA3, 0x21, 0x73, 0x35, 0x21, 0xA1,
        0x85, 0x3B, 0x5E, 0x00, 0xA3, 0x21, 0x73, 0x35, 0x21, 0xA1, 0x85, 0x3B, 0x5F, 0x00, 0xA3, 0x21, 0x73, 0x35, 0x21, 0xA1,
        0x85, 0x3B, 0x60, 0x00, 0xA3, 0x21, 0x73, 0x35, 0x21, 0xA1, 0x85, 0x3B, 0x61, 0x00, 0xA3, 0x21, 0x73, 0x35, 0x21, 0xA1,
        0x85, 0x3B, 0x62, 0x00, 0xA3, 0x21, 0x73, 0x35, 0x21, 0xA1, 0x85, 0x3B, 0x63, 0x00, 0xA3, 0x21, 0x73, 0x35, 0x21, 0xA1,
        0x85, 0x3B, 0x64, 0x00, 0xA3, 0x21, 0x73, 0x35, 0x21, 0xA1, 0x85, 0x3B, 0x02, 0x00, 0x00, 0x00, 0xB4, 0x85, 0x00, 0x00,
        0xC1, 0x8F, 0x64, 0x00, 0xB4, 0x85, 0x00, 0x00, 0xC1, 0x8F, 0x90, 0x23, 0xD1, 0x50, 0x00, 0x00, 0x02, 0x00, 0x00, 0x00,
        0x9C, 0xAA, 0x31, 0x80, 0x22, 0x00, 0xFD, 0x3B, 0x64, 0x00, 0x9C, 0xAA, 0x31, 0x80, 0x22, 0x00, 0xFD, 0x3B, 0x02, 0x00,
        0x00, 0x00, 0x00, 0x80, 0x7A, 0x80, 0x02, 0x80, 0x64, 0x00, 0x00, 0x80, 0x7A, 0x80, 0x02, 0x80, 0x14, 0xB3, 0x40, 0xB4,
        0x00, 0x00, 0x02, 0x00, 0x00, 0x00, 0xEC, 0x93, 0xD6, 0x2C, 0x5A, 0x1A, 0xFA, 0x3B, 0x64, 0x00, 0xEC, 0x93, 0xD6, 0x2C,
        0x5A, 0x1A, 0xFA, 0x3B, 0x00, 0x00, 0xCB, 0xCC, 0x3F, 0xDE, 0x00, 0x00, 0x02, 0x00, 0x00, 0x00, 0x16, 0x17, 0xF4, 0x29,
        0x71, 0x25, 0xFD, 0x3B, 0x64, 0x00, 0x16, 0x17, 0xF4, 0x29, 0x71, 0x25, 0xFD, 0x3B, 0x00, 0x00, 0x34, 0xF4, 0x5D, 0x9B,
        0x00, 0x00, 0x02, 0x00, 0x00, 0x00, 0x1A, 0xA0, 0x41, 0x3A, 0x1D, 0x2E, 0xEE, 0x38, 0x64, 0x00, 0x1A, 0xA0, 0x41, 0x3A,
        0x1D, 0x2E, 0xEE, 0x38, 0x00, 0x00, 0x45, 0x7B, 0xD9, 0x24, 0x00, 0x00, 0x02, 0x00, 0x00, 0x00, 0x36, 0xAE, 0x1C, 0x3B,
        0xDB, 0xA4, 0x2A, 0x37, 0x64, 0x00, 0x36, 0xAE, 0x1C, 0x3B, 0xDB, 0xA4, 0x2A, 0x37, 0x00, 0x00, 0x73, 0x68, 0x81, 0x53,
        0x00, 0x00, 0x02, 0x00, 0x00, 0x00, 0x36, 0x2A, 0xF9, 0x39, 0xC8, 0x2B, 0x49, 0x39, 0x64, 0x00, 0x36, 0x2A, 0xF9, 0x39,
        0xC8, 0x2B, 0x49, 0x39, 0x02, 0x00, 0x00, 0x00, 0x4C, 0x00, 0x23, 0x80, 0x0A, 0x00, 0x64, 0x00, 0x4C, 0x00, 0x23, 0x80,
        0x0A, 0x00, 0xCB, 0x19, 0xC4, 0x44, 0x00, 0x00, 0x02, 0x00, 0x00, 0x00, 0x92, 0x21, 0x23, 0x39, 0x4E, 0x22, 0x22, 0x3A,
        0x64, 0x00, 0x92, 0x21, 0x23, 0x39, 0x4E, 0x22, 0x22, 0x3A, 0x02, 0x00, 0x00, 0x00, 0x4C, 0x00, 0x23, 0x00, 0x0C, 0x00,
        0x64, 0x00, 0x4C, 0x00, 0x23, 0x00, 0x0C, 0x00, 0xF5, 0x6C, 0x40, 0x51, 0x00, 0x00, 0x02, 0x00, 0x00, 0x00, 0x61, 0xB3,
        0x83, 0x34, 0xAE, 0x38, 0xCC, 0x39, 0x64, 0x00, 0x61, 0xB3, 0x83, 0x34, 0xAE, 0x38, 0xCC, 0x39, 0x00, 0x00, 0x7B, 0x30,
        0x4E, 0xFD, 0x00, 0x00, 0x02, 0x00, 0x00, 0x00, 0xE4, 0x27, 0x03, 0x85, 0x78, 0x00, 0xFF, 0x3B, 0x64, 0x00, 0xE4, 0x27,
        0x03, 0x85, 0x78, 0x00, 0xFF, 0x3B, 0x02, 0x00, 0x00, 0x00, 0x6C, 0x9F, 0xFF, 0xA1, 0x42, 0x8E, 0x64, 0x00, 0x6C, 0x9F,
        0xFF, 0xA1, 0x42, 0x8E, 0x4F, 0x1C, 0xB8, 0x2F, 0x02, 0x00, 0x00, 0x00, 0x00, 0x3C, 0x00, 0x3C, 0x00, 0x3C, 0x64, 0x00,
        0x00, 0x3C, 0x00, 0x3C, 0x00, 0x3C, 0x02, 0x00, 0x00, 0x00, 0xE3, 0x2E, 0x4C, 0x32, 0xFA, 0xB8, 0x00, 0x3A, 0x64, 0x00,
        0xE3, 0x2E, 0x4C, 0x32, 0xFA, 0xB8, 0x00, 0x3A, 0x00, 0x00, 0x24, 0xF7, 0x51, 0xC4, 0x00, 0x00, 0x02, 0x00, 0x00, 0x00,
        0xFD, 0x3B, 0x33, 0x28, 0xB4, 0x28, 0x7C, 0xA3, 0x64, 0x00, 0xFD, 0x3B, 0x33, 0x28, 0xB4, 0x28, 0x7C, 0xA3, 0x02, 0x00,
        0x00, 0x00, 0x5B, 0x2B, 0xBA, 0x23, 0x3E, 0x9A, 0x64, 0x00, 0x5B, 0x2B, 0xBA, 0x23, 0x3E, 0x9A, 0x34, 0x44, 0xCF, 0xFF,
        0x00, 0x00, 0x02, 0x00, 0x00, 0x00, 0x2C, 0xAA, 0x2C, 0xB7, 0x9D, 0x2A, 0x21, 0x3B, 0x64, 0x00, 0x2C, 0xAA, 0x2C, 0xB7,
        0x9D, 0x2A, 0x21, 0x3B, 0x00, 0x00, 0x5D, 0x4D, 0x7A, 0xCD, 0x00, 0x00, 0x02, 0x00, 0x00, 0x00, 0xF0, 0xAC, 0x30, 0xB7,
        0x2B, 0x2B, 0x1B, 0x3B, 0x64, 0x00, 0xF0, 0xAC, 0x30, 0xB7, 0x2B, 0x2B, 0x1B, 0x3B, 0x00, 0x00, 0x2B, 0xC2, 0x80, 0xD7,
        0x00, 0x00, 0x02, 0x00, 0x00, 0x00, 0x3A, 0x2C, 0x15, 0xB8, 0x16, 0x18, 0xDC, 0x3A, 0x64, 0x00, 0x3A, 0x2C, 0x15, 0xB8,
        0x16, 0x18, 0xDC, 0x3A, 0x02, 0x00, 0x00, 0x00, 0xC4, 0x80, 0x00, 0x00, 0x21, 0x00, 0x64, 0x00, 0xC4, 0x80, 0x00, 0x00,
        0x21, 0x00, 0x77, 0x56, 0x43, 0xFF, 0x00, 0x00, 0x02, 0x00, 0x00, 0x00, 0x65, 0x2E, 0xCC, 0xB6, 0x9D, 0x28, 0x31, 0x3B,
        0x64, 0x00, 0x65, 0x2E, 0xCC, 0xB6, 0x9D, 0x28, 0x31, 0x3B, 0x02, 0x00, 0x00, 0x00, 0xAE, 0x80, 0x0B, 0x80, 0x15, 0x00,
        0x64, 0x00, 0xAE, 0x80, 0x0B, 0x80, 0x15, 0x00, 0xA5, 0xFF, 0x33, 0xF1, 0x00, 0x00, 0x02, 0x00, 0x00, 0x00, 0x06, 0x29,
        0xCD, 0x2A, 0x18, 0xA1, 0xFB, 0x3B, 0x64, 0x00, 0x06, 0x29, 0xCD, 0x2A, 0x18, 0xA1, 0xFB, 0x3B, 0x00, 0x00, 0x60, 0x60,
        0xA3, 0xB1, 0x00, 0x00, 0x02, 0x00, 0x00, 0x00, 0x29, 0xA7, 0x08, 0xAA, 0x8D, 0x3B, 0x39, 0xB5, 0x64, 0x00, 0x29, 0xA7,
        0x08, 0xAA, 0x8D, 0x3B, 0x39, 0xB5, 0x02, 0x00, 0x00, 0x00, 0x5B, 0x2B, 0xBA, 0x23, 0x40, 0x1A, 0x64, 0x00, 0x5B, 0x2B,
        0xBA, 0x23, 0x40, 0x1A, 0x66, 0xB0, 0x98, 0x55, 0x00, 0x00, 0x02, 0x00, 0x00, 0x00, 0xD8, 0x22, 0x6C, 0xB5, 0x8D, 0xAB,
        0x83, 0x3B, 0x64, 0x00, 0xD8, 0x22, 0x6C, 0xB5, 0x8D, 0xAB, 0x83, 0x3B, 0x00, 0x00, 0x7E, 0x07, 0xF9, 0x49, 0x00, 0x00,
        0x02, 0x00, 0x00, 0x00, 0x76, 0x2C, 0xD0, 0xB5, 0x3C, 0x22, 0x6F, 0x3B, 0x64, 0x00, 0x76, 0x2C, 0xD0, 0xB5, 0x3C, 0x22,
        0x6F, 0x3B, 0x00, 0x00, 0x73, 0x35, 0x09, 0x5B, 0x00, 0x00, 0x02, 0x00, 0x00, 0x00, 0x53, 0xAE, 0xF6, 0xB6, 0x57, 0x29,
        0x27, 0x3B, 0x64, 0x00, 0x53, 0xAE, 0xF6, 0xB6, 0x57, 0x29, 0x27, 0x3B, 0x02, 0x00, 0x00, 0x00, 0xC6, 0x80, 0x03, 0x80,
        0x22, 0x00, 0x64, 0x00, 0xC6, 0x80, 0x03, 0x80, 0x22, 0x00, 0xD1, 0xAA, 0x4F, 0x2C, 0x00, 0x00, 0x02, 0x00, 0x00, 0x00,
        0x32, 0xB0, 0xBD, 0xB5, 0x74, 0x2E, 0x5A, 0x3B, 0x64, 0x00, 0x32, 0xB0, 0xBD, 0xB5, 0x74, 0x2E, 0x5A, 0x3B, 0x02, 0x00,
        0x00, 0x00, 0xAF, 0x80, 0x08, 0x00, 0x15, 0x00, 0x64, 0x00, 0xAF, 0x80, 0x08, 0x00, 0x15, 0x00, 0x94, 0x77, 0x0F, 0xE8,
        0x00, 0x00, 0x02, 0x00, 0x00, 0x00, 0x03, 0x23, 0x61, 0x2D, 0xC4, 0x27, 0xF8, 0x3B, 0x64, 0x00, 0x03, 0x23, 0x61, 0x2D,
        0xC4, 0x27, 0xF8, 0x3B, 0x00, 0x00, 0x89, 0x7C, 0x4D, 0x2C, 0x00, 0x00, 0x02, 0x00, 0x00, 0x00, 0x6E, 0x1D, 0x40, 0xB0,
        0x85, 0xA0, 0xEE, 0x3B, 0x64, 0x00, 0x6E, 0x1D, 0x40, 0xB0, 0x85, 0xA0, 0xEE, 0x3B, 0x00, 0x00, 0xBC, 0xD7, 0x9B, 0x85,
        0x00, 0x00, 0x02, 0x00, 0x00, 0x00, 0x70, 0x81, 0xF5, 0xB5, 0x6B, 0x00, 0x6D, 0x3B, 0x64, 0x00, 0x70, 0x81, 0xF5, 0xB5,
        0x6B, 0x00, 0x6D, 0x3B, 0x00, 0x00, 0xD1, 0x24, 0x43, 0x3D, 0x00, 0x00, 0x02, 0x00, 0x00, 0x00, 0xEA, 0x00, 0xF7, 0xB7,
        0xCD, 0x00, 0xF0, 0x3A, 0x64, 0x00, 0xEA, 0x00, 0xF7, 0xB7, 0xCD, 0x00, 0xF0, 0x3A, 0x00, 0x00, 0xE4, 0xBB, 0xF3, 0xE5,
        0x00, 0x00, 0x02, 0x00, 0x00, 0x00, 0x44, 0x80, 0xC1, 0xB8, 0x46, 0x00, 0x6F, 0x3A, 0x64, 0x00, 0x44, 0x80, 0xC1, 0xB8,
        0x46, 0x00, 0x6F, 0x3A, 0x00, 0x00, 0x86, 0x6C, 0x11, 0x66, 0x00, 0x00, 0x02, 0x00, 0x00, 0x00, 0x4A, 0x80, 0xEF, 0xB2,
        0x52, 0x00, 0xCF, 0x3B, 0x64, 0x00, 0x4A, 0x80, 0xEF, 0xB2, 0x52, 0x00, 0xCF, 0x3B, 0x00, 0x00, 0xCC, 0x12, 0xD0, 0x40,
        0x00, 0x00, 0x02, 0x00, 0x00, 0x00, 0xCE, 0xA0, 0xD4, 0xAF, 0xE6, 0xA6, 0xF0, 0x3B, 0x64, 0x00, 0xCE, 0xA0, 0xD4, 0xAF,
        0xE6, 0xA6, 0xF0, 0x3B, 0x00, 0x00, 0xBB, 0x42, 0x77, 0x79, 0x00, 0x00, 0x02, 0x00, 0x00, 0x00, 0x66, 0x27, 0x6F, 0xB5,
        0x5F, 0xA7, 0x84, 0x3B, 0x64, 0x00, 0x66, 0x27, 0x6F, 0xB5, 0x5F, 0xA7, 0x84, 0x3B, 0x00, 0x00, 0x7D, 0x97, 0xFF, 0x62,
        0x00, 0x00, 0x02, 0x00, 0x00, 0x00, 0x30, 0x12, 0x95, 0xB6, 0x50, 0x24, 0x4A, 0x3B, 0x64, 0x00, 0x30, 0x12, 0x95, 0xB6,
        0x50, 0x24, 0x4A, 0x3B, 0x00, 0x00, 0x5C, 0xBD, 0x12, 0xC5, 0x00, 0x00, 0x02, 0x00, 0x00, 0x00, 0xFA, 0x25, 0x18, 0xB7,
        0xCA, 0x29, 0x29, 0x3B, 0x64, 0x00, 0xFA, 0x25, 0x18, 0xB7, 0xCA, 0x29, 0x29, 0x3B, 0x00, 0x00, 0xF6, 0x92, 0xB5, 0xD9,
        0x00, 0x00, 0x02, 0x00, 0x00, 0x00, 0xDB, 0xA1, 0xF3, 0xAC, 0x10, 0x22, 0xFA, 0x3B, 0x64, 0x00, 0xDB, 0xA1, 0xF3, 0xAC,
        0x10, 0x22, 0xFA, 0x3B, 0x00, 0x00, 0xE7, 0xE6, 0x83, 0xBC, 0x00, 0x00, 0x02, 0x00, 0x00, 0x00, 0x10, 0x00, 0xB9, 0xB4,
        0x15, 0x00, 0xA5, 0x3B, 0x64, 0x00, 0x10, 0x00, 0xB9, 0xB4, 0x15, 0x00, 0xA5, 0x3B, 0x00, 0x00, 0x7F, 0x12, 0xA9, 0x74,
        0x00, 0x00, 0x02, 0x00, 0x00, 0x00, 0x15, 0x00, 0xBC, 0xB4, 0x4D, 0x80, 0xA4, 0x3B, 0x64, 0x00, 0x15, 0x00, 0xBC, 0xB4,
        0x4D, 0x80, 0xA4, 0x3B, 0x00, 0x00, 0xDB, 0xAB, 0x54, 0xCC, 0x00, 0x00, 0x02, 0x00, 0x00, 0x00, 0x05, 0x80, 0x69, 0xB2,
        0x07, 0x80, 0xD6, 0x3B, 0x64, 0x00, 0x05, 0x80, 0x69, 0xB2, 0x07, 0x80, 0xD6, 0x3B, 0x00, 0x00, 0xBC, 0x59, 0x67, 0xEF,
        0x00, 0x00, 0x02, 0x00, 0x00, 0x00, 0x02, 0x00, 0xD1, 0xB3, 0x02, 0x00, 0xC2, 0x3B, 0x64, 0x00, 0x02, 0x00, 0xD1, 0xB3,
        0x02, 0x00, 0xC2, 0x3B, 0x00, 0x00, 0x25, 0x2A, 0xD9, 0x7B, 0x00, 0x00, 0x02, 0x00, 0x00, 0x00, 0x01, 0x80, 0x74, 0xB3,
        0x04, 0x00, 0xC8, 0x3B, 0x64, 0x00, 0x01, 0x80, 0x74, 0xB3, 0x04, 0x00, 0xC8, 0x3B, 0x00, 0x00, 0x4F, 0x31, 0xD5, 0x6A,
        0x00, 0x00, 0x02, 0x00, 0x00, 0x00, 0x59, 0x23, 0x35, 0xB2, 0x75, 0xA7, 0xD8, 0x3B, 0x64, 0x00, 0x59, 0x23, 0x35, 0xB2,
        0x75, 0xA7, 0xD8, 0x3B, 0x00, 0x00, 0x3B, 0xFD, 0x3F, 0xAA, 0x00, 0x00, 0x02, 0x00, 0x00, 0x00, 0x5A, 0xA9, 0x2D, 0xAE,
        0xA3, 0x28, 0xF3, 0x3B, 0x64, 0x00, 0x5A, 0xA9, 0x2D, 0xAE, 0xA3, 0x28, 0xF3, 0x3B, 0x00, 0x00, 0x54, 0x94, 0x79, 0x0C,
        0x00, 0x00, 0x02, 0x00, 0x00, 0x00, 0xC7, 0x2A, 0x9F, 0xAF, 0xCB, 0xA3, 0xEE, 0x3B, 0x64, 0x00, 0xC7, 0x2A, 0x9F, 0xAF,
        0xCB, 0xA3, 0xEE, 0x3B, 0x00, 0x00, 0x0D, 0x9F, 0x1A, 0x93, 0x00, 0x00, 0x02, 0x00, 0x00, 0x00, 0x84, 0xA5, 0x6D, 0xB3,
        0x10, 0x1D, 0xC8, 0x3B, 0x64, 0x00, 0x84, 0xA5, 0x6D, 0xB3, 0x10, 0x1D, 0xC8, 0x3B, 0x00, 0x00, 0xD5, 0xE3, 0xDC, 0x21,
        0x00, 0x00, 0x02, 0x00, 0x00, 0x00, 0xAE, 0xA0, 0xBE, 0xB1, 0xE9, 0x24, 0xDE, 0x3B, 0x64, 0x00, 0xAE, 0xA0, 0xBE, 0xB1,
        0xE9, 0x24, 0xDE, 0x3B, 0x00, 0x00, 0x15, 0xF1, 0x6F, 0x52, 0x00, 0x00, 0x00, 0x00, 0x02, 0x00, 0x00, 0x00, 0xAE, 0xA0,
        0xA7, 0x67, 0x80, 0x29, 0x55, 0xA8, 0x06, 0x17, 0x8C, 0x7E, 0x4E, 0x30, 0x64, 0x00, 0xAE, 0xA0, 0xA7, 0x67, 0x80, 0x29,
        0x55, 0xA8, 0x06, 0x17, 0x8C, 0x7E, 0x4E, 0x30, 0xB8, 0xE7, 0x9A, 0xE1, 0x00, 0x00, 0x02, 0x00, 0x00, 0x00, 0x02, 0x80,
        0x13, 0x00, 0x86, 0x30, 0xEB, 0x3B, 0x64, 0x00, 0x02, 0x80, 0x13, 0x00, 0x86, 0x30, 0xEB, 0x3B, 0x02, 0x00, 0x00, 0x00,
        0x03, 0x80, 0x5F, 0x24, 0x4F, 0x3C, 0xBB, 0x45, 0x60, 0xBF, 0x87, 0xD4, 0x0B, 0xB3, 0x64, 0x00, 0x03, 0x80, 0x5F, 0x24,
        0x4F, 0x3C, 0xBB, 0x45, 0x60, 0xBF, 0x87, 0xD4, 0x0B, 0xB3, 0xB0, 0x4D, 0xDA, 0xDC, 0x00, 0x00, 0x00, 0x00, 0x02, 0x00,
        0x00, 0x00, 0x03, 0x80, 0x88, 0x60, 0x34, 0x35, 0xF4, 0x35, 0xAD, 0xBF, 0x5E, 0x29, 0xC6, 0xBE, 0x64, 0x00, 0x03, 0x80,
        0x88, 0x60, 0x34, 0x35, 0xF4, 0x35, 0xAD, 0xBF, 0x5E, 0x29, 0xC6, 0xBE, 0xC4, 0x3F, 0xC6, 0xA6, 0x00, 0x00, 0x00, 0x00,
        0x02, 0x00, 0x00, 0x00, 0x03, 0x80, 0x3B, 0xB2, 0x33, 0x35, 0xF4, 0x35, 0xAD, 0xBF, 0x5E, 0x29, 0xC6, 0xBE, 0x64, 0x00,
        0x03, 0x80, 0x3B, 0xB2, 0x33, 0x35, 0xF4, 0x35, 0xAD, 0xBF, 0x5E, 0x29, 0xC6, 0xBE, 0x86, 0xA8, 0x1D, 0x7E, 0x00, 0x00,
        0x00, 0x00, 0x02, 0x00, 0x00, 0x00, 0x03, 0x80, 0x4A, 0x99, 0x13, 0x35, 0xF4, 0x35, 0xAD, 0xBF, 0x5E, 0x29, 0xC6, 0xBE,
        0x64, 0x00, 0x03, 0x80, 0x4A, 0x99, 0x13, 0x35, 0xF4, 0x35, 0xAD, 0xBF, 0x5E, 0x29, 0xC6, 0xBE, 0x9A, 0x2B, 0x9A, 0xD6,
        0x00, 0x00, 0x00, 0x00, 0x02, 0x00, 0x00, 0x00, 0x03, 0x80, 0x15, 0x6C, 0x08, 0x35, 0xF4, 0x35, 0xAD, 0xBF, 0x5E, 0x29,
        0xC6, 0xBE, 0x64, 0x00, 0x03, 0x80, 0x15, 0x6C, 0x08, 0x35, 0xF4, 0x35, 0xAD, 0xBF, 0x5E, 0x29, 0xC6, 0xBE,
    };
    inline constexpr uint8_t kLeanRunfastLod[] = {
        0x50, 0x41, 0x52, 0x20, 0x02, 0x03, 0x00, 0x01, 0x02, 0x03, 0x04, 0x05, 0x06, 0x07, 0x08, 0x09, 0x9F, 0x01, 0x00, 0x00,
        0x79, 0xB8, 0xB3, 0x92, 0x00, 0x00, 0x80, 0x3F, 0x00, 0x00, 0x80, 0x3F, 0x00, 0x00, 0x80, 0x3F, 0x1F, 0x00, 0x00, 0xB0,
        0xF1, 0xE2, 0x35, 0xB4, 0xE6, 0xEF, 0x7F, 0xB4, 0x00, 0x00, 0x80, 0x3F, 0x17, 0xA9, 0x1F, 0xB3, 0xF4, 0x35, 0xAD, 0x3F,
        0x5E, 0x29, 0xC6, 0x3E, 0x00, 0x00, 0x80, 0x3F, 0x00, 0x00, 0x80, 0x3F, 0x00, 0x00, 0x80, 0x3F, 0x1F, 0x00, 0x00, 0xB0,
        0xF1, 0xE2, 0x35, 0xB4, 0xE6, 0xEF, 0x7F, 0xB4, 0x00, 0x00, 0x80, 0x3F, 0xF0, 0xC3, 0x23, 0xB3, 0xFC, 0xA9, 0xB1, 0x3F,
        0x9E, 0x41, 0xCB, 0x3E, 0x71, 0xE5, 0x78, 0x3F, 0x55, 0x55, 0x55, 0x40, 0x05, 0x00, 0x00, 0x00, 0x1F, 0x00, 0x06, 0x00,
        0x00, 0x00, 0x00, 0x00, 0x3A, 0x02, 0x00, 0x00, 0xF3, 0x58, 0x16, 0x21, 0x00, 0x02, 0x00, 0x0F, 0xD6, 0xFA, 0x2E, 0x11,
        0x0F, 0xD6, 0xFA, 0x2E, 0x02, 0x00, 0xF3, 0x05, 0x0A, 0x11, 0xF3, 0x05, 0x0A, 0x45, 0x7B, 0xD9, 0x24, 0x00, 0x02, 0x00,
        0xFA, 0x39, 0xFF, 0x1D, 0x11, 0xFA, 0x39, 0xFF, 0x1D, 0x00, 0x24, 0xC1, 0x83, 0x25, 0x00, 0x02, 0x00, 0x00, 0x00, 0x00,
        0x40, 0x11, 0x00, 0x00, 0x00, 0x40, 0x00, 0x4F, 0x1C, 0xB8, 0x2F, 0x02, 0x00, 0x20, 0x20, 0x20, 0x11, 0x20, 0x20, 0x20,
        0x02, 0x00, 0x07, 0x0D, 0xD8, 0x30, 0x11, 0x07, 0x0D, 0xD8, 0x30, 0x00, 0x38, 0xB9, 0x77, 0x37, 0x00, 0x02, 0x00, 0x00,
        0x00, 0x00, 0x40, 0x11, 0x00, 0x00, 0x00, 0x40, 0x02, 0x00, 0xFE, 0x00, 0x00, 0x11, 0xFE, 0x00, 0x00, 0x3A, 0x9A, 0x73,
        0x3C, 0x00, 0x02, 0x00, 0x00, 0x00, 0x00, 0x40, 0x11, 0x00, 0x00, 0x00, 0x40, 0x02, 0x00, 0x00, 0x00, 0x00, 0x11, 0x00,
        0x00, 0x00, 0xCB, 0x19, 0xC4, 0x44, 0x00, 0x02, 0x00, 0x01, 0x29, 0x01, 0x31, 0x11, 0x01, 0x29, 0x01, 0x31, 0x02, 0x00,
        0x00, 0x00, 0x00, 0x11, 0x00, 0x00, 0x00, 0x90, 0x23, 0xD1, 0x50, 0x00, 0x02, 0x00, 0xFD, 0x00, 0x00, 0x40, 0x11, 0xFD,
        0x00, 0x00, 0x40, 0x02, 0x00, 0x00, 0x00, 0x00, 0x11, 0x00, 0x00, 0x00, 0xF5, 0x6C, 0x40, 0x51, 0x00, 0x02, 0x00, 0xF1,
        0x12, 0x25, 0x2E, 0x11, 0xF1, 0x12, 0x25, 0x2E, 0x00, 0x73, 0x68, 0x81, 0x53, 0x00, 0x02, 0x00, 0x03, 0x30, 0x04, 0x2A,
        0x11, 0x03, 0x30, 0x04, 0x2A, 0x02, 0x00, 0x00, 0x00, 0x00, 0x11, 0x00, 0x00, 0x00, 0x02, 0x4D, 0x31, 0x59, 0x00, 0x02,
        0x00, 0x00, 0x2E, 0x00, 0x2D, 0x11, 0x00, 0x2E, 0x00, 0x2D, 0x00, 0x6F, 0x4D, 0x66, 0x67, 0x00, 0x02, 0x00, 0x00, 0x00,
        0x00, 0x40, 0x11, 0x00, 0x00, 0x00, 0x40, 0x00, 0x34, 0xF4, 0x5D, 0x9B, 0x00, 0x02, 0x00, 0xFF, 0x32, 0x06, 0x27, 0x11,
        0xFF, 0x32, 0x06, 0x27, 0x00, 0x8E, 0x28, 0x3A, 0xA2, 0x00, 0x02, 0x00, 0x01, 0x16, 0xFF, 0x3C, 0x11, 0x01, 0x16, 0xFF,
        0x3C, 0x02, 0x00, 0x00, 0x00, 0x00, 0x11, 0x00, 0x00, 0x00, 0x77, 0x26, 0x80, 0xAB, 0x00, 0x02, 0x00, 0x00, 0x34, 0x00,
        0x26, 0x11, 0x00, 0x34, 0x00, 0x26, 0x00, 0x60, 0x60, 0xA3, 0xB1, 0x00, 0x02, 0x00, 0xFE, 0xFD, 0x3C, 0xEB, 0x11, 0xFE,
        0xFD, 0x3C, 0xEB, 0x02, 0x00, 0x02, 0x00, 0x00, 0x11, 0x02, 0x00, 0x00, 0x14, 0xB3, 0x40, 0xB4, 0x00, 0x02, 0x00, 0x00,
        0x05, 0x00, 0x40, 0x11, 0x00, 0x05, 0x00, 0x40, 0x00, 0x37, 0x13, 0x1D, 0xBC, 0x00, 0x02, 0x00, 0xFC, 0xEF, 0xFA, 0x3D,
        0x11, 0xFC, 0xEF, 0xFA, 0x3D, 0x00, 0x04, 0x5A, 0x35, 0xBF, 0x00, 0x02, 0x00, 0x00, 0x00, 0x00, 0x40, 0x11, 0x00, 0x00,
        0x00, 0x40, 0x02, 0x00, 0x00, 0x00, 0x00, 0x11, 0x00, 0x00, 0x00, 0x24, 0xF7, 0x51, 0xC4, 0x00, 0x02, 0x00, 0x40, 0x02,
        0x02, 0xFF, 0x11, 0x40, 0x02, 0x02, 0xFF, 0x02, 0x00, 0x02, 0x00, 0x00, 0x11, 0x02, 0x00, 0x00, 0x0D, 0x91, 0xFA, 0xCC,
        0x00, 0x02, 0x00, 0xFE, 0xED, 0x00, 0x3D, 0x11, 0xFE, 0xED, 0x00, 0x3D, 0x02, 0x00, 0x00, 0x00, 0x00, 0x11, 0x00, 0x00,
        0x00, 0x09, 0x91, 0x7D, 0xD1, 0x00, 0x02, 0x00, 0x08, 0xEF, 0x09, 0x3D, 0x11, 0x08, 0xEF, 0x09, 0x3D, 0x00, 0xC9, 0x0A,
        0xE9, 0xD2, 0x00, 0x02, 0x00, 0x00, 0xF1, 0x00, 0x3E, 0x11, 0x00, 0xF1, 0x00, 0x3E, 0x02, 0x00, 0x00, 0x00, 0x00, 0x11,
        0x00, 0x00, 0x00, 0xFA, 0xE9, 0x39, 0xD4, 0x00, 0x02, 0x00, 0x01, 0x16, 0x00, 0x3C, 0x11, 0x01, 0x16, 0x00, 0x3C, 0x02,
        0x00, 0x00, 0x00, 0x00, 0x11, 0x00, 0x00, 0x00, 0x66, 0x9D, 0xAB, 0xD9, 0x00, 0x02, 0x00, 0x00, 0xE4, 0xFF, 0x39, 0x11,
        0x00, 0xE4, 0xFF, 0x39, 0x02, 0x00, 0x00, 0x00, 0x00, 0x11, 0x00, 0x00, 0x00, 0xF3, 0x07, 0x9C, 0xDD, 0x00, 0x02, 0x00,
        0x00, 0x0A, 0x02, 0x3F, 0x11, 0x00, 0x0A, 0x02, 0x3F, 0x00, 0xCB, 0xCC, 0x3F, 0xDE, 0x00, 0x02, 0x00, 0x00, 0x03, 0x01,
        0x40, 0x11, 0x00, 0x03, 0x01, 0x40, 0x00, 0x7C, 0x78, 0xA5, 0xF4, 0x00, 0x02, 0x00, 0xFD, 0xFE, 0xF8, 0x3F, 0x11, 0xFD,
        0xFE, 0xF8, 0x3F, 0x00, 0xD4, 0x62, 0x52, 0xF6, 0x00, 0x02, 0x00, 0x00, 0x00, 0x00, 0x40, 0x11, 0x00, 0x00, 0x00, 0x40,
        0x02, 0x00, 0x00, 0x00, 0x00, 0x11, 0x00, 0x00, 0x00, 0xC6, 0x58, 0x95, 0xF7, 0x00, 0x02, 0x00, 0x00, 0x00, 0x00, 0x40,
        0x11, 0x00, 0x00, 0x00, 0x40, 0x02, 0x00, 0x00, 0x00, 0x00, 0x11, 0x00, 0x00, 0x00, 0x7B, 0x30, 0x4E, 0xFD, 0x00, 0x02,
        0x00, 0x02, 0x00, 0x00, 0x40, 0x11, 0x02, 0x00, 0x00, 0x40, 0x02, 0x00, 0x00, 0x00, 0x00, 0x11, 0x00, 0x00, 0x00, 0x15,
        0xF1, 0x6F, 0x52, 0x00, 0x00, 0x00, 0x00, 0x02, 0x00, 0x00, 0x00, 0x00, 0x00, 0x00, 0x00, 0x00, 0x00, 0x64, 0x00, 0x00,
        0x00, 0x00, 0x00, 0x00, 0x00, 0x86, 0xA8, 0x1D, 0x7E, 0x00, 0x00, 0x00, 0x00, 0x02, 0x00, 0x00, 0x00, 0x09, 0x00, 0x6A,
        0xBD, 0x31, 0xB6, 0x64, 0x00, 0x09, 0x00, 0x6A, 0xBD, 0x31, 0xB6, 0xC4, 0x3F, 0xC6, 0xA6, 0x00, 0x00, 0x00, 0x00, 0x02,
        0x00, 0x00, 0x00, 0x0B, 0x00, 0x6A, 0xBD, 0x31, 0xB6, 0x64, 0x00, 0x0B, 0x00, 0x6A, 0xBD, 0x31, 0xB6, 0x9A, 0x2B, 0x9A,
        0xD6, 0x00, 0x00, 0x00, 0x00, 0x02, 0x00, 0x00, 0x00, 0x09, 0x00, 0x6A, 0xBD, 0x31, 0xB6, 0x64, 0x00, 0x09, 0x00, 0x6A,
        0xBD, 0x31, 0xB6, 0xB0, 0x4D, 0xDA, 0xDC, 0x00, 0x00, 0x00, 0x00, 0x02, 0x00, 0x00, 0x00, 0x0B, 0x00, 0x6A, 0xBD, 0x31,
        0xB6, 0x64, 0x00, 0x0B, 0x00, 0x6A, 0xBD, 0x31, 0xB6, 0xB8, 0xE7, 0x9A, 0xE1, 0x00, 0x00, 0x02, 0x00, 0x00, 0x00, 0x02,
        0x80, 0x13, 0x00, 0x86, 0x30, 0xEB, 0x3B, 0x64, 0x00, 0x02, 0x80, 0x13, 0x00, 0x86, 0x30, 0xEB, 0x3B, 0x02, 0x00, 0x00,
        0x00, 0x79, 0x22, 0x02, 0xBB, 0x01, 0x80, 0x64, 0x00, 0x79, 0x22, 0x02, 0xBB, 0x01, 0x80,
    };

    struct BroomClip
    {
        const char* path;
        const char* standIn;
        const uint8_t* data;
        size_t size;
    };

    inline constexpr BroomClip kBroomClips[] = {
        { "character/motion/4_riding/cd_r0032_00_broom/cd_rd_broom_basic_00_00_nor_std_takeoff_00.paa", "character/motion/4_riding/cd_r0032_00_broom/cd_rd_broom_basic_00_00_nor_std_idle_01.paa", kTakeoffClip, sizeof kTakeoffClip },
        { "character/motion/motion_lod__/4_riding/cd_r0032_00_broom/cd_rd_broom_basic_00_00_nor_std_takeoff_00_lod.paa", "character/motion/motion_lod__/4_riding/cd_r0032_00_broom/cd_rd_broom_basic_00_00_nor_std_idle_01_lod.paa", kTakeoffLod, sizeof kTakeoffLod },
        { "actionchart/bin__/animmeta/4_riding/cd_r0032_00_broom/cd_rd_broom_basic_00_00_nor_std_takeoff_00.paa_metabin", "actionchart/bin__/animmeta/4_riding/cd_r0032_00_broom/cd_rd_broom_basic_00_00_nor_std_idle_01.paa_metabin", kTakeoffMeta, sizeof kTakeoffMeta },
        { "character/motion/1_pc/1_phm/00_riding/cd_phm_rd_broom_basic_00_00_nor_std_takeoff_00.paa", "character/motion/1_pc/1_phm/00_riding/cd_phm_rd_broom_basic_00_00_nor_std_idle_01.paa", kPushOffClip, sizeof kPushOffClip },
        { "character/motion/motion_lod__/1_pc/1_phm/00_riding/cd_phm_rd_broom_basic_00_00_nor_std_takeoff_00_lod.paa", "character/motion/motion_lod__/1_pc/1_phm/00_riding/cd_phm_rd_broom_basic_00_00_nor_std_idle_01_lod.paa", kPushOffLod, sizeof kPushOffLod },
        { "actionchart/bin__/animmeta/1_pc/1_phm/00_riding/cd_phm_rd_broom_basic_00_00_nor_std_takeoff_00.paa_metabin", "actionchart/bin__/animmeta/1_pc/1_phm/00_riding/cd_phm_rd_broom_basic_00_00_nor_std_idle_01.paa_metabin", kPushOffMeta, sizeof kPushOffMeta },
        { "character/motion/4_riding/cd_r0032_00_broom/cd_rd_broom_basic_00_00_nor_std_idle_01.paa", nullptr, kHoverClip, sizeof kHoverClip },
        { "character/motion/motion_lod__/4_riding/cd_r0032_00_broom/cd_rd_broom_basic_00_00_nor_std_idle_01_lod.paa", nullptr, kHoverLod, sizeof kHoverLod },
        { "character/motion/1_pc/1_phm/00_riding/cd_phm_rd_broom_basic_00_00_nor_move_walk_f_ing_00.paa", nullptr, kLeanWalkClip, sizeof kLeanWalkClip },
        { "character/motion/motion_lod__/1_pc/1_phm/00_riding/cd_phm_rd_broom_basic_00_00_nor_move_walk_f_ing_00_lod.paa", nullptr, kLeanWalkLod, sizeof kLeanWalkLod },
        { "character/motion/1_pc/1_phm/00_riding/cd_phm_rd_broom_basic_00_00_nor_move_walkfast_f_ing_00.paa", nullptr, kLeanWalkfastClip, sizeof kLeanWalkfastClip },
        { "character/motion/motion_lod__/1_pc/1_phm/00_riding/cd_phm_rd_broom_basic_00_00_nor_move_walkfast_f_ing_00_lod.paa", nullptr, kLeanWalkfastLod, sizeof kLeanWalkfastLod },
        { "character/motion/1_pc/1_phm/00_riding/cd_phm_rd_broom_basic_00_00_nor_move_run_f_ing_00.paa", nullptr, kLeanRunClip, sizeof kLeanRunClip },
        { "character/motion/motion_lod__/1_pc/1_phm/00_riding/cd_phm_rd_broom_basic_00_00_nor_move_run_f_ing_00_lod.paa", nullptr, kLeanRunLod, sizeof kLeanRunLod },
        { "character/motion/1_pc/1_phm/00_riding/cd_phm_rd_broom_basic_00_00_nor_move_runfast_f_ing_00.paa", nullptr, kLeanRunfastClip, sizeof kLeanRunfastClip },
        { "character/motion/motion_lod__/1_pc/1_phm/00_riding/cd_phm_rd_broom_basic_00_00_nor_move_runfast_f_ing_00_lod.paa", nullptr, kLeanRunfastLod, sizeof kLeanRunfastLod },
        { "character/motion/4_riding/cd_r0032_00_broom/cd_rd_broom_basic_00_00_nor_move_walk_f_ing_00.paa", nullptr, kSteadyClip, sizeof kSteadyClip },
        { "character/motion/motion_lod__/4_riding/cd_r0032_00_broom/cd_rd_broom_basic_00_00_nor_move_walk_f_ing_00_lod.paa", nullptr, kSteadyLod, sizeof kSteadyLod },
        { "actionchart/bin__/animmeta/4_riding/cd_r0032_00_broom/cd_rd_broom_basic_00_00_nor_move_walk_f_ing_00.paa_metabin", nullptr, kIdleMeta, sizeof kIdleMeta },
        { "actionchart/bin__/animmeta/1_pc/1_phm/00_riding/cd_phm_rd_broom_basic_00_00_nor_move_walk_f_ing_00.paa_metabin", nullptr, kKliffIdleMeta, sizeof kKliffIdleMeta },
        { "character/motion/4_riding/cd_r0032_00_broom/cd_rd_broom_basic_00_00_nor_move_walkfast_f_ing_00.paa", nullptr, kSteadyClip, sizeof kSteadyClip },
        { "character/motion/motion_lod__/4_riding/cd_r0032_00_broom/cd_rd_broom_basic_00_00_nor_move_walkfast_f_ing_00_lod.paa", nullptr, kSteadyLod, sizeof kSteadyLod },
        { "actionchart/bin__/animmeta/4_riding/cd_r0032_00_broom/cd_rd_broom_basic_00_00_nor_move_walkfast_f_ing_00.paa_metabin", nullptr, kIdleMeta, sizeof kIdleMeta },
        { "actionchart/bin__/animmeta/1_pc/1_phm/00_riding/cd_phm_rd_broom_basic_00_00_nor_move_walkfast_f_ing_00.paa_metabin", nullptr, kKliffIdleMeta, sizeof kKliffIdleMeta },
        { "character/motion/4_riding/cd_r0032_00_broom/cd_rd_broom_basic_00_00_nor_move_run_f_ing_00.paa", nullptr, kSteadyClip, sizeof kSteadyClip },
        { "character/motion/motion_lod__/4_riding/cd_r0032_00_broom/cd_rd_broom_basic_00_00_nor_move_run_f_ing_00_lod.paa", nullptr, kSteadyLod, sizeof kSteadyLod },
        { "actionchart/bin__/animmeta/4_riding/cd_r0032_00_broom/cd_rd_broom_basic_00_00_nor_move_run_f_ing_00.paa_metabin", nullptr, kIdleMeta, sizeof kIdleMeta },
        { "actionchart/bin__/animmeta/1_pc/1_phm/00_riding/cd_phm_rd_broom_basic_00_00_nor_move_run_f_ing_00.paa_metabin", nullptr, kKliffIdleMeta, sizeof kKliffIdleMeta },
        { "character/motion/4_riding/cd_r0032_00_broom/cd_rd_broom_basic_00_00_nor_move_runfast_f_ing_00.paa", nullptr, kSteadyClip, sizeof kSteadyClip },
        { "character/motion/motion_lod__/4_riding/cd_r0032_00_broom/cd_rd_broom_basic_00_00_nor_move_runfast_f_ing_00_lod.paa", nullptr, kSteadyLod, sizeof kSteadyLod },
        { "actionchart/bin__/animmeta/4_riding/cd_r0032_00_broom/cd_rd_broom_basic_00_00_nor_move_runfast_f_ing_00.paa_metabin", nullptr, kIdleMeta, sizeof kIdleMeta },
        { "actionchart/bin__/animmeta/1_pc/1_phm/00_riding/cd_phm_rd_broom_basic_00_00_nor_move_runfast_f_ing_00.paa_metabin", nullptr, kKliffIdleMeta, sizeof kKliffIdleMeta },
        { "character/motion/1_pc/1_phm/00_riding/cd_phm_rd_broom_basic_00_00_nor_move_walkfast_f_75u_ing_00.paa", nullptr, kKliffIdleClip, sizeof kKliffIdleClip },
        { "character/motion/motion_lod__/1_pc/1_phm/00_riding/cd_phm_rd_broom_basic_00_00_nor_move_walkfast_f_75u_ing_00_lod.paa", nullptr, kKliffIdleLod, sizeof kKliffIdleLod },
        { "actionchart/bin__/animmeta/1_pc/1_phm/00_riding/cd_phm_rd_broom_basic_00_00_nor_move_walkfast_f_75u_ing_00.paa_metabin", nullptr, kKliffIdleMeta, sizeof kKliffIdleMeta },
        { "character/motion/1_pc/1_phm/00_riding/cd_phm_rd_broom_basic_00_00_nor_move_walkfast_f_75d_ing_00.paa", nullptr, kKliffIdleClip, sizeof kKliffIdleClip },
        { "character/motion/motion_lod__/1_pc/1_phm/00_riding/cd_phm_rd_broom_basic_00_00_nor_move_walkfast_f_75d_ing_00_lod.paa", nullptr, kKliffIdleLod, sizeof kKliffIdleLod },
        { "actionchart/bin__/animmeta/1_pc/1_phm/00_riding/cd_phm_rd_broom_basic_00_00_nor_move_walkfast_f_75d_ing_00.paa_metabin", nullptr, kKliffIdleMeta, sizeof kKliffIdleMeta },
    };
}
